EF_RS16195	44	100.0	738	0	0	1	738	9911	9174	0.0	1363.0
EF_RS16405	130	100.0	1121	0	0	1	1121	1121	1	0.0	2071.0
LSL_RS09835	57	99.12700000000001	573	5	0	1	573	12350	11778	0.0	1031.0
LSL_RS09840	57	98.44	705	11	0	1	705	11633	10929	0.0	1242.0
LSL_RS09855	57	97.009	234	7	0	1	234	9366	9133	1.0999999999999998e-110	394.0
LSL_RS09860	57	98.215	1905	34	0	1	1905	8935	7031	0.0	3330.0
MCCL_RS11315	44	99.59299999999999	738	3	0	1	738	9911	9174	0.0	1347.0
LCK_RS09245	17	97.992	498	10	0	1	498	46402	45905	0.0	865.0
HN6_RS10010	57	99.302	573	4	0	1	573	12350	11778	0.0	1037.0
HN6_RS10015	57	98.58200000000001	705	9	1	1	704	11633	10929	0.0	1245.0
HN6_RS10040	57	98.478	1905	29	0	1	1905	8935	7031	0.0	3358.0
HMPREF0351_RS13055	89	99.926	1343	1	0	35	1377	541	1883	0.0	2475.0
HMPREF0351_RS13075	55	99.79899999999999	498	1	0	1	498	12119	12616	0.0	915.0
HMPREF0351_RS13080	125	99.484	1163	2	3	1	1159	76	1238	0.0	2111.0
HMPREF0351_RS13090	55	99.60799999999999	255	1	0	1	255	11490	11744	2.529999999999999e-132	466.0
HMPREF0351_RS13135	89	100.0	1263	0	0	1	1263	2447	3709	0.0	2333.0
HMPREF0351_RS13140	89	99.883	855	1	0	1	855	3954	4808	0.0	1574.0
HMPREF0351_RS13160	32	100.0	315	0	0	1	315	14592	14278	3.009999999999999e-167	582.0
HMPREF0351_RS13165	32	100.0	387	0	0	1	387	14262	13876	0.0	715.0
HMPREF0351_RS13170	32	99.928	1386	1	0	1	1386	13847	12462	0.0	2555.0
HMPREF0351_RS13175	32	98.70100000000001	154	1	1	1	153	12459	12306	3.3399999999999994e-74	272.0
HMPREF0351_RS13180	32	100.0	1206	0	0	1	1206	12283	11078	0.0	2228.0
HMPREF0351_RS13185	32	100.0	1911	0	0	1	1911	10294	8384	0.0	3530.0
HMPREF0351_RS13190	32	100.0	225	0	0	1	225	8280	8056	2.2499999999999995e-117	416.0
HMPREF0351_RS13195	32	96.586	498	17	0	1	498	7939	7442	0.0	826.0
HMPREF0351_RS13200	32	95.257	506	20	4	3	507	7465	6963	0.0	798.0
HMPREF0351_RS13205	32	95.956	2448	99	0	1	2448	6979	4532	0.0	3973.0
HMPREF0351_RS13225	32	96.581	117	4	0	1	117	174	58	5.49e-51	195.0
HMPREF0351_RS13245	65	100.0	198	0	0	1	198	682	879	1.9999999999999995e-102	366.0
HMPREF0351_RS13250	65	100.0	540	0	0	1	540	907	1446	0.0	998.0
HMPREF0351_RS15020	65	99.415	171	1	0	1	171	1462	1632	8.049999999999998e-86	311.0
HMPREF0351_RS13255	65	98.485	462	7	0	1	462	2405	1944	0.0	815.0
HMPREF0351_RS13260	65	99.2	375	3	0	1	375	2538	2912	0.0	676.0
HMPREF0351_RS13265	65	99.71799999999999	2127	6	0	1	2127	2966	5092	0.0	3895.0
HMPREF0351_RS13270	65	99.839	621	1	0	1	621	5089	5709	0.0	1142.0
HMPREF0351_RS15025	65	99.275	138	1	0	1	138	5823	5960	1.3899999999999997e-67	250.0
HMPREF0351_RS13275	65	96.85	381	12	0	1	381	6402	6782	0.0	638.0
HMPREF0351_RS13280	65	99.016	915	9	0	1	915	6764	7678	0.0	1640.0
HMPREF0351_RS13285	65	99.42	690	4	0	1	690	7918	8607	0.0	1253.0
HMPREF0351_RS13300	125	99.259	270	2	0	1	270	76	345	5.7299999999999984e-139	488.0
HMPREF0351_RS13505	44	99.23100000000001	260	2	0	2	261	10787	10528	1.9999999999999997e-133	470.0
HMPREF0351_RS13510	44	99.86399999999999	738	1	0	1	738	9911	9174	0.0	1358.0
HMPREF0351_RS13520	44	100.0	168	0	0	1	168	10408	10241	7.889999999999999e-86	311.0
HMPREF0351_RS13525	44	100.0	189	0	0	1	189	10716	10528	1.9099999999999996e-97	350.0
HMPREF0351_RS13540	118	100.0	1188	0	0	1	1188	1358	171	0.0	2194.0
HMPREF0351_RS13570	104	97.859	327	7	0	1	327	1625	1299	3.149999999999999e-162	566.0
HMPREF0351_RS13575	104	99.74700000000001	789	2	0	1	789	2400	1612	0.0	1447.0
HMPREF0351_RS13585	124	97.77799999999999	180	4	0	1	180	479	300	8.529999999999998e-86	311.0
HMPREF0351_RS13620	133	96.667	180	6	0	1	180	761	582	1.8499999999999995e-82	300.0
HMPREF0351_RS13650	66	96.03	1461	58	0	1	1461	2440	3900	0.0	2377.0
HMPREF0351_RS13650	52	95.14399999999999	1462	69	2	1	1461	6907	5447	0.0	2305.0
HMPREF0351_RS13670	52	95.917	1592	62	1	1	1592	12042	10454	0.0	2577.0
HMPREF0351_RS13695	87	99.56700000000001	231	1	0	1	231	2937	2707	4.979999999999999e-119	422.0
HMPREF0351_RS13700	87	98.389	807	13	0	1	807	3766	2960	0.0	1419.0
HMPREF0351_RS13700	52	96.654	807	27	0	1	807	14365	13559	0.0	1341.0
HMPREF0351_RS13705	52	98.605	645	9	0	1	645	15020	14376	0.0	1142.0
HMPREF0351_RS13705	87	98.45	645	10	0	1	645	4421	3777	0.0	1136.0
HMPREF0351_RS13720	110	95.118	594	29	0	1	594	1218	1811	0.0	937.0
HMPREF0351_RS13725	110	99.09899999999999	333	3	0	1	333	885	1217	3.169999999999999e-172	599.0
HMPREF0351_RS13725	113	97.29700000000001	333	9	0	1	333	752	1084	3.2099999999999984e-162	566.0
HMPREF0351_RS13750	191	99.177	243	2	0	1	243	355	113	5.219999999999999e-124	438.0
HMPREF0351_RS13755	90	99.775	444	1	0	1	444	4317	4760	0.0	815.0
HMPREF0351_RS13760	90	99.76100000000001	2091	5	0	1	2091	2200	4290	0.0	3834.0
HMPREF0351_RS13765	90	100.0	261	0	0	1	261	1943	2203	2.5699999999999995e-137	483.0
HMPREF0351_RS13770	90	99.868	756	1	0	1	756	1175	1930	0.0	1391.0
HMPREF0351_RS13775	90	99.867	753	1	0	1	753	407	1159	0.0	1386.0
HMPREF0351_RS13790	171	99.48700000000001	195	1	0	1	195	370	176	4.249999999999999e-99	355.0
HMPREF0351_RS13810	80	100.0	1041	0	0	1	1041	2109	1069	0.0	1923.0
HMPREF0351_RS15190	80	100.0	141	0	0	1	141	3999	4139	6.589999999999999e-71	261.0
HMPREF0351_RS13825	80	99.60799999999999	255	1	0	1	255	4399	4653	2.529999999999999e-132	466.0
HMPREF0351_RS13830	80	99.686	318	1	0	1	318	4654	4971	3.0399999999999985e-167	582.0
HMPREF0351_RS13880	63	99.76	417	1	0	1	417	976	1392	0.0	765.0
HMPREF0351_RS13885	63	100.0	471	0	0	1	471	1389	1859	0.0	870.0
HMPREF0351_RS13890	63	100.0	774	0	0	1	774	1873	2646	0.0	1430.0
HMPREF0351_RS13895	63	100.0	813	0	0	1	813	2660	3472	0.0	1502.0
HMPREF0351_RS13900	63	100.0	966	0	0	1	966	3526	4491	0.0	1784.0
HMPREF0351_RS13905	63	100.0	2724	0	0	1	2724	4607	7330	0.0	5031.0
HMPREF0351_RS13910	63	99.84200000000001	633	1	0	1	633	7343	7975	0.0	1164.0
HMPREF0351_RS13915	108	100.0	1548	0	0	1	1548	1625	78	0.0	2859.0
HMPREF0351_RS13920	108	100.0	354	0	0	1	354	2080	1727	0.0	654.0
HMPREF0351_RS13925	108	100.0	195	0	0	1	195	2264	2070	9.129999999999998e-101	361.0
HMPREF0351_RS13930	63	100.0	795	0	0	1	795	8874	9668	0.0	1469.0
HMPREF0351_RS13940	126	100.0	1185	0	0	1	1185	1185	1	0.0	2189.0
HMPREF0351_RS13945	24	98.82	763	9	0	12	774	32461	33223	0.0	1360.0
HMPREF0351_RS13950	79	100.0	1188	0	0	1	1188	706	1893	0.0	2194.0
HMPREF0351_RS13955	79	100.0	969	0	0	1	969	2626	3594	0.0	1790.0
HMPREF0351_RS13960	79	99.87700000000001	816	1	0	1	816	3605	4420	0.0	1502.0
HMPREF0351_RS13965	79	100.0	711	0	0	1	711	4488	5198	0.0	1314.0
HMPREF0351_RS15195	118	99.54	652	0	3	1	651	820	171	0.0	1184.0
HMPREF0351_RS15200	118	99.686	636	1	1	1	636	1358	724	0.0	1162.0
HMPREF0351_RS13980	109	99.65299999999999	288	1	0	1	288	92	379	1.2999999999999996e-150	527.0
HMPREF0351_RS13985	109	100.0	1401	0	0	1	1401	427	1827	0.0	2588.0
HMPREF0351_RS14000	58	100.0	198	0	0	1	198	9	206	1.9999999999999995e-102	366.0
HMPREF0351_RS14005	58	100.0	330	0	0	1	330	283	612	1.4499999999999997e-175	610.0
HMPREF0351_RS14010	58	100.0	288	0	0	1	288	602	889	2.7899999999999993e-152	532.0
HMPREF0351_RS14015	58	99.883	858	1	0	1	858	1175	2032	0.0	1580.0
HMPREF0351_RS14020	58	99.818	549	1	0	1	549	2033	2581	0.0	1009.0
HMPREF0351_RS14070	58	99.89200000000001	1845	2	0	1	1845	5070	6914	0.0	3397.0
HMPREF0351_RS14075	58	100.0	1467	0	0	1	1467	6970	8436	0.0	2710.0
HMPREF0351_RS14080	58	99.881	843	1	0	1	843	8473	9315	0.0	1552.0
HMPREF0351_RS14085	116	99.23	1299	7	3	1	1299	1381	86	0.0	2340.0
HMPREF0351_RS14110	125	99.914	1163	1	0	1	1163	76	1238	0.0	2143.0
HMPREF0351_RS14120	46	99.829	1170	2	0	1	1170	14797	13628	0.0	2150.0
HMPREF0351_RS14125	46	100.0	861	0	0	1	861	15035	15895	0.0	1591.0
HMPREF0351_RS14130	46	100.0	828	0	0	1	828	15907	16734	0.0	1530.0
HMPREF0351_RS14135	46	99.882	849	1	0	1	849	16749	17597	0.0	1563.0
HMPREF0351_RS14140	46	100.0	396	0	0	1	396	17607	18002	0.0	732.0
HMPREF0351_RS14165	46	98.53399999999999	614	9	0	1	614	9372	8759	0.0	1085.0
HMPREF0351_RS14175	108	99.74	384	1	0	1	384	2080	1697	0.0	704.0
HMPREF0351_RS14185	114	99.76899999999999	1296	3	0	1	1296	137	1432	0.0	2377.0
HMPREF0351_RS14195	83	100.0	735	0	0	1	735	643	1377	0.0	1358.0
HMPREF0351_RS14200	83	99.915	1170	1	0	1	1170	1393	2562	0.0	2156.0
HMPREF0351_RS14205	83	99.9	996	1	0	1	996	2578	3573	0.0	1834.0
HMPREF0351_RS14210	83	100.0	927	0	0	1	927	3652	4578	0.0	1712.0
HMPREF0351_RS14215	83	99.92	1251	1	0	1	1251	4597	5847	0.0	2305.0
HMPREF0351_RS14225	114	99.92299999999999	1296	1	0	1	1296	137	1432	0.0	2388.0
HMPREF0351_RS14230	116	99.76899999999999	1298	0	3	1	1297	1381	86	0.0	2377.0
HMPREF0351_RS14235	91	99.90799999999999	1086	1	0	1	1086	1179	94	0.0	2001.0
HMPREF0351_RS14315	108	99.806	1550	0	2	1	1549	1625	78	0.0	2843.0
HMPREF0351_RS14330	105	100.0	237	0	0	1	237	2296	2060	5.079999999999999e-124	438.0
HMPREF0351_RS14340	46	99.92399999999999	1320	1	0	1	1320	11984	13303	0.0	2433.0
HMPREF0351_RS14345	46	100.0	654	0	0	1	654	11334	11987	0.0	1208.0
HMPREF0351_RS14350	24	98.275	1275	22	0	1	1275	31949	33223	0.0	2233.0
HMPREF0351_RS14410	24	98.431	1275	20	0	1	1275	31949	33223	0.0	2244.0
HMPREF0351_RS14420	114	99.846	1296	2	0	1	1296	137	1432	0.0	2383.0
HMPREF0351_RS14475	94	99.927	1377	1	0	1	1377	2119	3495	0.0	2538.0
HMPREF0351_RS14480	94	100.0	657	0	0	1	657	1463	2119	0.0	1214.0
HMPREF0351_RS14485	94	99.844	1278	2	0	1	1278	176	1453	0.0	2350.0
HMPREF0351_RS14490	94	100.0	156	0	0	1	156	2	157	3.4e-79	289.0
HMPREF0351_RS14505	128	99.816	543	1	0	1	543	1048	506	0.0	998.0
HMPREF0351_RS14540	117	100.0	555	0	0	1	555	370	924	0.0	1026.0
HMPREF0351_RS14555	125	99.914	1163	1	0	1	1163	76	1238	0.0	2143.0
HMPREF0351_RS14565	116	99.76899999999999	1296	3	0	1	1296	1381	86	0.0	2377.0
HMPREF0351_RS15230	134	100.0	231	0	0	1	231	763	533	1.0699999999999997e-120	427.0
HMPREF0351_RS14595	77	99.405	168	1	0	1	168	188	355	3.669999999999999e-84	305.0
HMPREF0351_RS14600	114	99.846	1296	2	0	1	1296	137	1432	0.0	2383.0
HMPREF0351_RS14605	77	99.542	873	4	0	1	873	1461	589	0.0	1591.0
HMPREF0351_RS14825	61	99.353	618	4	0	1	618	5470	4853	0.0	1120.0
HMPREF0351_RS14830	92	100.0	423	0	0	1	423	2536	2114	0.0	782.0
HMPREF0351_RS14835	92	100.0	204	0	0	1	204	2104	1901	9.529999999999997e-106	377.0
HMPREF0351_RS14840	92	97.72399999999999	615	14	0	1	615	2850	3464	0.0	1059.0
HMPREF0351_RS14845	92	99.715	351	1	0	1	351	3838	3488	0.0	643.0
HMPREF0351_RS14850	92	100.0	264	0	0	1	264	4095	3832	5.599999999999998e-139	488.0
HMPREF0351_RS14855	148	96.667	180	6	0	1	180	389	568	1.8499999999999995e-82	300.0
HMPREF0351_RS14875	52	98.084	261	5	0	1	261	620	360	5.609999999999999e-129	455.0
HMPREF0351_RS14880	112	100.0	145	0	0	1	145	752	896	4.069999999999999e-73	268.0
LAC30SC_RS10415	44	99.458	738	4	0	1	738	9911	9174	0.0	1341.0
LIN_RS16305	228	99.02	102	1	0	1	102	75	176	1.0099999999999999e-47	183.0
LIN_RS16305	44	99.02	102	1	0	1	102	18997	19098	1.0099999999999999e-47	183.0
SGGBAA2069_RS11795	89	97.915	1343	28	0	62	1404	541	1883	0.0	2326.0
EFAU004_RS14460	150	100.0	330	0	0	1	330	164	493	1.4499999999999997e-175	610.0
EFAU004_RS14475	171	95.417	240	11	0	1	240	415	176	2.4499999999999996e-107	383.0
EFAU004_RS14500	90	97.875	753	16	0	1	753	407	1159	0.0	1303.0
EFAU004_RS14505	90	97.375	762	14	1	1	762	1175	1930	0.0	1291.0
EFAU004_RS14510	90	98.851	261	3	0	1	261	1943	2203	2.5899999999999994e-132	466.0
EFAU004_RS14515	90	99.038	2080	20	0	1	2080	2200	4279	0.0	3731.0
EFAU004_RS14535	191	99.177	243	2	0	1	243	355	113	5.219999999999999e-124	438.0
EFAU004_RS14565	113	96.697	333	11	0	1	333	752	1084	6.949999999999998e-159	555.0
EFAU004_RS14570	113	95.11	593	29	0	1	593	1085	1677	0.0	935.0
EFAU004_RS14585	87	97.51899999999999	645	16	0	1	645	4421	3777	0.0	1103.0
EFAU004_RS14585	52	97.36399999999999	645	17	0	1	645	15020	14376	0.0	1098.0
EFAU004_RS14590	52	96.77799999999999	807	26	0	1	807	14365	13559	0.0	1347.0
EFAU004_RS14590	87	95.911	807	33	0	1	807	3766	2960	0.0	1308.0
EFAU004_RS14595	87	95.238	231	11	0	1	231	2937	2707	2.3699999999999998e-102	366.0
EFAU004_RS14610	52	95.415	1592	70	1	1	1592	12042	10454	0.0	2532.0
EFAU004_RS14615	143	96.875	192	6	0	1	192	192	1	4.31e-89	322.0
EFAU004_RS14630	52	97.87799999999999	1461	31	0	1	1461	6907	5447	0.0	2527.0
EFAU004_RS14630	66	96.719	1463	44	4	1	1461	2440	3900	0.0	2433.0
EFAU004_RS14635	66	96.417	2205	79	0	1	2205	3911	6115	0.0	3635.0
EFAU004_RS14645	66	99.831	593	1	0	1	593	6361	6953	0.0	1090.0
EFAU004_RS14660	52	99.234	261	2	0	1	261	620	360	5.569999999999998e-134	472.0
EFAU004_RS14680	148	95.025	201	10	0	1	201	173	373	2.0699999999999997e-87	316.0
EFAU004_RS14695	66	99.652	1149	4	0	1	1149	8261	7113	0.0	2100.0
EFAU004_RS14730	92	99.51	204	0	1	1	203	2104	1901	1.5899999999999999e-103	370.0
EFAU004_RS14735	92	100.0	585	0	0	1	585	1690	1106	0.0	1081.0
EFAU004_RS14750	124	98.333	180	3	0	1	180	479	300	1.8299999999999997e-87	316.0
EFAU004_RS14760	104	99.62	789	3	0	1	789	2400	1612	0.0	1441.0
EFAU004_RS14765	104	99.694	327	1	0	1	327	1625	1299	3.1099999999999986e-172	599.0
EFD32_RS16560	106	98.83	171	2	0	1	171	868	698	3.7399999999999997e-84	305.0
EFD32_RS15005	44	99.831	590	1	0	29	618	13261	12672	0.0	1085.0
EFD32_RS15010	44	99.95299999999999	2145	1	0	1	2145	12672	10528	0.0	3956.0
EFD32_RS15025	44	99.729	738	2	0	1	738	9911	9174	0.0	1352.0
SMA_RS11515	85	96.61	177	6	0	1	177	4341	4165	8.419999999999999e-81	294.0
UC509_RS12795	198	100.0	113	0	0	1	113	74	186	1.9e-55	209.0
UC509_RS13020	80	99.09899999999999	111	1	0	1	111	6128	6018	1.11e-52	200.0
UC509_RS13020	176	98.198	111	2	0	1	111	350	240	5.1500000000000005e-51	195.0
UC509_RS13195	85	99.346	153	1	0	1	153	4341	4189	7.189999999999999e-76	278.0
M7W_RS12715	55	99.823	1127	2	0	1	1127	11490	12616	0.0	2071.0
M7W_RS12745	58	99.76799999999999	1293	3	0	1	1293	10819	9527	0.0	2372.0
M7W_RS12750	76	99.49700000000001	597	3	0	1	597	1863	2459	0.0	1086.0
M7W_RS12755	76	100.0	207	0	0	1	207	1636	1842	2.08e-107	383.0
M7W_RS12760	76	97.491	1395	34	1	1	1395	228	1621	0.0	2381.0
M7W_RS12855	125	99.82799999999999	1163	2	0	1	1163	76	1238	0.0	2137.0
M7W_RS12865	57	100.0	543	0	0	1	543	978	436	0.0	1003.0
M7W_RS12870	57	100.0	552	0	0	1	552	1842	1291	0.0	1020.0
M7W_RS12880	57	98.62299999999999	363	5	0	1	363	6721	6359	0.0	643.0
M7W_RS12885	57	96.54299999999999	1938	28	14	1	1932	8935	7031	0.0	3171.0
M7W_RS12890	57	97.863	234	5	0	1	234	9366	9133	5.079999999999999e-114	405.0
M7W_RS12895	57	98.73	866	0	1	1	855	10378	9513	0.0	1528.0
M7W_RS12900	57	99.705	339	1	0	1	339	10701	10363	6.889999999999999e-179	621.0
M7W_RS12905	57	100.0	705	0	0	1	705	11633	10929	0.0	1303.0
M7W_RS12910	57	99.825	573	1	0	1	573	12350	11778	0.0	1053.0
M7W_RS12915	130	99.73200000000001	1121	3	0	1	1121	1121	1	0.0	2054.0
M7W_RS13010	80	99.686	318	1	0	1	318	4654	4971	3.0399999999999985e-167	582.0
M7W_RS13015	80	99.21600000000001	255	2	0	1	255	4399	4653	1.1699999999999997e-130	460.0
M7W_RS15425	80	99.291	141	1	0	1	141	3999	4139	3.0599999999999995e-69	255.0
M7W_RS13020	80	98.655	1041	14	0	1	1041	2109	1069	0.0	1845.0
M7W_RS13055	90	99.336	753	5	0	1	753	407	1159	0.0	1363.0
M7W_RS13060	90	99.735	756	2	0	1	756	1175	1930	0.0	1386.0
M7W_RS13065	90	99.617	261	1	0	1	261	1943	2203	1.1999999999999996e-135	477.0
M7W_RS13070	90	99.809	2091	4	0	1	2091	2200	4290	0.0	3840.0
M7W_RS13080	191	100.0	243	0	0	1	243	355	113	2.4099999999999995e-127	449.0
M7W_RS13105	110	98.198	333	6	0	1	333	885	1217	3.1899999999999988e-167	582.0
M7W_RS13105	113	97.598	333	8	0	1	333	752	1084	6.909999999999998e-164	571.0
M7W_RS13110	110	97.98	594	12	0	1	594	1218	1811	0.0	1031.0
M7W_RS13110	113	97.811	594	13	0	1	594	1085	1678	0.0	1026.0
M7W_RS13125	52	95.814	645	27	0	1	645	15020	14376	0.0	1042.0
M7W_RS13125	87	95.34899999999999	645	30	0	1	645	4421	3777	0.0	1026.0
M7W_RS13130	87	96.77799999999999	807	26	0	1	807	3766	2960	0.0	1347.0
M7W_RS13130	52	96.28299999999999	807	30	0	1	807	14365	13559	0.0	1325.0
M7W_RS13135	87	97.835	231	5	0	1	231	2937	2707	2.329999999999999e-112	399.0
M7W_RS13160	52	96.045	1593	60	1	1	1593	12042	10453	0.0	2590.0
M7W_RS13170	143	97.917	192	4	0	1	192	192	1	1.99e-92	333.0
M7W_RS13175	66	96.083	2374	91	2	1	2373	7	2379	0.0	3868.0
M7W_RS13180	52	98.35700000000001	1461	24	0	1	1461	6907	5447	0.0	2566.0
M7W_RS13180	66	96.854	1462	44	2	1	1461	2440	3900	0.0	2444.0
M7W_RS13185	52	95.601	2205	97	0	1	2205	5436	3232	0.0	3535.0
M7W_RS15225	52	100.0	150	0	0	1	150	3216	3067	7.029999999999999e-76	278.0
M7W_RS13195	52	97.13799999999999	594	17	0	1	594	2991	2398	0.0	1003.0
M7W_RS13200	52	97.111	900	26	0	1	900	2385	1486	0.0	1519.0
M7W_RS15230	133	95.294	170	7	1	1	169	761	592	4.909999999999999e-73	268.0
M7W_RS13260	125	100.0	1163	0	0	1	1163	76	1238	0.0	2148.0
M7W_RS13375	125	99.82799999999999	1163	2	0	1	1163	76	1238	0.0	2137.0
M7W_RS15455	106	96.15899999999999	729	28	0	1	729	1943	1215	0.0	1192.0
M7W_RS13460	17	99.79899999999999	498	1	0	1	498	46402	45905	0.0	915.0
M7W_RS13465	17	99.852	675	1	0	19	693	45191	45865	0.0	1242.0
M7W_RS13555	125	99.82799999999999	1163	2	0	1	1163	76	1238	0.0	2137.0
M7W_RS13810	23	96.762	3150	102	0	1	3150	29882	26733	0.0	5252.0
M7W_RS13820	23	98.434	1596	25	0	1	1596	32691	31096	0.0	2809.0
M7W_RS13850	58	99.63600000000001	549	2	0	1	549	2033	2581	0.0	1003.0
M7W_RS13855	58	99.76700000000001	858	2	0	1	858	1175	2032	0.0	1574.0
LVISKB_RS12275	17	99.598	498	2	0	1	498	46402	45905	0.0	909.0
LVISKB_RS12280	17	99.413	681	4	0	1	681	45185	45865	0.0	1236.0
LRI_RS09765	17	98.39399999999999	498	8	0	1	498	46402	45905	0.0	876.0
HK92_RS15095	76	99.713	1395	3	1	1	1395	228	1621	0.0	2553.0
HK92_RS15105	76	98.995	597	6	0	1	597	1863	2459	0.0	1070.0
EFAU085_RS14705	103	99.87799999999999	820	0	1	1	820	356	1174	0.0	1507.0
EFAU085_RS14710	103	99.51	408	2	0	1	408	1193	1600	0.0	743.0
EFAU085_RS14730	91	100.0	1086	0	0	1	1086	1179	94	0.0	2006.0
EFAU085_RS14740	83	100.0	1251	0	0	1	1251	4597	5847	0.0	2311.0
EFAU085_RS14750	83	100.0	996	0	0	1	996	2578	3573	0.0	1840.0
EFAU085_RS14755	83	99.915	1170	1	0	1	1170	1393	2562	0.0	2156.0
EFAU085_RS14765	125	99.914	1163	1	0	1	1163	76	1238	0.0	2143.0
EFAU085_RS14785	105	100.0	1293	0	0	1	1293	1786	494	0.0	2388.0
EFAU085_RS14790	105	100.0	261	0	0	1	261	2320	2060	2.5699999999999995e-137	483.0
EFAU085_RS17185	46	99.64200000000001	279	0	1	2	280	17725	18002	4.5599999999999994e-145	508.0
EFAU085_RS14825	44	100.0	168	0	0	1	168	13444	13277	7.889999999999999e-86	311.0
EFAU085_RS14830	44	100.0	300	0	0	1	300	13777	13478	6.219999999999998e-159	555.0
EFAU085_RS14835	44	100.0	618	0	0	1	618	14435	13818	0.0	1142.0
EFAU085_RS14840	44	100.0	387	0	0	1	387	15146	14760	0.0	715.0
EFAU085_RS14845	44	100.0	2352	0	0	1	2352	17586	15235	0.0	4344.0
EFAU085_RS14850	44	100.0	690	0	0	1	690	18400	17711	0.0	1275.0
EFAU085_RS14855	44	100.0	453	0	0	1	453	18866	18414	0.0	837.0
EFAU085_RS14865	46	99.765	1278	0	3	2	1277	12027	13303	0.0	2340.0
EFAU085_RS17195	46	100.0	521	0	0	1	521	11046	10526	0.0	963.0
EFAU085_RS14875	46	100.0	621	0	0	1	621	9908	10528	0.0	1147.0
EFAU085_RS17200	46	100.0	210	0	0	1	210	9649	9858	4.549999999999998e-109	388.0
EFAU085_RS18175	46	97.679	517	11	1	1	516	9372	8856	0.0	887.0
EFAU085_RS18180	46	95.46799999999999	684	31	0	1	684	8823	8140	0.0	1092.0
EFAU085_RS14895	46	100.0	1032	0	0	1	1032	6961	7992	0.0	1906.0
EFAU085_RS14900	46	100.0	831	0	0	1	831	6124	6954	0.0	1535.0
EFAU085_RS14905	46	100.0	816	0	0	1	816	5312	6127	0.0	1507.0
EFAU085_RS14910	46	100.0	825	0	0	1	825	4491	5315	0.0	1524.0
EFAU085_RS14915	46	99.90899999999999	1101	1	0	1	1101	3401	4501	0.0	2028.0
EFAU085_RS14920	46	99.87299999999999	786	1	0	1	786	3223	2438	0.0	1447.0
EFAU085_RS14925	46	100.0	384	0	0	1	384	2405	2022	0.0	710.0
EFAU085_RS14930	46	100.0	237	0	0	1	237	1846	1610	5.079999999999999e-124	438.0
EFAU085_RS14935	46	100.0	972	0	0	1	972	561	1532	0.0	1796.0
EFAU085_RS14945	94	100.0	1377	0	0	1	1377	2119	3495	0.0	2543.0
EFAU085_RS14950	94	99.848	657	1	0	1	657	1463	2119	0.0	1208.0
EFAU085_RS14955	94	99.609	1280	1	4	1	1278	176	1453	0.0	2333.0
EFAU085_RS14975	128	100.0	438	0	0	1	438	943	506	0.0	809.0
EFAU085_RS15000	162	99.785	466	0	1	1	465	6	471	0.0	854.0
EFAU085_RS18190	117	99.742	388	0	1	1	387	980	1367	0.0	710.0
EFAU085_RS15015	117	99.82	555	0	1	1	554	370	924	0.0	1018.0
EFAU085_RS15025	130	97.945	1119	21	2	1	1118	1121	4	0.0	1938.0
EFAU085_RS15080	58	99.635	548	2	0	1	548	2033	2580	0.0	1002.0
EFAU085_RS15085	58	99.53399999999999	858	4	0	1	858	1175	2032	0.0	1563.0
EFAU085_RS15125	125	99.31200000000001	1163	8	0	1	1163	76	1238	0.0	2104.0
EFAU085_RS15270	80	99.686	318	1	0	1	318	4654	4971	3.0399999999999985e-167	582.0
EFAU085_RS15275	80	99.21600000000001	255	2	0	1	255	4399	4653	1.1699999999999997e-130	460.0
EFAU085_RS15310	66	95.28200000000001	2374	110	2	1	2373	7	2379	0.0	3762.0
EFAU085_RS15315	52	96.71700000000001	1462	46	2	1	1461	6907	5447	0.0	2433.0
EFAU085_RS15315	66	96.646	1461	49	0	1	1461	2440	3900	0.0	2427.0
EFAU085_RS15330	52	97.306	594	16	0	1	594	2991	2398	0.0	1009.0
EFAU085_RS15335	52	98.22200000000001	900	16	0	1	900	2385	1486	0.0	1574.0
EFAU085_RS15385	133	97.22200000000001	180	5	0	1	180	761	582	3.9699999999999994e-84	305.0
EFAU085_RS15410	92	99.764	423	1	0	1	423	2536	2114	0.0	776.0
EFAU085_RS18235	92	99.396	331	1	1	1	330	2092	1762	3.139999999999999e-172	599.0
EFAU085_RS15470	171	95.0	240	11	1	1	239	415	176	4.079999999999999e-105	375.0
EFAU085_RS15500	90	98.031	762	9	1	1	762	1175	1930	0.0	1319.0
EFAU085_RS15510	90	99.471	2080	11	0	1	2080	2200	4279	0.0	3781.0
EFAU085_RS15530	191	98.765	243	3	0	1	243	355	113	2.4299999999999993e-122	433.0
EFAU085_RS15580	87	97.51899999999999	645	16	0	1	645	4421	3777	0.0	1103.0
EFAU085_RS15580	52	97.36399999999999	645	17	0	1	645	15020	14376	0.0	1098.0
EFAU085_RS15585	87	96.035	807	32	0	1	807	3766	2960	0.0	1314.0
EFAU085_RS15585	52	95.787	807	34	0	1	807	14365	13559	0.0	1303.0
EFAU085_RS17295	87	96.104	231	8	1	1	230	2937	2707	3.909999999999999e-105	375.0
EFAU085_RS15615	143	100.0	336	0	0	1	336	673	338	6.829999999999999e-179	621.0
EFAU085_RS15615	52	98.209	335	6	0	1	335	10441	10107	2.4899999999999994e-168	586.0
EFAU085_RS15620	143	98.43799999999999	192	3	0	1	192	192	1	4.279999999999999e-94	339.0
EFAU085_RS15630	66	95.24	2374	110	3	1	2372	7	2379	0.0	3755.0
EFAU085_RS18240	66	100.0	150	0	0	1	150	6131	6280	7.029999999999999e-76	278.0
EFAU085_RS18245	148	95.025	201	10	0	1	201	173	373	2.0699999999999997e-87	316.0
EFAU085_RS15695	133	95.58	181	6	2	1	180	761	582	3.989999999999999e-79	289.0
EFAU085_RS15700	133	98.387	186	2	1	1	186	520	336	3.1599999999999996e-90	326.0
EFAU085_RS15710	61	99.686	1275	4	0	1	1275	10883	9609	0.0	2333.0
EFAU085_RS15715	61	99.58	1428	6	0	1	1428	9555	8128	0.0	2604.0
EFAU085_RS15720	61	99.885	873	1	0	1	873	8115	7243	0.0	1607.0
EFAU085_RS15725	61	99.79899999999999	996	2	0	1	996	7148	6153	0.0	1829.0
EFAU085_RS15770	92	97.984	248	0	3	1	243	2104	1857	4.0699999999999986e-120	425.0
EFAU085_RS15860	44	99.59299999999999	738	3	0	1	738	9911	9174	0.0	1347.0
EFAU085_RS15940	132	100.0	213	0	0	1	213	1023	811	9.929999999999998e-111	394.0
EFAU085_RS15945	132	100.0	519	0	0	1	519	649	131	0.0	959.0
EFAU085_RS16010	65	100.0	738	0	0	1	738	142	879	0.0	1363.0
EFAU085_RS18255	65	98.83	171	2	0	1	171	1462	1632	3.7399999999999997e-84	305.0
EFAU085_RS16020	65	100.0	462	0	0	1	462	2405	1944	0.0	854.0
EFAU085_RS16025	65	100.0	375	0	0	1	375	2538	2912	0.0	693.0
EFAU085_RS16030	65	100.0	2127	0	0	1	2127	2966	5092	0.0	3928.0
EFAU085_RS16035	65	100.0	621	0	0	1	621	5089	5709	0.0	1147.0
EFAU085_RS18260	65	100.0	138	0	0	1	138	5823	5960	2.9899999999999995e-69	255.0
EFAU085_RS16040	65	100.0	381	0	0	1	381	6402	6782	0.0	704.0
EFAU085_RS16045	65	100.0	915	0	0	1	915	6764	7678	0.0	1690.0
EFAU085_RS16050	65	100.0	690	0	0	1	690	7918	8607	0.0	1275.0
Q783_RS11825	57	98.82	339	4	0	1	339	10701	10363	6.939999999999997e-174	604.0
Q783_RS11830	57	98.152	866	5	1	1	855	10378	9513	0.0	1500.0
Q783_RS11835	57	98.71799999999999	234	3	0	1	234	9366	9133	2.3499999999999993e-117	416.0
Q783_RS11840	57	98.28200000000001	1863	32	0	1	1863	8935	7073	0.0	3264.0
EMQU_RS16190	112	97.561	123	3	0	1	123	774	896	5.78e-56	211.0
EMQU_RS14360	98	96.354	576	21	0	1	576	1957	2532	0.0	948.0
EMQU_RS14595	132	95.775	213	9	0	1	213	1023	811	1.0099999999999998e-95	344.0
LMR479A_RS15170	57	99.475	1905	10	0	1	1905	8935	7031	0.0	3463.0
LMR479A_RS15175	57	98.291	234	4	0	1	234	9366	9133	1.0899999999999997e-115	411.0
LMR479A_RS15180	57	99.598	249	1	0	1	249	9761	9513	5.329999999999998e-129	455.0
LMR479A_RS15185	57	96.596	705	24	0	1	705	11633	10929	0.0	1170.0
LMR479A_RS15190	57	100.0	573	0	0	1	573	12350	11778	0.0	1059.0
M395_RS12955	80	98.84700000000001	1041	12	0	1	1041	2109	1069	0.0	1857.0
M395_RS12995	90	99.469	753	4	0	1	753	407	1159	0.0	1369.0
M395_RS13010	90	99.713	2091	6	0	1	2091	2200	4290	0.0	3829.0
M395_RS13020	191	99.588	243	1	0	1	243	355	113	1.1199999999999997e-125	444.0
M395_RS13045	113	97.29700000000001	333	9	0	1	333	752	1084	3.2099999999999984e-162	566.0
M395_RS13045	110	96.697	333	11	0	1	333	885	1217	6.949999999999998e-159	555.0
M395_RS13050	113	96.12799999999999	594	23	0	1	594	1085	1678	0.0	970.0
M395_RS13050	110	95.62299999999999	594	26	0	1	594	1218	1811	0.0	953.0
M395_RS13075	87	98.295	645	11	0	1	645	4421	3777	0.0	1131.0
M395_RS13075	52	98.14	645	12	0	1	645	15020	14376	0.0	1125.0
M395_RS13080	87	97.02600000000001	807	24	0	1	807	3766	2960	0.0	1358.0
M395_RS13080	52	97.02600000000001	807	24	0	1	807	14365	13559	0.0	1358.0
M395_RS13105	52	96.301	1595	52	4	1	1593	12042	10453	0.0	2612.0
M395_RS13110	143	99.10700000000001	336	3	0	1	336	673	338	6.869999999999998e-174	604.0
M395_RS13110	52	97.91	335	7	0	1	335	10441	10107	1.1599999999999996e-166	580.0
M395_RS13120	66	96.04	2374	92	2	1	2373	7	2379	0.0	3862.0
M395_RS13125	52	98.289	1461	25	0	1	1461	6907	5447	0.0	2560.0
M395_RS13125	66	96.785	1462	45	2	1	1461	2440	3900	0.0	2438.0
M395_RS13130	52	95.587	1677	74	0	1	1677	4908	3232	0.0	2687.0
CH51_RS15435	130	99.911	1121	1	0	1	1121	1121	1	0.0	2067.0
LSJ_RS11415	32	95.915	2448	100	0	1	2448	6979	4532	0.0	3967.0
LSJ_RS09355	57	98.95299999999999	573	6	0	1	573	12350	11778	0.0	1026.0
LSJ_RS09360	57	99.007	705	7	0	1	705	11633	10929	0.0	1264.0
LSJ_RS09375	57	95.726	234	10	0	1	234	9366	9133	1.1099999999999998e-105	377.0
LSJ_RS09385	57	98.11	1905	36	0	1	1905	8935	7031	0.0	3319.0
ECONIH1_RS26755	44	99.59299999999999	738	3	0	1	738	9911	9174	0.0	1347.0
LACPI_RS12580	17	99.02	204	2	0	1	204	46108	45905	2.06e-102	366.0
lsr_RS08910	57	98.95299999999999	573	6	0	1	573	12350	11778	0.0	1026.0
lsr_RS08915	57	98.723	705	9	0	1	705	11633	10929	0.0	1253.0
lsr_RS08940	57	96.581	234	8	0	1	234	9366	9133	5.119999999999999e-109	388.0
lsr_RS08950	57	98.53	1905	28	0	1	1905	8935	7031	0.0	3363.0
LIANG_RS13530	80	98.367	1041	13	4	1	1037	2109	1069	0.0	1825.0
LIANG_RS13570	90	99.336	753	5	0	1	753	407	1159	0.0	1363.0
LIANG_RS13575	90	99.603	756	3	0	1	756	1175	1930	0.0	1380.0
LIANG_RS13585	90	99.713	2091	6	0	1	2091	2200	4290	0.0	3829.0
LIANG_RS13590	90	99.491	393	1	1	1	392	4317	4709	0.0	713.0
LIANG_RS16045	52	97.315	149	4	0	1	149	3216	3068	1.1799999999999998e-68	254.0
LIANG_RS13770	130	99.911	1121	0	1	1	1120	1121	1	0.0	2063.0
LIANG_RS15225	130	99.822	1121	0	2	1	1119	1121	1	0.0	2058.0
LIANG_RS15230	141	95.699	279	1	2	1	268	605	883	5.809999999999998e-124	438.0
LIANG_RS13860	42	99.413	2043	12	0	1	2043	20057	18015	0.0	3707.0
LIANG_RS13865	42	99.35600000000001	621	4	0	1	621	18004	17384	0.0	1125.0
LIANG_RS13870	42	99.564	459	2	0	1	459	17372	16914	0.0	837.0
LIANG_RS13875	42	99.64200000000001	279	1	0	1	279	16895	16617	1.2599999999999998e-145	510.0
LIANG_RS13880	42	99.561	1368	6	0	1	1368	16592	15225	0.0	2494.0
LIANG_RS13885	42	99.825	1146	2	0	1	1146	15210	14065	0.0	2106.0
LIANG_RS13890	42	99.79700000000001	492	1	0	1	492	14038	13547	0.0	904.0
LIANG_RS13900	76	96.0	600	24	0	1	600	3411	4010	0.0	976.0
LIANG_RS13935	117	97.97399999999999	543	11	0	1	543	370	912	0.0	942.0
LIANG_RS13955	91	97.85	1070	23	0	1	1070	1179	110	0.0	1849.0
LIANG_RS13970	9	98.48899999999999	1191	18	0	1	1191	57673	58863	0.0	2100.0
LIANG_RS13980	125	99.914	1163	1	0	1	1163	76	1238	0.0	2143.0
LIANG_RS15240	55	99.37899999999999	1127	3	1	1	1123	11490	12616	0.0	2039.0
LIANG_RS14045	55	99.911	1127	1	0	1	1127	11490	12616	0.0	2076.0
LIANG_RS14110	58	99.454	549	2	1	1	548	2033	2581	0.0	996.0
LIANG_RS14120	58	99.65299999999999	288	1	0	1	288	602	889	1.2999999999999996e-150	527.0
LIANG_RS14230	76	99.665	597	2	0	1	597	1863	2459	0.0	1092.0
LIANG_RS14240	76	97.419	1395	35	1	1	1395	228	1621	0.0	2375.0
LIANG_RS14330	125	99.57	1163	4	1	1	1162	76	1238	0.0	2119.0
LIANG_RS14340	57	99.816	543	0	1	1	542	978	436	0.0	996.0
LIANG_RS14345	57	99.819	552	0	1	1	551	1842	1291	0.0	1013.0
LIANG_RS14355	57	98.34700000000001	363	5	1	1	362	6721	6359	0.0	636.0
LIANG_RS14360	57	99.475	1905	10	0	1	1905	8935	7031	0.0	3463.0
LIANG_RS14365	57	97.436	234	5	1	1	233	9366	9133	8.469999999999998e-112	398.0
LIANG_RS14370	57	100.0	249	0	0	1	249	9761	9513	1.1399999999999998e-130	460.0
LIANG_RS14375	57	99.85799999999999	705	1	0	1	705	11633	10929	0.0	1297.0
LIANG_RS14380	57	99.825	573	1	0	1	573	12350	11778	0.0	1053.0
LIANG_RS14420	80	99.37100000000001	318	1	1	1	317	4654	4971	5.059999999999999e-165	575.0
LIANG_RS14425	80	100.0	255	0	0	1	255	4399	4653	5.429999999999998e-134	472.0
LIANG_RS15280	130	99.27799999999999	970	0	7	1	963	970	1	0.0	1746.0
LIANG_RS14460	57	97.929	1931	34	1	2	1926	4065	2135	0.0	3339.0
LIU_RS13515	55	99.823	1127	1	1	1	1126	11490	12616	0.0	2069.0
LIU_RS15215	112	100.0	123	0	0	1	123	774	896	5.7399999999999986e-61	228.0
LIU_RS14005	80	98.655	1041	13	1	1	1040	2109	1069	0.0	1844.0
LIU_RS15225	80	100.0	219	0	0	1	219	3921	4139	4.729999999999999e-114	405.0
LIU_RS14020	80	99.686	318	1	0	1	318	4654	4971	3.0399999999999985e-167	582.0
LIU_RS14075	57	99.838	618	1	0	1	618	11546	10929	0.0	1136.0
LIU_RS14120	125	99.656	1163	4	0	1	1163	76	1238	0.0	2126.0
LIU_RS14220	76	97.419	1395	34	2	1	1394	228	1621	0.0	2375.0
LIU_RS14230	76	99.66	588	2	0	1	588	1872	2459	0.0	1075.0
LIU_RS14350	58	99.63600000000001	549	2	0	1	549	2033	2581	0.0	1003.0
LN045_RS14130	121	99.891	920	0	1	15	933	14	933	0.0	1692.0
LN045_RS14135	44	100.0	609	0	0	1	609	1036	428	0.0	1125.0
LN045_RS14140	44	99.806	1033	1	1	1	1033	2073	1042	0.0	1895.0
LN045_RS14145	44	100.0	969	0	0	1	969	3034	2066	0.0	1790.0
LN045_RS14150	44	100.0	1155	0	0	1	1155	4403	3249	0.0	2134.0
LN045_RS14155	44	100.0	696	0	0	1	696	5076	4381	0.0	1286.0
LN045_RS14160	44	100.0	366	0	0	7	372	5655	5290	0.0	676.0
AN634_RS17330	80	99.425	174	1	0	1	174	6191	6018	1.7599999999999998e-87	316.0
AN634_RS17330	176	98.851	174	2	0	1	174	413	240	8.209999999999999e-86	311.0
AQ614_RS13145	87	97.36399999999999	645	17	0	1	645	4421	3777	0.0	1098.0
AQ614_RS13145	52	97.209	645	18	0	1	645	15020	14376	0.0	1092.0
AQ614_RS13170	87	99.291	423	3	0	1	423	1843	1421	0.0	765.0
AQ614_RS13175	52	95.54	1592	68	1	1	1592	12042	10454	0.0	2543.0
AQ614_RS13180	143	99.405	336	2	0	1	336	673	338	1.4799999999999997e-175	610.0
AQ614_RS13180	52	98.209	335	6	0	1	335	10441	10107	2.4899999999999994e-168	586.0
AQ614_RS13185	143	99.479	192	1	0	1	192	192	1	1.9799999999999998e-97	350.0
AQ614_RS13200	52	96.648	1462	47	2	1	1461	6907	5447	0.0	2427.0
AQ614_RS13200	66	96.57799999999999	1461	50	0	1	1461	2440	3900	0.0	2422.0
AQ614_RS14645	66	95.973	149	6	0	1	149	6131	6279	2.5599999999999994e-65	243.0
AQ614_RS13215	52	97.64299999999999	594	14	0	1	594	2991	2398	0.0	1020.0
AQ614_RS13295	92	99.527	423	2	0	1	423	2536	2114	0.0	771.0
AR543_RS23370	44	95.484	2967	134	0	1	2967	6011	8977	0.0	4737.0
NY10_RS12350	57	97.521	363	9	0	1	363	6721	6359	7.409999999999996e-179	621.0
AWJ25_RS14680	46	100.0	1101	0	0	1	1101	3401	4501	0.0	2034.0
AWJ25_RS18000	46	100.0	1233	0	0	1	1233	9372	8140	0.0	2278.0
AWJ25_RS18280	46	100.0	186	0	0	1	186	9599	9784	8.72e-96	344.0
AWJ25_RS14730	46	100.0	1320	0	0	1	1320	11984	13303	0.0	2438.0
AWJ25_RS14805	130	99.911	1121	1	0	1	1121	1121	1	0.0	2065.0
AWJ25_RS14825	46	100.0	1170	0	0	1	1170	14797	13628	0.0	2161.0
AWJ25_RS14830	46	100.0	248	0	0	1	248	15035	15282	4.119999999999999e-130	459.0
AWJ25_RS14865	143	97.068	307	9	0	1	307	673	367	8.769999999999997e-148	518.0
AWJ25_RS14865	52	96.764	309	10	0	1	309	10441	10133	3.1599999999999993e-147	516.0
AWJ25_RS14880	143	96.875	192	6	0	1	192	192	1	4.31e-89	322.0
AWJ25_RS14940	112	95.522	201	9	0	1	201	559	359	4.46e-89	322.0
AWJ25_RS18800	133	100.0	201	0	0	1	201	977	777	4.359999999999999e-104	372.0
AWJ25_RS18025	133	100.0	180	0	0	1	180	761	582	1.8199999999999995e-92	333.0
AWJ25_RS18030	133	100.0	153	0	0	1	153	488	336	1.5399999999999994e-77	283.0
AWJ25_RS14980	61	100.0	1275	0	0	1	1275	10883	9609	0.0	2355.0
AWJ25_RS14985	61	99.86	1428	2	0	1	1428	9555	8128	0.0	2627.0
AWJ25_RS14990	61	100.0	873	0	0	1	873	8115	7243	0.0	1613.0
AWJ25_RS14995	61	100.0	996	0	0	1	996	7148	6153	0.0	1840.0
AWJ25_RS15005	61	100.0	618	0	0	1	618	5470	4853	0.0	1142.0
AWJ25_RS15020	17	99.79899999999999	498	1	0	1	498	46402	45905	0.0	915.0
AWJ25_RS15025	17	99.556	675	3	0	19	693	45191	45865	0.0	1230.0
AWJ25_RS15045	44	97.9	381	7	1	1	381	13051	12672	0.0	658.0
AWJ25_RS18035	125	99.656	1163	4	0	1	1163	76	1238	0.0	2126.0
AWJ25_RS15120	125	99.484	1163	6	0	1	1163	76	1238	0.0	2115.0
AWJ25_RS15215	77	99.885	873	1	0	1	873	1461	589	0.0	1607.0
AWJ25_RS15220	77	99.846	1947	3	0	1	1947	3671	1725	0.0	3579.0
AWJ25_RS15225	77	99.861	1440	2	0	1	1440	3856	5295	0.0	2649.0
AWJ25_RS15230	77	99.68799999999999	963	3	0	1	963	5297	6259	0.0	1762.0
AWJ25_RS15285	125	99.914	1163	1	0	1	1163	76	1238	0.0	2143.0
AWJ25_RS15320	91	95.194	1082	52	0	1	1082	1179	98	0.0	1711.0
AWJ25_RS15465	76	97.75299999999999	267	6	0	1	267	5997	6263	1.2299999999999997e-130	460.0
AWJ25_RS15470	76	97.759	357	8	0	1	357	5651	6007	3.3899999999999987e-177	616.0
AWJ25_RS15480	23	96.667	3150	105	0	1	3150	29882	26733	0.0	5236.0
AWJ25_RS15490	23	96.679	1596	53	0	1	1596	32691	31096	0.0	2654.0
AWJ25_RS15505	5	99.167	360	3	0	1	360	16070	16429	0.0	649.0
AWJ25_RS18815	58	99.383	162	0	1	2	162	2842	3003	2.7399999999999996e-80	292.0
AWJ25_RS15655	77	99.306	864	6	0	10	873	1452	589	0.0	1563.0
AWJ25_RS18110	109	100.0	288	0	0	1	288	92	379	2.7899999999999993e-152	532.0
AWJ25_RS15785	79	99.859	711	1	0	1	711	4488	5198	0.0	1308.0
AWJ25_RS15795	79	99.897	969	1	0	1	969	2626	3594	0.0	1784.0
AWJ25_RS15800	116	99.92200000000001	1289	1	0	1	1289	1381	93	0.0	2375.0
AWJ25_RS15840	63	99.21	633	5	0	1	633	7343	7975	0.0	1142.0
AWJ25_RS15845	63	99.81700000000001	2725	3	2	1	2724	4607	7330	0.0	5003.0
AWJ25_RS15860	63	99.742	774	2	0	1	774	1873	2646	0.0	1419.0
AWJ25_RS16030	114	100.0	1296	0	0	1	1296	137	1432	0.0	2394.0
AWJ25_RS16120	87	95.539	807	36	0	1	807	3766	2960	0.0	1291.0
AWJ25_RS16120	52	95.539	807	36	0	1	807	14365	13559	0.0	1291.0
AWJ25_RS16125	52	97.523	646	14	2	1	645	15020	14376	0.0	1103.0
AWJ25_RS16125	87	97.059	646	17	2	1	645	4421	3777	0.0	1086.0
AWJ25_RS16150	110	98.148	594	11	0	1	594	1218	1811	0.0	1037.0
AWJ25_RS16150	113	95.62299999999999	594	26	0	1	594	1085	1678	0.0	953.0
AWJ25_RS16155	110	96.396	333	12	0	1	333	885	1217	3.2399999999999995e-157	549.0
AWJ25_RS16155	113	95.796	333	14	0	1	333	752	1084	6.999999999999999e-154	538.0
AWJ25_RS16165	102	97.706	2615	56	4	1	2613	337	2949	0.0	4494.0
AWJ25_RS16370	92	99.675	615	2	0	1	615	2850	3464	0.0	1125.0
AWJ25_RS16375	92	100.0	351	0	0	1	351	3838	3488	0.0	649.0
AWJ25_RS16385	148	100.0	180	0	0	1	180	389	568	1.8199999999999995e-92	333.0
AWJ25_RS16415	52	100.0	261	0	0	1	261	620	360	2.5699999999999995e-137	483.0
AWJ25_RS18625	52	98.65799999999999	149	2	0	1	149	3216	3068	5.469999999999999e-72	265.0
AWJ25_RS16440	52	96.689	2205	73	0	1	2205	5436	3232	0.0	3668.0
AWJ25_RS16445	66	97.194	1461	41	0	1	1461	2440	3900	0.0	2471.0
AWJ25_RS16445	52	96.99	1462	42	2	1	1461	6907	5447	0.0	2455.0
AWJ25_RS16475	87	99.63799999999999	276	1	0	1	276	2160	1885	5.809999999999998e-144	505.0
AWJ25_RS16480	52	96.97	231	7	0	1	231	13537	13307	5.049999999999998e-109	388.0
AWJ25_RS16480	87	95.238	231	11	0	1	231	2937	2707	2.3699999999999998e-102	366.0
AWJ25_RS16485	52	95.911	807	33	0	1	807	14365	13559	0.0	1308.0
AWJ25_RS16485	87	95.167	807	39	0	1	807	3766	2960	0.0	1275.0
AWJ25_RS16560	73	98.258	2067	27	4	1	2058	6484	4418	0.0	3609.0
AWJ25_RS16565	73	99.286	2101	13	2	1	2100	2281	4380	0.0	3795.0
AWJ25_RS16570	73	99.758	825	2	0	1	825	1156	1980	0.0	1513.0
AWJ25_RS16575	73	99.868	756	0	1	1	756	405	1159	0.0	1389.0
AWJ25_RS16615	80	98.463	1041	16	0	1	1041	2109	1069	0.0	1834.0
AWJ25_RS16630	80	99.60799999999999	255	1	0	1	255	4399	4653	2.529999999999999e-132	466.0
AWJ25_RS16695	58	99.65299999999999	288	0	1	1	287	602	889	4.6499999999999986e-150	525.0
AWJ25_RS18635	128	100.0	543	0	0	1	543	1048	506	0.0	1003.0
AWJ25_RS16740	94	99.92200000000001	1278	1	0	1	1278	176	1453	0.0	2355.0
AWJ25_RS16760	44	99.806	1032	2	0	1	1032	2073	1042	0.0	1895.0
AWJ25_RS16765	44	99.836	609	1	0	1	609	1036	428	0.0	1120.0
AWJ25_RS16780	57	97.561	328	8	0	1	328	6721	6394	4.119999999999999e-161	562.0
AWJ25_RS18185	125	99.866	749	1	0	1	749	76	824	0.0	1378.0
LEKG_RS10215	57	99.197	249	2	0	1	249	9761	9513	2.4799999999999996e-127	449.0
LEKG_RS10220	57	97.436	234	6	0	1	234	9366	9133	2.3699999999999994e-112	399.0
LEKG_RS10225	57	98.229	1863	33	0	1	1863	8935	7073	0.0	3258.0
AMM49_RS10365	123	100.0	735	0	0	1	735	19	753	0.0	1358.0
UB18_RS12670	148	97.77799999999999	180	4	0	1	180	389	568	8.529999999999998e-86	311.0
UB18_RS12695	112	96.444	225	8	0	1	225	583	359	4.939999999999999e-104	372.0
UB18_RS12755	143	96.726	336	11	0	1	336	673	338	1.5099999999999995e-160	560.0
UB18_RS12755	52	95.821	335	14	0	1	335	10441	10107	5.469999999999998e-155	542.0
UB18_RS12785	87	96.77799999999999	807	26	0	1	807	3766	2960	0.0	1347.0
UB18_RS12785	52	96.654	807	27	0	1	807	14365	13559	0.0	1341.0
UB18_RS12790	52	96.744	645	21	0	1	645	15020	14376	0.0	1075.0
UB18_RS12790	87	96.589	645	22	0	1	645	4421	3777	0.0	1070.0
UB18_RS12805	110	97.98	594	12	0	1	594	1218	1811	0.0	1031.0
UB18_RS12805	113	97.475	594	15	0	1	594	1085	1678	0.0	1014.0
UB18_RS12870	73	98.545	756	10	1	1	756	405	1159	0.0	1334.0
UB18_RS12875	73	96.721	366	12	0	1	366	27	392	1.6199999999999995e-175	610.0
UB18_RS12935	80	100.0	318	0	0	1	318	4654	4971	6.529999999999998e-169	588.0
UB18_RS12955	125	99.57	1163	5	0	1	1163	76	1238	0.0	2121.0
UB18_RS13055	58	99.86399999999999	738	1	0	1	738	10264	9527	0.0	1358.0
UB18_RS13060	55	99.734	1127	3	0	1	1127	11490	12616	0.0	2065.0
UB18_RS13095	58	99.115	113	1	0	5	117	94	206	9.120000000000001e-54	204.0
UB18_RS13105	58	99.65299999999999	288	1	0	1	288	602	889	1.2999999999999996e-150	527.0
UB18_RS13250	57	99.41	339	2	0	1	339	10701	10363	3.209999999999999e-177	616.0
UB18_RS13255	57	98.501	867	1	2	1	856	10378	9513	0.0	1519.0
UB18_RS13260	57	100.0	234	0	0	1	234	9366	9133	2.3299999999999997e-122	433.0
UB18_RS13265	57	99.895	1905	2	0	1	1905	8935	7031	0.0	3507.0
UB18_RS13285	9	99.16	1191	10	0	1	1191	57673	58863	0.0	2145.0
UB18_RS13290	91	99.90799999999999	1089	1	0	1	1089	4679	3591	0.0	2006.0
UB18_RS13505	42	99.60799999999999	510	2	0	1	510	4214	3705	0.0	931.0
UB18_RS13510	42	99.387	652	3	1	1	652	3605	2955	0.0	1181.0
UB18_RS13515	42	99.89399999999999	939	1	0	1	939	2504	1566	0.0	1729.0
UB18_RS13520	42	99.62	1053	4	0	1	1053	1553	501	0.0	1923.0
UB18_RS13550	117	97.79	543	12	0	1	543	370	912	0.0	937.0
UB18_RS13750	77	99.792	963	2	0	1	963	5297	6259	0.0	1768.0
UB18_RS13870	122	99.61200000000001	258	1	0	1	258	941	1198	5.499999999999998e-134	472.0
UB18_RS13875	122	100.0	222	0	0	1	222	719	940	1.0299999999999998e-115	411.0
UB18_RS13975	125	99.914	1163	1	0	1	1163	76	1238	0.0	2143.0
UB18_RS15485	65	100.0	171	0	0	1	171	1462	1632	1.7299999999999996e-87	316.0
Y979_RS24785	32	98.361	183	3	0	1	183	601	419	4.0099999999999995e-89	322.0
Y979_RS24870	32	98.65799999999999	149	2	0	1	149	742	594	5.469999999999999e-72	265.0
XM37_RS13520	66	95.447	593	27	0	1	593	6361	6953	0.0	946.0
XM37_RS13645	108	99.935	1548	1	0	1	1548	1625	78	0.0	2854.0
XM37_RS13700	77	99.771	873	2	0	1	873	1461	589	0.0	1602.0
XM37_RS13710	77	99.743	1947	5	0	1	1947	3671	1725	0.0	3568.0
XM37_RS13855	248	98.81700000000001	169	2	0	1	169	19	187	5.029999999999999e-83	302.0
XM37_RS14025	94	100.0	1278	0	0	1	1278	176	1453	0.0	2361.0
XM37_RS14140	58	99.301	858	6	0	1	858	1175	2032	0.0	1552.0
XM37_RS14145	58	99.65299999999999	288	1	0	1	288	602	889	1.2999999999999996e-150	527.0
XM37_RS14175	77	99.421	864	5	0	10	873	1452	589	0.0	1568.0
XM37_RS14360	90	98.539	753	11	0	1	753	407	1159	0.0	1330.0
XM37_RS14365	90	97.9	762	10	1	1	762	1175	1930	0.0	1314.0
XM37_RS14375	90	99.375	2080	13	0	1	2080	2200	4279	0.0	3770.0
XM37_RS14410	102	99.834	1812	3	0	1	1812	337	2148	0.0	3330.0
XM37_RS14420	102	98.5	800	12	0	2	801	2150	2949	0.0	1411.0
XM37_RS14430	110	96.99700000000001	333	10	0	1	333	885	1217	1.4899999999999995e-160	560.0
XM37_RS14430	113	95.796	333	14	0	1	333	752	1084	6.999999999999999e-154	538.0
XM37_RS14435	110	97.811	594	13	0	1	594	1218	1811	0.0	1026.0
XM37_RS14435	113	96.633	594	20	0	1	594	1085	1678	0.0	987.0
XM37_RS14460	52	96.434	645	23	0	1	645	15020	14376	0.0	1064.0
XM37_RS14460	87	96.279	645	24	0	1	645	4421	3777	0.0	1059.0
XM37_RS14465	87	96.406	807	29	0	1	807	3766	2960	0.0	1330.0
XM37_RS14465	52	95.539	807	36	0	1	807	14365	13559	0.0	1291.0
XM37_RS14470	87	95.671	231	10	0	1	231	2937	2707	5.079999999999999e-104	372.0
XM37_RS14485	52	100.0	309	0	0	1	309	12794	12486	6.369999999999998e-164	571.0
XM37_RS14490	52	100.0	423	0	0	1	423	12484	12062	0.0	782.0
XM37_RS14495	52	99.874	1590	2	0	1	1590	12042	10453	0.0	2926.0
XM37_RS14500	52	99.70200000000001	336	1	0	1	336	10441	10106	3.179999999999999e-177	616.0
XM37_RS14500	143	98.507	335	5	0	1	335	673	339	5.3499999999999984e-170	592.0
XM37_RS14505	52	100.0	195	0	0	1	195	9958	9764	9.129999999999998e-101	361.0
XM37_RS14510	52	99.78399999999999	2778	6	0	1	2778	9745	6968	0.0	5097.0
XM37_RS14515	66	96.09899999999999	1461	57	0	1	1461	2440	3900	0.0	2383.0
XM37_RS14515	52	95.417	1462	65	2	1	1461	6907	5447	0.0	2327.0
XM37_RS14530	52	97.306	594	16	0	1	594	2991	2398	0.0	1009.0
XM37_RS14535	52	97.0	900	27	0	1	900	2385	1486	0.0	1513.0
XM37_RS14555	52	98.46700000000001	261	4	0	1	261	620	360	1.1999999999999998e-130	460.0
XM37_RS16765	148	95.025	201	10	0	1	201	173	373	2.0699999999999997e-87	316.0
XM37_RS14580	133	96.133	181	5	2	1	180	761	582	8.59e-81	294.0
XM37_RS16300	133	98.37799999999999	185	2	1	1	184	520	336	1.1199999999999996e-89	324.0
XM37_RS14590	98	100.0	606	0	0	1	606	1336	1941	0.0	1120.0
XM37_RS14595	98	99.82600000000001	576	1	0	1	576	1957	2532	0.0	1059.0
XM37_RS14600	98	100.0	204	0	0	1	204	2692	2895	9.529999999999997e-106	377.0
XM37_RS14610	124	100.0	351	0	0	1	351	826	476	0.0	649.0
XM37_RS14615	124	100.0	180	0	0	1	180	479	300	1.8199999999999995e-92	333.0
XM37_RS15125	52	98.851	261	3	0	1	261	620	360	2.5899999999999994e-132	466.0
XM37_RS15170	92	100.0	615	0	0	1	615	2850	3464	0.0	1136.0
XM37_RS15210	103	100.0	819	0	0	1	819	356	1174	0.0	1513.0
XM37_RS14705	44	100.0	2151	0	0	1	2151	6011	8161	0.0	3973.0
XM37_RS14710	44	100.0	576	0	0	1	576	5865	5290	0.0	1064.0
XM37_RS14750	121	100.0	912	0	0	1	912	22	933	0.0	1685.0
XM37_RS14800	58	99.758	1239	3	0	1	1239	10819	9581	0.0	2272.0
XM37_RS14895	65	99.891	915	1	0	1	915	6764	7678	0.0	1685.0
XM37_RS14900	65	95.238	693	27	5	1	690	7918	8607	0.0	1092.0
A6P53_RS13235	90	97.154	246	7	0	1	246	914	1159	2.4799999999999997e-117	416.0
A6P53_RS12895	90	96.85	762	18	1	1	762	1175	1930	0.0	1269.0
A6P53_RS12900	90	97.344	753	20	0	1	753	407	1159	0.0	1280.0
A6P53_RS12915	171	96.25	240	9	0	1	240	415	176	1.1299999999999996e-110	394.0
A6P53_RS13015	89	100.0	249	0	0	1	249	2447	2695	1.1399999999999998e-130	460.0
A6P53_RS13025	44	99.729	738	2	0	1	738	9911	9174	0.0	1352.0
A6P53_RS13070	52	98.851	261	3	0	1	261	620	360	2.5899999999999994e-132	466.0
A6P53_RS13075	52	95.58200000000001	498	10	4	1	486	1483	986	0.0	787.0
A6P53_RS13090	52	96.37200000000001	2205	80	0	1	2205	5436	3232	0.0	3629.0
A6P53_RS13095	66	98.494	1461	22	0	1	1461	2440	3900	0.0	2577.0
A6P53_RS13095	52	97.196	1462	39	2	1	1461	6907	5447	0.0	2471.0
A6P53_RS13100	66	95.24600000000001	2377	105	7	1	2373	7	2379	0.0	3757.0
A6P53_RS13110	143	99.479	192	1	0	1	192	192	1	1.9799999999999998e-97	350.0
A6P53_RS13115	143	99.10700000000001	336	3	0	1	336	673	338	6.869999999999998e-174	604.0
A6P53_RS13115	52	97.91	335	7	0	1	335	10441	10107	1.1599999999999996e-166	580.0
A6P53_RS13120	52	96.60799999999999	1592	51	1	1	1592	12042	10454	0.0	2638.0
A6P53_RS13155	52	95.814	645	27	0	1	645	15020	14376	0.0	1042.0
A6P53_RS13155	87	95.65899999999999	645	28	0	1	645	4421	3777	0.0	1037.0
A6P53_RS13170	113	95.791	594	25	0	1	594	1085	1678	0.0	959.0
A6P53_RS13170	110	95.286	594	28	0	1	594	1218	1811	0.0	942.0
A6P53_RS13175	110	96.396	333	12	0	1	333	885	1217	3.2399999999999995e-157	549.0
A6P53_RS13175	113	95.796	333	14	0	1	333	752	1084	6.999999999999999e-154	538.0
A6P53_RS13230	90	95.15100000000001	763	17	10	1	750	1175	1930	0.0	1186.0
AYR58_RS09605	57	97.194	891	24	1	1	891	4721	5610	0.0	1506.0
AYR58_RS09610	57	99.365	315	2	0	1	315	4365	4679	6.5099999999999984e-164	571.0
AYR58_RS09615	57	95.523	1921	86	0	1	1921	4066	2146	0.0	3072.0
AL014_RS15930	103	99.87799999999999	819	1	0	1	819	356	1174	0.0	1507.0
AL014_RS15630	44	100.0	419	0	0	5	423	5708	5290	0.0	774.0
AL014_RS18045	65	100.0	2011	0	0	1	2011	2966	4976	0.0	3714.0
AL014_RS16080	65	99.572	467	0	2	1	465	2405	1939	0.0	850.0
AL014_RS18010	65	100.0	162	0	0	1	162	5920	6081	1.64e-82	300.0
AL014_RS16065	65	98.361	183	0	1	1	183	5530	5709	5.189999999999999e-88	318.0
AL020_RS14090	23	96.61399999999999	1447	49	0	3	1449	28179	26733	0.0	2401.0
AL020_RS17940	44	98.56299999999999	974	6	2	36	1002	12574	11602	0.0	1714.0
AL020_RS14205	125	99.656	1163	4	0	1	1163	76	1238	0.0	2126.0
AL020_RS14335	162	100.0	525	0	0	1	525	6	530	0.0	970.0
AL020_RS17965	46	100.0	503	0	0	1	503	1933	1431	0.0	929.0
AL020_RS17465	46	99.884	861	1	0	1	861	15035	15895	0.0	1585.0
AL020_RS14570	46	100.0	849	0	0	1	849	16749	17597	0.0	1568.0
AL020_RS14895	112	96.02	201	8	0	1	201	559	359	9.579999999999998e-91	327.0
AL020_RS15450	92	97.398	615	0	1	1	599	2850	3464	0.0	1033.0
AL020_RS15830	121	99.88799999999999	891	1	0	1	891	43	933	0.0	1640.0
AL025_RS14460	52	97.214	646	16	2	1	645	15020	14376	0.0	1092.0
AL025_RS14460	87	96.749	646	19	2	1	645	4421	3777	0.0	1075.0
AL025_RS14465	52	96.902	807	25	0	1	807	14365	13559	0.0	1352.0
AL025_RS14465	87	95.04299999999999	807	40	0	1	807	3766	2960	0.0	1269.0
AL025_RS14470	52	96.97	231	7	0	1	231	13537	13307	5.049999999999998e-109	388.0
AL025_RS14485	52	96.17299999999999	1594	54	4	1	1592	12042	10454	0.0	2599.0
AL025_RS14695	77	99.795	1947	4	0	1	1947	3671	1725	0.0	3574.0
AL025_RS14760	125	99.914	1163	1	0	1	1163	76	1238	0.0	2143.0
AL025_RS14810	83	99.9	996	1	0	1	996	2578	3573	0.0	1834.0
AL025_RS14815	83	100.0	1170	0	0	1	1170	1393	2562	0.0	2161.0
AL025_RS14900	46	100.0	861	0	0	1	861	14797	13937	0.0	1591.0
AL025_RS14910	46	100.0	288	0	0	1	288	13915	13628	2.7899999999999993e-152	532.0
AL025_RS15075	46	99.90899999999999	1101	0	1	1	1100	3401	4501	0.0	2026.0
AL025_RS15180	17	99.58200000000001	718	2	1	19	735	45191	45908	0.0	1308.0
AL025_RS15185	17	99.598	498	2	0	1	498	46402	45905	0.0	909.0
AL025_RS15235	57	100.0	339	0	0	1	339	10701	10363	1.4799999999999993e-180	627.0
AL025_RS15250	116	100.0	1296	0	0	1	1296	1381	86	0.0	2394.0
AL025_RS15255	58	100.0	843	0	0	1	843	8473	9315	0.0	1557.0
AL025_RS15265	58	100.0	1845	0	0	1	1845	5070	6914	0.0	3408.0
AL025_RS15270	58	99.895	951	0	1	1	951	4468	3519	0.0	1749.0
AL025_RS15275	58	100.0	462	0	0	1	462	2841	3302	0.0	854.0
AL025_RS15280	58	100.0	549	0	0	1	549	2033	2581	0.0	1014.0
AL025_RS15335	79	100.0	816	0	0	1	816	3605	4420	0.0	1507.0
AL025_RS15350	24	98.95200000000001	763	8	0	12	774	32461	33223	0.0	1365.0
AL025_RS15370	63	100.0	633	0	0	1	633	7343	7975	0.0	1170.0
AL025_RS15375	63	99.963	2724	1	0	1	2724	4607	7330	0.0	5025.0
AL025_RS17000	80	100.0	135	0	0	1	135	5530	5664	1.3899999999999997e-67	250.0
AL025_RS15420	114	99.76899999999999	1296	3	0	1	1296	137	1432	0.0	2377.0
AL025_RS15430	80	99.60799999999999	255	1	0	1	255	4399	4653	2.529999999999999e-132	466.0
AL025_RS15475	90	97.742	753	17	0	1	753	407	1159	0.0	1297.0
AL025_RS15480	90	98.94200000000001	756	8	0	1	756	1175	1930	0.0	1352.0
AL025_RS15570	58	99.613	1293	3	2	1	1291	10819	9527	0.0	2359.0
AL025_RS15660	143	95.536	336	15	0	1	336	673	338	7.07e-154	538.0
AL025_RS15665	143	95.833	192	8	0	1	192	192	1	9.319999999999999e-86	311.0
AL025_RS15685	52	95.465	2205	100	0	1	2205	5436	3232	0.0	3518.0
AL025_RS16770	52	99.329	149	1	0	1	149	3216	3068	1.18e-73	270.0
AL025_RS15715	112	99.234	261	2	0	1	261	619	359	5.569999999999998e-134	472.0
AL025_RS15800	103	100.0	408	0	0	1	408	1193	1600	0.0	754.0
AL025_RS15870	90	98.881	2056	16	7	1	2050	2200	4254	0.0	3663.0
AL025_RS15885	44	99.853	678	1	0	1	678	9851	9174	0.0	1247.0
AL025_RS16000	130	100.0	1121	0	0	1	1121	1121	1	0.0	2071.0
AL025_RS17040	65	100.0	1041	0	0	1	1041	4052	5092	0.0	1923.0
AL025_RS17045	65	99.495	198	0	1	1	198	8411	8607	3.339999999999999e-100	359.0
BHF65_RS09380	57	95.29899999999999	234	11	0	1	234	9366	9133	5.159999999999999e-104	372.0
BHF65_RS09390	57	98.005	1905	38	0	1	1905	8935	7031	0.0	3308.0
BHF65_RS09955	89	99.553	1343	6	0	35	1377	541	1883	0.0	2447.0
EfmE745_RS13590	52	99.535	645	3	0	1	645	15020	14376	0.0	1175.0
EfmE745_RS13590	87	97.51899999999999	645	16	0	1	645	4421	3777	0.0	1103.0
EfmE745_RS13595	52	100.0	807	0	0	1	807	14365	13559	0.0	1491.0
EfmE745_RS13595	87	96.28299999999999	807	30	0	1	807	3766	2960	0.0	1325.0
EfmE745_RS13600	52	100.0	231	0	0	1	231	13537	13307	1.0699999999999997e-120	427.0
EfmE745_RS13610	52	98.818	423	5	0	1	423	12484	12062	0.0	754.0
EfmE745_RS13615	52	98.868	1590	18	0	1	1590	12042	10453	0.0	2837.0
EfmE745_RS13620	143	98.81	336	3	1	1	335	673	338	1.1499999999999997e-171	597.0
EfmE745_RS13620	52	98.806	335	3	1	1	334	10441	10107	4.119999999999999e-171	595.0
EfmE745_RS17180	134	99.56700000000001	231	1	0	1	231	763	533	4.979999999999999e-119	422.0
EfmE745_RS13895	125	100.0	1115	0	0	1	1115	124	1238	0.0	2060.0
EfmE745_RS13950	125	99.82799999999999	1163	1	1	1	1162	76	1238	0.0	2135.0
EfmE745_RS14000	125	99.82799999999999	1163	2	0	1	1163	76	1238	0.0	2137.0
EfmE745_RS14020	105	99.845	1293	2	0	1	1293	1786	494	0.0	2377.0
EfmE745_RS14065	24	98.353	1275	21	0	1	1275	31949	33223	0.0	2239.0
EfmE745_RS14125	24	99.529	1275	6	0	1	1275	31949	33223	0.0	2322.0
EfmE745_RS14135	46	99.88	831	1	0	1	831	6124	6954	0.0	1530.0
EfmE745_RS14140	46	99.87700000000001	816	1	0	1	816	5312	6127	0.0	1502.0
EfmE745_RS14160	46	99.479	384	2	0	1	384	2405	2022	0.0	699.0
EfmE745_RS14170	46	99.897	972	1	0	1	972	561	1532	0.0	1790.0
EfmE745_RS17185	94	99.56299999999999	229	1	0	1	229	3730	3958	6.529999999999999e-118	418.0
EfmE745_RS14180	114	99.846	1296	2	0	1	1296	137	1432	0.0	2383.0
EfmE745_RS17190	108	100.0	192	0	0	1	192	1918	1727	4.169999999999999e-99	355.0
EfmE745_RS17195	108	99.539	217	0	1	1	216	2080	1864	1.0099999999999997e-110	394.0
EfmE745_RS14210	94	99.765	1278	3	0	1	1278	176	1453	0.0	2344.0
EfmE745_RS14300	42	99.539	651	3	0	1	651	3605	2955	0.0	1186.0
EfmE745_RS14305	42	99.804	510	1	0	1	510	4214	3705	0.0	937.0
EfmE745_RS14365	116	99.92299999999999	1296	1	0	1	1296	1381	86	0.0	2388.0
EfmE745_RS14435	63	99.874	795	1	0	1	795	8874	9668	0.0	1463.0
EfmE745_RS14445	63	99.963	2724	1	0	1	2724	4607	7330	0.0	5025.0
EfmE745_RS14460	63	99.87100000000001	774	1	0	1	774	1873	2646	0.0	1424.0
EfmE745_RS14465	63	99.788	471	1	0	1	471	1389	1859	0.0	865.0
EfmE745_RS14470	63	99.52	417	2	0	1	417	976	1392	0.0	760.0
EfmE745_RS14515	58	99.53399999999999	858	4	0	1	858	1175	2032	0.0	1563.0
EfmE745_RS14520	58	99.65299999999999	288	1	0	1	288	602	889	1.2999999999999996e-150	527.0
EfmE745_RS14545	116	99.92200000000001	1285	1	0	1	1285	1381	97	0.0	2368.0
EfmE745_RS14560	114	99.846	1296	2	0	1	1296	137	1432	0.0	2383.0
EfmE745_RS14565	80	98.751	1041	13	0	1	1041	2109	1069	0.0	1851.0
EfmE745_RS14610	90	100.0	753	0	0	1	753	407	1159	0.0	1391.0
EfmE745_RS14615	90	100.0	756	0	0	1	756	1175	1930	0.0	1397.0
EfmE745_RS14625	90	99.85700000000001	2091	3	0	1	2091	2200	4290	0.0	3845.0
EfmE745_RS14675	106	100.0	618	0	0	1	618	684	67	0.0	1142.0
EfmE745_RS17050	106	98.83	171	2	0	1	171	868	698	3.7399999999999997e-84	305.0
EfmE745_RS14710	44	99.90299999999999	1032	1	0	1	1032	2073	1042	0.0	1901.0
EfmE745_RS14800	111	100.0	573	0	0	1	573	1286	714	0.0	1059.0
EfmE745_RS14810	111	100.0	401	0	0	11	411	721	321	0.0	741.0
EfmE745_RS14850	44	99.95700000000001	2352	1	0	1	2352	17586	15235	0.0	4338.0
EfmE745_RS17210	44	99.744	390	0	1	1	390	18099	17711	0.0	713.0
EfmE745_RS17215	44	99.725	363	0	1	1	363	18400	18039	0.0	664.0
EfmE745_RS17220	65	99.73700000000001	760	0	2	1	759	2857	3615	0.0	1391.0
EfmE745_RS14905	65	99.669	605	0	1	1	603	5089	5693	0.0	1105.0
EfmE745_RS16825	65	98.65799999999999	149	0	1	1	147	5823	5971	1.9199999999999997e-71	263.0
EfmE745_RS14985	104	97.554	327	8	0	1	327	1625	1299	1.4699999999999994e-160	560.0
EfmE745_RS17235	104	99.04299999999999	209	0	1	1	207	951	743	1.2499999999999996e-104	374.0
EfmE745_RS15045	66	98.56299999999999	1461	21	0	1	1461	2440	3900	0.0	2582.0
EfmE745_RS15045	52	97.67399999999999	1462	32	2	1	1461	6907	5447	0.0	2510.0
EfmE745_RS15050	52	95.28299999999999	2205	104	0	1	2205	5436	3232	0.0	3496.0
EfmE745_RS17065	52	97.98700000000001	149	3	0	1	149	3216	3068	2.5399999999999994e-70	259.0
EfmE745_RS15175	171	100.0	240	0	0	1	240	415	176	1.1099999999999998e-125	444.0
EfmE745_RS15190	73	99.471	756	3	1	1	756	405	1159	0.0	1373.0
EfmE745_RS15195	73	99.87899999999999	825	1	0	1	825	1156	1980	0.0	1519.0
EfmE745_RS15200	73	97.095	2100	61	0	1	2100	2281	4380	0.0	3541.0
EfmE745_RS15205	73	97.389	2068	52	2	1	2067	6484	4418	0.0	3518.0
EfmE745_RS15210	73	100.0	207	0	0	1	207	6830	6624	2.08e-107	383.0
EfmE745_RS15215	73	100.0	447	0	0	1	447	7018	7464	0.0	826.0
EfmE745_RS15235	102	99.89	1812	2	0	1	1812	337	2148	0.0	3336.0
EfmE745_RS15245	102	99.625	801	1	2	2	801	2150	2949	0.0	1461.0
EfmE745_RS15280	87	96.163	808	26	5	1	804	3766	2960	0.0	1315.0
EfmE745_RS15280	52	96.04	808	27	5	1	804	14365	13559	0.0	1310.0
EfmE745_RS15335	97	100.0	498	0	0	1	498	3171	2674	0.0	920.0
EfmE745_RS15340	97	100.0	1953	0	0	1	1953	650	2602	0.0	3607.0
EfmE745_RS15345	97	100.0	297	0	0	1	297	347	643	2.8599999999999993e-157	549.0
EfmE745_RS15625	108	99.87100000000001	1548	2	0	1	1548	1625	78	0.0	2848.0
BO233_RS15240	102	100.0	2613	0	0	1	2613	337	2949	0.0	4826.0
BO233_RS15255	110	98.148	594	11	0	1	594	1218	1811	0.0	1037.0
BO233_RS15255	113	95.62299999999999	594	26	0	1	594	1085	1678	0.0	953.0
BO233_RS15275	52	97.02600000000001	807	24	0	1	807	14365	13559	0.0	1358.0
BO233_RS15275	87	96.15899999999999	807	31	0	1	807	3766	2960	0.0	1319.0
BO233_RS15320	66	97.262	1461	40	0	1	1461	2440	3900	0.0	2477.0
BO233_RS15320	52	97.059	1462	41	2	1	1461	6907	5447	0.0	2460.0
BO233_RS17320	66	97.98700000000001	149	3	0	1	149	6131	6279	2.5399999999999994e-70	259.0
BO233_RS15335	52	97.306	594	16	0	1	594	2991	2398	0.0	1009.0
BO233_RS15340	52	99.77799999999999	900	2	0	1	900	2385	1486	0.0	1652.0
BO233_RS15345	52	99.79899999999999	498	1	0	1	498	1483	986	0.0	915.0
BO233_RS15360	201	100.0	231	0	0	1	231	330	100	1.0699999999999997e-120	427.0
BO233_RS15440	77	99.896	963	1	0	1	963	5297	6259	0.0	1773.0
BO233_RS15445	5	98.98	294	3	0	1	294	16136	16429	1.3299999999999997e-150	527.0
BO233_RS15455	69	100.0	894	0	0	1	894	7368	6475	0.0	1652.0
BO233_RS15460	69	100.0	1440	0	0	1	1440	6401	4962	0.0	2660.0
BO233_RS15465	69	100.0	303	0	0	1	303	4914	4612	1.3499999999999996e-160	560.0
BO233_RS15470	69	99.927	1365	1	0	1	1365	4593	3229	0.0	2516.0
BO233_RS15475	69	100.0	315	0	0	1	315	3173	2859	3.009999999999999e-167	582.0
BO233_RS15480	69	100.0	1047	0	0	1	1047	2525	1479	0.0	1934.0
BO233_RS15490	69	100.0	555	0	0	1	555	924	370	0.0	1026.0
BO233_RS15495	69	100.0	156	0	0	1	156	321	166	3.4e-79	289.0
BO233_RS15510	91	100.0	1089	0	0	1	1089	4679	3591	0.0	2012.0
BO233_RS15515	91	100.0	150	0	0	1	150	2985	3134	7.029999999999999e-76	278.0
BO233_RS15520	91	100.0	423	0	0	1	423	2922	2500	0.0	782.0
BO233_RS16985	46	99.80799999999999	521	1	0	1	521	11046	10526	0.0	957.0
BO233_RS15785	117	99.82	555	1	0	1	555	370	924	0.0	1020.0
BO233_RS15800	85	100.0	546	0	0	1	546	39	584	0.0	1009.0
BO233_RS15805	85	100.0	927	0	0	1	927	1507	581	0.0	1712.0
BO233_RS15810	85	100.0	414	0	0	1	414	2463	2050	0.0	765.0
BO233_RS15815	85	100.0	237	0	0	1	237	2696	2460	5.079999999999999e-124	438.0
BO233_RS15825	85	100.0	603	0	0	1	603	3653	3051	0.0	1114.0
BO233_RS15840	85	100.0	213	0	0	1	213	4725	4937	9.929999999999998e-111	394.0
BO233_RS15845	85	100.0	396	0	0	1	396	4927	5322	0.0	732.0
BO233_RS15855	76	100.0	279	0	0	1	279	6422	6700	2.7099999999999995e-147	516.0
BO233_RS15860	76	100.0	267	0	0	1	267	5997	6263	1.2199999999999998e-140	494.0
BO233_RS15865	76	100.0	357	0	0	1	357	5651	6007	0.0	660.0
BO233_RS15870	76	100.0	780	0	0	1	780	4789	5568	0.0	1441.0
BO233_RS15875	76	100.0	717	0	0	1	717	4059	4775	0.0	1325.0
BO233_RS15880	76	100.0	600	0	0	1	600	3411	4010	0.0	1109.0
BO233_RS15885	76	100.0	597	0	0	1	597	1863	2459	0.0	1103.0
BO233_RS15895	76	99.928	1394	1	0	1	1394	228	1621	0.0	2569.0
BO233_RS15905	76	100.0	222	0	0	1	222	7	228	1.0299999999999998e-115	411.0
BO233_RS15935	57	100.0	1932	0	0	1	1932	4066	2135	0.0	3568.0
BO233_RS15940	57	99.68299999999999	315	1	0	1	315	4365	4679	1.3999999999999997e-165	577.0
BO233_RS15945	57	100.0	909	0	0	1	909	4721	5629	0.0	1679.0
BO233_RS15950	57	100.0	612	0	0	1	612	6342	5731	0.0	1131.0
BO233_RS15955	57	100.0	363	0	0	1	363	6721	6359	0.0	671.0
BO233_RS15960	57	99.948	1905	1	0	1	1905	8935	7031	0.0	3513.0
BO233_RS16425	24	99.476	763	4	0	12	774	32461	33223	0.0	1387.0
BO233_RS16450	126	100.0	990	0	0	1	990	990	1	0.0	1829.0
BO233_RS16545	185	100.0	219	0	0	1	219	192	410	4.7999999999999995e-114	405.0
BO233_RS16545	150	99.095	221	2	0	1	221	480	700	8.0299999999999975e-112	398.0
A6B45_RS10220	57	98.795	249	3	0	1	249	9761	9513	1.1499999999999998e-125	444.0
A6B45_RS10225	57	96.581	234	8	0	1	234	9366	9133	5.119999999999999e-109	388.0
A6B45_RS10235	57	96.581	234	8	0	1	234	9366	9133	5.119999999999999e-109	388.0
A6B45_RS10240	57	98.336	1863	31	0	1	1863	8935	7073	0.0	3269.0
BOW68_RS00040	90	99.471	2080	10	1	1	2079	2200	4279	0.0	3779.0
BOW68_RS00285	52	97.13799999999999	594	17	0	1	594	2991	2398	0.0	1003.0
BOW68_RS18180	171	95.0	240	11	1	1	239	415	176	4.079999999999999e-105	375.0
BOW68_RS18120	89	98.729	236	0	3	1	234	4536	4770	2.3499999999999993e-117	416.0
BOW68_RS18125	89	98.889	540	1	5	1	537	3982	4519	0.0	959.0
BOW68_RS16135	138	100.0	990	0	0	1	990	61	1050	0.0	1829.0
BOW68_RS16150	187	100.0	304	0	0	3	306	386	83	3.7999999999999986e-161	562.0
BOW68_RS16150	114	97.38600000000001	306	8	0	1	306	1127	1432	6.439999999999999e-149	521.0
BOW68_RS16345	89	99.777	1343	1	2	35	1375	541	1883	0.0	2462.0
BOW68_RS17750	125	99.398	1163	3	4	1	1159	76	1238	0.0	2106.0
BOW68_RS16550	46	100.0	375	0	0	1	375	14002	13628	0.0	693.0
BOW68_RS16630	44	99.838	618	1	0	1	618	14435	13818	0.0	1136.0
BOW68_RS17355	125	99.742	1163	3	0	1	1163	76	1238	0.0	2132.0
BOW68_RS17400	91	99.816	1086	0	2	1	1084	1179	94	0.0	1993.0
BTW26_RS10375	44	98.916	738	8	0	1	738	9911	9174	0.0	1319.0
AL026_RS00325	92	99.837	615	1	0	1	615	2850	3464	0.0	1131.0
AL026_RS00895	83	99.9	996	1	0	1	996	2578	3573	0.0	1834.0
AL026_RS00125	44	100.0	114	0	0	1	114	5403	5290	5.280000000000001e-56	211.0
AL026_RS00160	121	99.89	912	1	0	1	912	22	933	0.0	1679.0
BZG32_RS16495	97	99.80799999999999	522	1	0	1	522	2081	2602	0.0	959.0
BVA04_RS26115	32	100.0	468	0	0	1	468	886	419	0.0	865.0
BVA04_RS28745	32	100.0	117	0	0	1	117	174	58	1.1699999999999999e-57	217.0
A9176_RS08585	17	98.99600000000001	498	5	0	1	498	46402	45905	0.0	893.0
AYM22_RS15550	97	100.0	237	0	0	1	237	407	643	5.079999999999999e-124	438.0
BVA20_RS15430	44	99.68799999999999	642	1	1	1	642	18351	17711	0.0	1173.0
BVA20_RS15460	24	98.353	1275	21	0	1	1275	31949	33223	0.0	2239.0
BVA20_RS15535	24	99.37299999999999	1275	8	0	1	1275	31949	33223	0.0	2311.0
BVA20_RS15645	58	99.45100000000001	364	2	0	1	364	2841	3204	0.0	662.0
BVA20_RS15875	63	99.79299999999999	1933	2	2	1	1932	5399	7330	0.0	3546.0
BVA20_RS16165	117	99.64	555	2	0	1	555	370	924	0.0	1014.0
BVA20_RS16175	162	98.95100000000001	286	2	1	1	285	245	530	1.2899999999999998e-145	510.0
BVA20_RS16185	9	95.802	1191	50	0	1	1191	57673	58863	0.0	1923.0
BVA20_RS16190	42	98.249	1199	21	0	2	1200	13103	11905	0.0	2098.0
BVA20_RS16195	125	99.742	1163	3	0	1	1163	76	1238	0.0	2132.0
BVA20_RS16200	42	99.868	759	1	0	1	759	10652	11410	0.0	1397.0
BVA20_RS16210	42	99.679	936	3	0	1	936	10484	9549	0.0	1712.0
BVA20_RS16215	42	99.723	1446	4	0	1	1446	9552	8107	0.0	2649.0
BVA20_RS16220	42	100.0	456	0	0	1	456	8079	7624	0.0	843.0
BVA20_RS16225	42	99.795	975	2	0	1	975	7605	6631	0.0	1790.0
BVA20_RS16230	42	96.90700000000001	485	14	1	3	486	6036	6520	0.0	811.0
BVA20_RS16360	125	99.82799999999999	1163	2	0	1	1163	76	1238	0.0	2137.0
BVA20_RS16425	83	99.915	1170	1	0	1	1170	1393	2562	0.0	2156.0
BVA20_RS16715	57	97.256	328	9	0	1	328	6721	6394	1.9199999999999994e-159	556.0
BVA20_RS17235	65	97.661	171	4	0	1	171	1462	1632	8.099999999999999e-81	294.0
BVA20_RS16795	65	96.588	381	13	0	1	381	6402	6782	0.0	632.0
BE962_RS00865	32	98.45700000000001	324	5	0	1	324	742	419	6.709999999999998e-164	571.0
B4U48_RS15040	191	97.89	237	3	2	1	236	355	120	3.9699999999999996e-115	409.0
B4U48_RS15285	125	100.0	928	0	0	2	929	311	1238	0.0	1714.0
B4U48_RS15380	17	99.556	450	2	0	1	450	37487	37936	0.0	821.0
B4U48_RS15385	17	99.757	1647	4	0	1	1647	37303	35657	0.0	3020.0
B4U48_RS15390	17	99.446	1083	6	0	1	1083	35666	34584	0.0	1967.0
B4U48_RS15395	17	99.61399999999999	1554	6	0	1	1554	32923	34476	0.0	2837.0
B4U48_RS15405	17	97.094	1170	6	3	1	1142	32775	31606	0.0	1947.0
B4U48_RS15410	17	99.63	1080	4	0	1	1080	30401	31480	0.0	1973.0
B4U48_RS15415	17	99.32	441	3	0	1	441	29852	30292	0.0	798.0
B4U48_RS15420	17	99.757	411	1	0	1	411	29385	29795	0.0	754.0
B4U48_RS15425	17	99.31	435	3	0	1	435	28770	29204	0.0	787.0
B4U48_RS15430	17	99.529	849	4	0	1	849	27822	28670	0.0	1546.0
B4U48_RS15435	17	99.54700000000001	1767	8	0	1	1767	27433	25667	0.0	3219.0
B4U48_RS15440	17	100.0	1260	0	0	1	1260	25565	24306	0.0	2327.0
B4U48_RS15445	17	99.92299999999999	1302	1	0	1	1302	24159	22858	0.0	2399.0
B4U48_RS15450	17	100.0	852	0	0	1	852	22855	22004	0.0	1574.0
B4U48_RS15455	17	100.0	816	0	0	1	816	21991	21176	0.0	1507.0
B4U48_RS15460	17	99.914	1167	1	0	1	1167	21025	19859	0.0	2150.0
B4U48_RS15465	17	100.0	648	0	0	1	648	19629	18982	0.0	1197.0
B4U48_RS15470	17	99.89399999999999	945	1	0	1	945	18898	17954	0.0	1740.0
B4U48_RS15475	17	100.0	1452	0	0	1	1452	17819	16368	0.0	2682.0
B4U48_RS15480	17	100.0	837	0	0	1	837	16347	15511	0.0	1546.0
B4U48_RS15485	17	99.545	660	3	0	1	660	15511	14852	0.0	1203.0
B4U48_RS15490	17	99.855	690	1	0	1	690	14726	14037	0.0	1269.0
B4U48_RS15495	17	99.896	957	1	0	1	957	14031	13075	0.0	1762.0
B4U48_RS15500	17	99.805	513	1	0	1	513	13031	12519	0.0	942.0
B4U48_RS15505	17	100.0	549	0	0	1	549	11715	12263	0.0	1014.0
B4U48_RS15510	17	100.0	1182	0	0	1	1182	10445	11626	0.0	2183.0
B4U48_RS15515	17	99.867	1509	2	0	1	1509	8701	10209	0.0	2776.0
B4U48_RS15520	17	100.0	192	0	0	1	192	8542	8351	4.169999999999999e-99	355.0
B4U48_RS15525	17	99.891	918	1	0	1	918	8148	7231	0.0	1690.0
B4U48_RS15530	17	99.90700000000001	1074	1	0	1	1074	7238	6165	0.0	1978.0
B4U48_RS15535	17	100.0	519	0	0	1	519	6017	5499	0.0	959.0
B4U48_RS15540	17	99.74600000000001	393	1	0	1	393	5518	5126	0.0	721.0
B4U48_RS15545	17	100.0	936	0	0	1	936	5050	4115	0.0	1729.0
B4U48_RS15550	17	99.616	781	2	1	1	781	3982	3203	0.0	1424.0
B4U48_RS15555	17	100.0	318	0	0	1	318	3210	2893	6.529999999999998e-169	588.0
B4U48_RS15565	17	100.0	1611	0	0	1	1611	2649	1039	0.0	2976.0
B4U48_RS15570	17	99.882	849	1	0	1	849	882	34	0.0	1563.0
B4U48_RS15575	16	99.583	480	2	0	1	480	48530	48051	0.0	876.0
B4U48_RS15580	16	99.91	2229	2	0	1	2229	48018	45790	0.0	4106.0
B4U48_RS15585	16	99.939	1644	1	0	1	1644	45661	44018	0.0	3031.0
B4U48_RS15590	16	99.81700000000001	546	1	0	1	546	43400	43945	0.0	1003.0
B4U48_RS15595	16	100.0	486	0	0	1	486	42892	43377	0.0	898.0
B4U48_RS15600	16	100.0	813	0	0	1	813	42090	42902	0.0	1502.0
B4U48_RS15605	16	99.82	1113	2	0	1	1113	40839	41951	0.0	2045.0
B4U48_RS15615	16	100.0	426	0	0	1	426	40419	40844	0.0	787.0
B4U48_RS15620	16	100.0	1032	0	0	1	1032	39279	40310	0.0	1906.0
B4U48_RS15625	16	99.899	987	1	0	1	987	38555	37569	0.0	1818.0
B4U48_RS15630	16	99.925	1341	1	0	1	1341	36080	37420	0.0	2471.0
B4U48_RS15635	16	99.852	675	1	0	1	675	35401	36075	0.0	1242.0
B4U48_RS15640	16	100.0	1074	0	0	1	1074	35179	34106	0.0	1984.0
B4U48_RS15645	16	100.0	687	0	0	1	687	34100	33414	0.0	1269.0
B4U48_RS15650	16	100.0	648	0	0	1	648	33406	32759	0.0	1197.0
B4U48_RS15655	16	99.928	1392	1	0	1	1392	31295	32686	0.0	2566.0
B4U48_RS15660	16	99.705	2714	8	0	1	2714	31038	28325	0.0	4968.0
B4U48_RS15760	44	99.65700000000001	583	0	2	1	583	5870	5290	0.0	1064.0
B4U48_RS15985	92	99.79799999999999	494	1	0	14	507	2971	3464	0.0	907.0
B4U48_RS16055	52	95.646	2205	96	0	1	2205	5436	3232	0.0	3541.0
B4U48_RS16090	87	99.27799999999999	277	1	1	1	277	2160	1885	2.7099999999999993e-142	499.0
B4U48_RS16095	52	99.134	231	1	1	1	230	13537	13307	8.29e-117	414.0
B4U48_RS16100	52	95.59899999999999	818	23	12	1	816	14365	13559	0.0	1299.0
B4U48_RS16105	52	96.47200000000001	652	14	8	1	650	15020	14376	0.0	1068.0
B4U48_RS16105	87	96.166	652	16	9	1	650	4421	3777	0.0	1057.0
B4U48_RS16245	52	99.56700000000001	231	1	0	1	231	13537	13307	4.979999999999999e-119	422.0
B4U48_RS16250	52	97.15	807	23	0	1	807	14365	13559	0.0	1363.0
B4U48_RS16250	87	95.04299999999999	807	40	0	1	807	3766	2960	0.0	1269.0
B4U48_RS17505	104	97.93799999999999	291	4	2	1	291	848	560	2.2099999999999995e-143	503.0
B4U48_RS17260	104	98.78	328	1	3	1	326	1625	1299	1.1199999999999998e-166	580.0
B4U48_RS16435	65	95.039	383	12	5	1	378	6402	6782	4.689999999999998e-171	595.0
B4U48_RS16440	65	97.492	917	7	11	1	903	6764	7678	0.0	1552.0
B4U48_RS16500	65	96.325	381	13	1	1	380	6402	6782	6.009999999999998e-180	625.0
B4U48_RS16505	65	98.647	665	7	1	1	665	6764	7426	0.0	1177.0
B4U48_RS17615	65	100.0	447	0	0	1	447	7470	7916	0.0	826.0
B4U48_RS16560	65	96.335	382	13	1	1	382	6402	6782	1.6799999999999994e-180	627.0
B4U48_RS16565	65	99.235	915	7	0	1	915	6764	7678	0.0	1652.0
B4U48_RS16575	65	95.094	693	28	5	1	690	7918	8607	0.0	1086.0
B4U48_RS16625	65	96.588	381	13	0	1	381	6402	6782	0.0	632.0
B4U48_RS16690	65	96.084	383	13	2	1	383	6402	6782	2.1799999999999994e-179	623.0
B4U48_RS16695	65	98.368	919	7	6	1	915	6764	7678	0.0	1607.0
B4W81_RS15330	52	96.92200000000001	1462	43	2	1	1461	6907	5447	0.0	2449.0
B4W81_RS15330	66	96.851	1461	46	0	1	1461	2440	3900	0.0	2444.0
B4W81_RS17950	44	99.266	545	3	1	1	545	12522	11979	0.0	983.0
B4W81_RS15590	58	99.44	357	1	1	1	356	2841	3197	0.0	647.0
B4W81_RS15610	128	100.0	492	0	0	1	492	997	506	0.0	909.0
B4W81_RS15875	44	100.0	396	0	0	1	396	15155	14760	0.0	732.0
B4W81_RS15950	46	100.0	702	0	0	1	702	14329	13628	0.0	1297.0
B4W81_RS15960	108	99.71799999999999	354	1	0	1	354	2080	1727	0.0	649.0
B4W81_RS16020	58	99.324	296	1	1	2	296	2842	3137	7.989999999999998e-153	534.0
B4W81_RS16485	109	100.0	378	0	0	1	378	2	379	0.0	699.0
B4W81_RS16560	63	99.759	1245	1	2	2	1245	6087	7330	0.0	2281.0
B4W81_RS16635	158	97.95299999999999	342	0	6	1	338	127	465	2.5099999999999987e-168	586.0
B4W81_RS16645	122	98.84200000000001	259	0	3	1	256	719	977	4.2399999999999985e-130	459.0
B4W81_RS16650	122	99.61200000000001	258	0	1	1	257	941	1198	1.9699999999999993e-133	470.0
B4W81_RS16700	125	100.0	519	0	0	1	519	720	1238	0.0	959.0
B4W81_RS16705	55	99.634	546	2	0	28	573	12071	12616	0.0	998.0
B4W81_RS16745	228	100.0	162	0	0	1	162	75	236	1.64e-82	300.0
B4W81_RS16745	44	99.383	162	1	0	1	162	18997	19158	7.619999999999999e-81	294.0
B4W81_RS17235	44	99.00299999999999	702	0	7	1	696	2052	1352	0.0	1251.0
B4W81_RS17240	44	99.691	970	0	3	1	968	3034	2066	0.0	1772.0
B4W81_RS17245	44	99.54299999999999	1095	0	5	1	1090	4343	3249	0.0	1989.0
B4W81_RS17250	44	99.713	696	0	2	1	694	5076	4381	0.0	1273.0
B4W81_RS17260	44	100.0	372	0	0	1	372	5661	5290	0.0	688.0
B4W81_RS17405	57	97.46	315	8	0	14	328	6708	6394	6.94e-154	538.0
B4W81_RS17510	158	100.0	339	0	0	1	339	127	465	1.4799999999999993e-180	627.0
B4W81_RS17525	122	100.0	258	0	0	1	258	941	1198	1.1799999999999997e-135	477.0
B4W81_RS17620	228	99.387	163	0	1	1	163	75	236	7.829999999999998e-81	294.0
B4W81_RS17620	44	98.773	163	1	1	1	163	18997	19158	3.6499999999999993e-79	289.0
B4W80_RS14785	44	99.419	1032	3	3	1	1029	2073	1042	0.0	1869.0
B4W80_RS14790	44	99.579	950	0	4	1	949	3034	2088	0.0	1729.0
B4W80_RS14795	44	99.74	1156	0	3	1	1154	4403	3249	0.0	2115.0
B4W80_RS14800	44	99.85600000000001	696	0	1	1	695	5076	4381	0.0	1279.0
B4W80_RS15400	83	100.0	278	0	0	1	278	3652	3929	9.759999999999997e-147	514.0
B4W80_RS15570	44	99.711	691	1	1	1	691	18400	17711	0.0	1264.0
B4W80_RS16030	63	99.88799999999999	1792	0	2	1	1791	5540	7330	0.0	3297.0
B4W80_RS16835	24	98.12200000000001	1278	10	14	1	1270	31952	33223	0.0	2215.0
B4W80_RS16380	44	100.0	192	0	0	1	192	9911	9720	4.169999999999999e-99	355.0
LL229_RS13010	176	97.807	228	5	0	1	228	467	240	1.0699999999999997e-110	394.0
LL275_RS13490	198	97.74	177	4	0	1	177	74	250	3.89e-84	305.0
LLUC11_RS12020	176	95.652	230	9	1	1	230	485	257	6.669999999999999e-103	368.0
LLJM3_RS13415	176	96.889	225	7	0	1	225	464	240	1.0599999999999998e-105	377.0
BSR25_RS12535	80	98.374	123	2	0	1	123	6140	6018	1.2400000000000001e-57	217.0
BSR25_RS12535	176	97.561	123	3	0	1	123	362	240	5.78e-56	211.0
B7R82_RS10685	57	98.29799999999999	705	12	0	1	705	11633	10929	0.0	1236.0
B7R82_RS10885	89	99.33	1343	9	0	35	1377	541	1883	0.0	2431.0
S100313_RS10505	17	98.795	498	6	0	1	498	46402	45905	0.0	887.0
CE141_RS25565	32	95.726	117	5	0	1	117	174	58	2.55e-49	189.0
CMV25_RS11015	198	99.51	204	1	0	1	204	74	277	4.429999999999999e-104	372.0
CNX66_RS14025	90	99.734	753	2	0	1	753	407	1159	0.0	1380.0
CNX66_RS14045	90	99.55	444	2	0	1	444	4317	4760	0.0	809.0
CNX66_RS14080	110	96.26700000000001	509	19	0	23	531	327	835	0.0	835.0
CNX66_RS14120	52	97.368	646	15	2	1	645	15020	14376	0.0	1098.0
CNX66_RS14120	87	96.904	646	18	2	1	645	4421	3777	0.0	1081.0
CNX66_RS14125	52	96.654	807	27	0	1	807	14365	13559	0.0	1341.0
CNX66_RS14130	52	98.70100000000001	231	3	0	1	231	13537	13307	1.0799999999999998e-115	411.0
CNX66_RS14145	52	96.301	1595	52	4	1	1593	12042	10453	0.0	2612.0
CNX66_RS14150	143	99.405	336	2	0	1	336	673	338	1.4799999999999997e-175	610.0
CNX66_RS14150	52	98.209	335	6	0	1	335	10441	10107	2.4899999999999994e-168	586.0
CNX66_RS14455	83	99.89200000000001	927	0	1	1	926	3652	4578	0.0	1705.0
CNX66_RS15860	174	100.0	242	0	0	1	242	271	30	8.679999999999997e-127	448.0
CNX66_RS14520	46	100.0	486	0	0	1	486	14797	14312	0.0	898.0
CNX66_RS14530	108	99.677	310	0	1	1	309	2023	1714	2.969999999999999e-162	566.0
CNX66_RS14535	108	99.8	1501	3	0	1	1501	1625	125	0.0	2756.0
CNX66_RS14545	108	100.0	297	0	0	1	297	2023	1727	2.8599999999999993e-157	549.0
CNX66_RS14550	108	99.806	1548	3	0	1	1548	1625	78	0.0	2843.0
CNX66_RS14555	46	100.0	692	0	0	2	693	14319	13628	0.0	1279.0
CNX66_RS14650	44	99.68700000000001	319	0	1	1	318	15146	14828	3.0399999999999985e-167	582.0
CNX66_RS14940	58	99.63600000000001	549	1	1	1	548	2033	2581	0.0	1002.0
CNX66_RS15505	111	100.0	540	0	0	1	540	860	321	0.0	998.0
CNX66_RS15520	111	100.0	285	0	0	1	285	1286	1002	1.2799999999999998e-150	527.0
CNX66_RS16205	65	99.43799999999999	178	0	1	1	177	2405	2228	3.8599999999999996e-89	322.0
CNX66_RS15780	65	100.0	297	0	0	1	297	2538	2834	3.0199999999999987e-157	549.0
CNX66_RS15785	65	99.725	364	1	0	1	364	2405	2042	0.0	667.0
CO692_RS00265	76	99.83200000000001	597	1	0	1	597	1863	2459	0.0	1098.0
CO692_RS00270	76	99.51700000000001	207	1	0	1	207	1636	1842	9.689999999999998e-106	377.0
CO692_RS00275	76	97.419	1395	35	1	1	1395	228	1621	0.0	2375.0
CO692_RS00440	130	99.822	1121	2	0	1	1121	1121	1	0.0	2060.0
CO692_RS00445	57	97.825	1931	36	1	2	1926	4065	2135	0.0	3328.0
CO692_RS00765	44	98.198	111	2	0	1	111	12782	12672	5.1500000000000005e-51	195.0
CO692_RS00770	44	95.51899999999999	424	6	1	1	411	12672	12249	0.0	665.0
CO692_RS00775	44	97.13799999999999	1677	48	0	1	1677	12204	10528	0.0	2832.0
CO692_RS00805	125	99.742	1163	3	0	1	1163	76	1238	0.0	2132.0
CO692_RS00910	125	99.78399999999999	464	1	0	1	464	76	539	0.0	852.0
BN9748_RS14715	58	99.874	792	1	0	1	792	1241	2032	0.0	1458.0
BN9748_RS14750	58	100.0	1293	0	0	1	1293	10819	9527	0.0	2388.0
BN9748_RS14755	58	100.0	531	0	0	1	531	10891	11421	0.0	981.0
BN9748_RS14760	130	99.822	1121	2	0	1	1121	1121	1	0.0	2060.0
BN9748_RS14795	57	99.84299999999999	1905	3	0	1	1905	8935	7031	0.0	3502.0
BN9748_RS14860	162	100.0	287	0	0	1	287	6	292	1.0099999999999997e-151	531.0
BN9748_RS14920	46	99.897	972	1	0	1	972	561	1532	0.0	1790.0
BN9748_RS14975	46	99.919	1233	1	0	1	1233	9372	8140	0.0	2272.0
BN9748_RS15095	46	100.0	225	0	0	1	225	13852	13628	2.2499999999999995e-117	416.0
BN9748_RS15105	46	100.0	855	0	0	1	855	14701	13847	0.0	1580.0
BN9748_RS15300	77	99.792	1440	2	1	1	1439	3856	5295	0.0	2641.0
BN9748_RS15500	143	96.429	336	12	0	1	336	673	338	7.019999999999999e-159	555.0
BN9748_RS15500	52	95.522	335	15	0	1	335	10441	10107	2.539999999999999e-153	536.0
BN9748_RS15620	90	99.469	753	4	0	1	753	407	1159	0.0	1369.0
BN9748_RS15715	63	99.89	2724	3	0	1	2724	4607	7330	0.0	5014.0
BN9748_RS15755	79	99.87700000000001	816	1	0	1	816	3605	4420	0.0	1502.0
BN9748_RS16355	90	99.42299999999999	2080	12	0	1	2080	2200	4279	0.0	3775.0
BN9748_RS16485	52	97.60600000000001	1462	33	2	1	1461	6907	5447	0.0	2505.0
BN9748_RS16485	66	97.536	1461	36	0	1	1461	2440	3900	0.0	2499.0
BN9748_RS16605	130	99.911	1121	1	0	1	1121	1121	1	0.0	2065.0
BQ1177_RS10000	57	98.604	573	8	0	1	573	12350	11778	0.0	1014.0
BQ1177_RS10005	57	98.723	705	9	0	1	705	11633	10929	0.0	1253.0
BQ1177_RS10020	57	96.581	234	8	0	1	234	9366	9133	5.119999999999999e-109	388.0
BQ1177_RS10030	57	98.583	1905	27	0	1	1905	8935	7031	0.0	3369.0
