pBMB0558_00305	26	96.221	2064	78	0	1	2064	24253	26316	0.0	3380.0
pBMB0558_00385	32	96.988	498	15	0	1	498	9206	8709	0.0	837.0
pBMB0558_00460	1	97.78299999999999	406	9	0	1	406	349451	349856	0.0	701.0
CES93_27125	2	97.322	1083	29	0	1	1083	187794	186712	0.0	1840.0
CES93_27130	2	96.87899999999999	3076	94	2	1	3075	186589	183515	0.0	5147.0
CES93_27135	2	98.485	1254	19	0	1	1254	183463	182210	0.0	2211.0
CES93_27200	15	100.0	1163	0	0	1	1163	49432	48270	0.0	2148.0
CFA70_27295	32	99.762	421	1	0	1	421	6515	6095	0.0	773.0
CFA70_27300	32	100.0	282	0	0	1	282	6714	6433	1.0799999999999997e-148	521.0
CFA70_27305	32	99.863	1458	2	0	1	1458	8110	6653	0.0	2682.0
CFA70_27310	32	99.355	465	3	0	1	465	8712	8248	0.0	843.0
CFA70_27965	18	96.54700000000001	666	15	1	1	666	88008	88665	0.0	1096.0
CFA70_27970	18	97.806	319	5	2	1	318	87508	87825	5.619999999999998e-157	549.0
C2U38_28385	2	98.39399999999999	1245	20	0	1	1245	183463	182219	0.0	2189.0
C2U38_28390	2	96.71700000000001	3076	99	2	1	3075	186589	183515	0.0	5120.0
C2U38_28395	2	96.03	1083	43	0	1	1083	187794	186712	0.0	1762.0
C2U53_02205	2	96.12200000000001	1083	42	0	1	1083	187794	186712	0.0	1768.0
C2U53_02210	2	96.53399999999999	2308	78	2	1	2307	186589	184283	0.0	3818.0
AN232_27165	15	99.742	1163	3	0	1	1163	49432	48270	0.0	2132.0
AN232_27235	34	97.52799999999999	1173	29	0	1	1173	583	1755	0.0	2006.0
ECNIH5_22095	2	98.405	1254	20	0	1	1254	183463	182210	0.0	2206.0
ECNIH5_22100	2	96.944	3076	92	2	1	3075	186589	183515	0.0	5158.0
ECNIH5_22105	2	97.507	1083	27	0	1	1083	187794	186712	0.0	1851.0
CS900_00005	40	95.495	111	2	3	2	109	123	13	1.2399999999999998e-44	174.0
CS900_00010	40	95.54	2937	94	23	1	2905	3132	201	0.0	4663.0
CS900_00550	40	98.27600000000001	116	2	0	1	116	124	9	1.6299999999999998e-53	204.0
CS900_00550	29	97.345	113	3	0	2	114	22598	22486	3.5299999999999993e-50	193.0
CS900_00555	40	96.155	2939	98	13	1	2931	3132	201	0.0	4787.0
CS900_00670	28	96.175	366	14	0	1	366	26569	26204	6.369999999999998e-172	599.0
CS900_00675	28	95.984	498	20	0	1	498	27133	26636	0.0	809.0
CS900_00705	10	95.101	1184	58	0	2	1185	154124	155307	0.0	1866.0
CS900_01290	15	98.31200000000001	237	4	0	1	237	85360	85596	4.3299999999999995e-117	416.0
CS900_01385	15	95.29	276	13	0	1	276	74921	74646	1.0899999999999999e-123	438.0
CS900_02020	12	99.291	141	1	0	1	141	57508	57368	5.589999999999999e-69	255.0
CS900_02030	12	95.34899999999999	258	12	0	1	258	57028	56771	2.2099999999999997e-115	411.0
CS900_02160	12	97.917	240	5	0	1	240	20253	20492	4.389999999999999e-117	416.0
CS900_06020	5	98.396	374	6	0	1	374	119736	120109	0.0	658.0
CS900_06130	40	96.18700000000001	2937	95	15	1	2925	3132	201	0.0	4787.0
CS900_06135	40	97.414	116	3	0	1	116	124	9	7.58e-52	198.0
CS900_06135	29	98.23	113	2	0	2	114	22598	22486	7.58e-52	198.0
CS900_13855	40	96.189	2939	96	14	1	2930	3132	201	0.0	4793.0
CS900_14430	40	96.05	2937	95	16	1	2921	3132	201	0.0	4761.0
AM401_26510	2	96.12200000000001	1083	42	0	1	1083	187794	186712	0.0	1768.0
AM401_26515	2	96.78200000000001	3076	97	2	1	3075	186589	183515	0.0	5131.0
AM401_26520	2	98.405	1254	20	0	1	1254	183463	182210	0.0	2206.0
ECNIH2_24335	2	96.87899999999999	3076	94	2	1	3075	186589	183515	0.0	5147.0
ECNIH2_24340	2	97.415	1083	28	0	1	1083	187794	186712	0.0	1845.0
ECNIH2_24415	2	98.56700000000001	1326	19	0	1	1326	136321	134996	0.0	2344.0
ECR091_23325	2	97.436	1092	28	0	1	1092	187803	186712	0.0	1862.0
DF208_26115	2	96.84700000000001	3076	95	2	1	3075	186589	183515	0.0	5142.0
BH714_22925	40	96.318	2933	94	11	1	2926	3132	207	0.0	4806.0
BH714_22930	40	99.13799999999999	116	1	0	1	116	124	9	3.4999999999999995e-55	209.0
BH714_22930	29	98.23	113	2	0	2	114	22598	22486	7.58e-52	198.0
BH714_23345	40	96.25	2933	96	11	1	2926	3132	207	0.0	4795.0
ECONIH1_26520	17	97.912	910	19	0	6	915	10311	9402	0.0	1576.0
ECONIH1_26525	17	98.18799999999999	828	15	0	1	828	9402	8575	0.0	1447.0
ECONIH1_26530	17	99.301	858	6	0	1	858	8578	7721	0.0	1552.0
ECONIH1_26535	17	95.804	858	36	0	1	858	7724	6867	0.0	1386.0
LS41_24535	2	99.27	137	1	0	2	138	432527	432391	9.129999999999998e-67	248.0
LS41_24540	2	98.624	654	9	0	1	654	432297	431644	0.0	1158.0
HW42_23600	15	99.76899999999999	867	2	0	1	867	49136	48270	0.0	1591.0
HW42_23605	15	100.0	300	0	0	1	300	49432	49133	1.1399999999999997e-158	555.0
AC789_145pl00160	4	97.92399999999999	289	6	0	1	289	19975	20263	1.4699999999999996e-142	501.0
AC789_145pl00190	12	99.27	411	3	0	1	411	139726	140136	0.0	743.0
AC789_145pl00200	12	97.697	825	19	0	1	825	140175	140999	0.0	1419.0
AC789_145pl00510	17	99.184	858	7	0	1	858	8578	7721	0.0	1546.0
AC789_145pl00520	17	95.921	858	35	0	1	858	7724	6867	0.0	1391.0
AC789_106pl01010	12	97.738	840	19	0	1	840	140160	140999	0.0	1447.0
SY51_26795	12	95.355	366	17	0	1	366	139771	140136	6.419999999999998e-167	582.0
RR31_24495	17	97.69200000000001	910	21	0	6	915	10311	9402	0.0	1565.0
RR31_24510	17	95.804	858	36	0	1	858	7724	6867	0.0	1386.0
VK74_24680	15	95.50200000000001	867	39	0	1	867	49136	48270	0.0	1386.0
VK74_24685	15	96.64399999999999	149	5	0	5	153	49281	49133	1.0299999999999999e-66	248.0
AA102_25065	34	97.613	1173	28	0	1	1173	583	1755	0.0	2012.0
AA102_25185	12	99.779	906	2	0	1	906	140094	140999	0.0	1663.0
AA102_25190	12	99.727	366	1	0	1	366	139771	140136	0.0	671.0
AA102_25385	36	98.802	751	9	0	33	783	3796	4546	0.0	1338.0
AA102_25670	34	96.72399999999999	519	17	0	1	519	1848	2366	0.0	865.0
AA102_25980	15	95.33200000000001	557	26	0	5	561	48826	48270	0.0	885.0
AA102_26640	12	99.34	303	2	0	1	303	140441	140139	5.3399999999999995e-157	549.0
AA102_26645	12	99.18	366	3	0	1	366	139771	140136	0.0	660.0
AA102_26945	12	95.08200000000001	366	18	0	1	366	139771	140136	2.989999999999999e-165	577.0
HW43_24010	12	96.54799999999999	840	29	0	1	840	140160	140999	0.0	1391.0
HW43_24120	15	99.885	867	1	0	1	867	49136	48270	0.0	1596.0
AN203_25540	17	97.755	891	20	0	1	891	10292	9402	0.0	1535.0
AN203_26295	8	100.0	124	0	0	1	124	56480	56603	2.91e-61	230.0
AN203_26295	17	98.387	124	2	0	1	124	88068	87945	6.309999999999999e-58	219.0
AN203_25675	12	97.90299999999999	906	19	0	1	906	140094	140999	0.0	1568.0
AN203_25680	12	98.634	366	5	0	1	366	139771	140136	0.0	649.0
AN203_25700	4	97.902	286	6	0	1	286	19978	20263	6.749999999999999e-141	496.0
AN206_26245	17	97.912	910	19	0	6	915	10311	9402	0.0	1576.0
AN204_24770	34	97.52799999999999	1173	29	0	1	1173	583	1755	0.0	2006.0
AKK22_27010	15	99.885	867	1	0	1	867	49136	48270	0.0	1596.0
AKK22_27015	12	99.338	453	3	0	1	453	140094	140546	0.0	821.0
AKK22_27315	15	99.336	301	1	1	1	301	49432	49133	2.4699999999999994e-155	544.0
AKK22_27320	12	99.738	381	1	0	1	381	140619	140999	0.0	699.0
AKK22_27955	1	95.973	149	6	0	1	149	13671	13523	4.889999999999999e-65	243.0
pO103_10	17	99.12100000000001	910	8	0	6	915	10311	9402	0.0	1637.0
pO103_11	17	99.63799999999999	828	3	0	1	828	9402	8575	0.0	1513.0
pO103_12	17	99.883	858	1	0	1	858	8578	7721	0.0	1580.0
pO103_13	17	96.037	858	34	0	1	858	7724	6867	0.0	1397.0
pO103_36	12	97.90299999999999	906	19	0	1	906	140094	140999	0.0	1568.0
pO103_37	12	97.135	384	3	1	1	384	139726	140101	0.0	641.0
AWB62_25060	34	97.04	642	19	0	1	642	1114	1755	0.0	1081.0
AWB62_25605	34	100.0	183	0	0	1	183	583	765	7.229999999999999e-94	339.0
AVR74_24660	17	99.069	859	7	1	1	859	8578	7721	0.0	1541.0
AVR74_24670	17	97.802	910	20	0	6	915	10311	9402	0.0	1570.0
AVR74_24820	12	99.18	366	3	0	1	366	139771	140136	0.0	660.0
AVR74_25755	17	98.228	2144	30	8	1	2138	2695	4836	0.0	3742.0
AVR74_25760	17	96.454	282	10	0	1	282	4848	5129	5.1199999999999983e-132	466.0
AVR74_25770	24	96.939	294	9	0	1	294	50038	49745	2.4599999999999994e-140	494.0
AVR74_25810	17	98.65299999999999	2376	32	0	1	2376	2473	4848	0.0	4211.0
AVR70_26440	12	95.088	285	13	1	1	285	139771	140054	1.8799999999999993e-126	448.0
A5956_24195	34	95.726	117	5	0	1	117	2545	2429	4.61e-49	189.0
A5957_08230	15	99.512	615	3	0	1	615	48884	48270	0.0	1120.0
A5957_08250	15	97.561	615	15	0	1	615	48884	48270	0.0	1053.0
GJ11_p01055	1	95.29899999999999	702	33	0	1	702	628299	627598	0.0	1114.0
GJ11_p01285	36	96.43299999999999	869	29	1	5	871	5826	4958	0.0	1432.0
GJ11_p01320	36	95.37100000000001	1037	33	7	1	1023	5991	4956	0.0	1635.0
GJ11_p02105	15	96.309	867	32	0	1	867	49136	48270	0.0	1424.0
GJ11_p02110	15	98.0	300	6	0	1	300	49432	49133	1.1499999999999996e-148	521.0
GJ11_p02130	15	95.667	300	13	0	1	300	49432	49133	5.429999999999998e-137	483.0
GJ12_p00745	36	96.096	871	32	1	5	873	5826	4956	0.0	1419.0
GJ12_p00805	15	96.194	867	33	0	1	867	49136	48270	0.0	1419.0
GJ12_p00915	1	95.584	702	31	0	1	702	628299	627598	0.0	1125.0
CP48_p00090	34	97.52799999999999	1173	29	0	1	1173	583	1755	0.0	2006.0
CP48_p00150	15	95.109	777	38	0	1	777	114330	113554	0.0	1225.0
CP48_p00945	1	95.726	702	30	0	1	702	628299	627598	0.0	1131.0
CO57_p00125	36	96.839	348	10	1	1	347	5303	4956	2.1899999999999995e-166	580.0
A9C00_24905	2	95.3	1149	54	0	1	1149	251986	253134	0.0	1823.0
A9C00_25275	12	98.344	906	15	0	1	906	140094	140999	0.0	1591.0
A9C00_25650	2	98.56700000000001	1326	19	0	1	1326	136321	134996	0.0	2344.0
A9C00_26920	15	100.0	867	0	0	1	867	49136	48270	0.0	1602.0
BB344_25625	15	99.667	300	1	0	1	300	49432	49133	5.279999999999999e-157	549.0
BB344_25720	12	95.62799999999999	366	16	0	1	366	139771	140136	1.3799999999999996e-168	588.0
BB344_25725	12	95.25399999999999	906	43	0	1	906	140094	140999	0.0	1435.0
BB344_25750	34	97.59	249	6	0	1	249	583	831	2.1099999999999993e-120	427.0
BB405_26165	2	95.387	1149	53	0	1	1149	251986	253134	0.0	1829.0
gene1_yaaA	15	99.667	300	1	0	1	300	49432	49133	5.279999999999999e-157	549.0
gene20_ybfB	15	99.30799999999999	867	6	0	1	867	49136	48270	0.0	1568.0
gene23_ybhB	12	99.55799999999999	906	4	0	1	906	140094	140999	0.0	1652.0
gene24_ybiA	12	99.51299999999999	411	2	0	1	411	139726	140136	0.0	749.0
gene109_orf45	34	98.649	222	3	0	1	222	732	511	1.8899999999999995e-110	394.0
LH0109	34	100.0	212	0	0	1	212	583	794	6.479999999999999e-110	392.0
LH0171	15	96.538	491	3	1	1	477	48760	48270	0.0	800.0
LH0172	15	96.931	554	3	1	1	540	49136	48583	0.0	917.0
pCoo007	36	95.146	824	34	3	1	818	5794	4971	0.0	1295.0
pCoo016	12	99.55799999999999	906	4	0	1	906	140094	140999	0.0	1652.0
pCoo017	12	99.28299999999999	279	2	0	1	279	139858	140136	1.0699999999999997e-143	505.0
pCoo040	10	99.21600000000001	510	4	0	1	510	176656	176147	0.0	920.0
pCoo060	34	96.618	207	7	0	1	207	5068	4862	1.7799999999999995e-95	344.0
O2ColV177	12	99.027	411	4	0	1	411	139726	140136	0.0	737.0
O2ColV1	17	98.14200000000001	915	17	0	1	915	10316	9402	0.0	1596.0
O2ColV3	17	99.044	837	7	1	1	837	8578	7743	0.0	1500.0
O2ColV48	12	97.792	906	20	0	1	906	140094	140999	0.0	1563.0
O2ColV48.2	12	99.027	411	4	0	1	411	139726	140136	0.0	737.0
O2ColV50	4	98.27	289	5	0	1	289	19975	20263	3.149999999999999e-144	507.0
gene144_orf144	12	95.916	906	37	0	1	906	140094	140999	0.0	1469.0
gene1_blc	6	96.06700000000001	534	21	0	1	534	41748	41215	0.0	870.0
IPF_360	12	98.896	906	10	0	1	906	140094	140999	0.0	1618.0
IPF_358	12	95.134	411	20	0	1	411	139726	140136	0.0	649.0
MAR140	15	99.914	1163	1	0	1	1163	49432	48270	0.0	2143.0
gene0_asnA	12	97.78399999999999	993	22	0	1	993	14287	13295	0.0	1712.0
FORC31_p017	15	98.45	774	12	0	1	774	49136	48363	0.0	1363.0
FORC31_p019	12	95.08200000000001	366	18	0	1	366	139771	140136	2.989999999999999e-165	577.0
FORC31_p027	15	100.0	774	0	0	1	774	49136	48363	0.0	1430.0
FORC31_p130	15	99.885	867	1	0	1	867	49136	48270	0.0	1596.0
FORC31_p137	36	96.454	423	15	0	1	423	5378	4956	0.0	699.0
FORC31_p138	36	96.62299999999999	681	19	2	1	678	6108	5429	0.0	1127.0
FORC31_p164	34	96.961	1020	31	0	1	1020	736	1755	0.0	1712.0
FORC31_p332	66	97.76799999999999	448	9	1	1	447	52	499	0.0	771.0
FORC31_p352	12	100.0	129	0	0	1	129	140267	140139	5.0699999999999994e-64	239.0
FORC31_p353	12	99.469	753	4	0	1	753	140247	140999	0.0	1369.0
FORC31_p362	36	96.727	550	17	1	1	549	5564	5015	0.0	915.0
BSG22_24805	15	99.667	300	1	0	1	300	49432	49133	5.279999999999999e-157	549.0
BSG22_24810	15	99.654	867	3	0	1	867	49136	48270	0.0	1585.0
BSG22_25005	17	100.0	459	0	0	1	459	87935	87477	0.0	848.0
BSG22_25005	8	99.12899999999999	459	4	0	1	459	56613	57071	0.0	826.0
BSG22_25005	62	95.425	459	21	0	1	459	58	516	0.0	732.0
BSG22_25195	2	97.911	1149	24	0	1	1149	251986	253134	0.0	1989.0
BLJ80_23550	12	95.08200000000001	366	18	0	1	366	139771	140136	2.989999999999999e-165	577.0
BLJ80_23625	36	95.449	1538	64	4	1	1533	6492	4956	0.0	2447.0
BLJ80_23730	12	99.669	906	3	0	1	906	140094	140999	0.0	1657.0
BLJ80_24520	10	99.412	510	3	0	1	510	176656	176147	0.0	926.0
BLJ80_24850	15	99.654	868	2	1	1	868	49136	48270	0.0	1585.0
BLJ80_24885	12	95.066	912	39	2	1	912	140094	140999	0.0	1430.0
BLJ80_24895	15	98.32	774	13	0	1	774	49136	48363	0.0	1358.0
BLJ80_24990	34	96.505	1173	34	1	1	1166	583	1755	0.0	1932.0
BFL16_31300	34	95.322	171	8	0	1	171	2106	2276	6.879999999999999e-74	272.0
BSZ13_26235	4	96.96799999999999	3595	107	2	1	3594	192018	188425	0.0	6034.0
BSZ13_26240	4	97.561	615	15	0	1	615	192637	192023	0.0	1053.0
RG28_27630	2	95.175	228	11	0	1	228	40849	41076	1.9699999999999994e-100	361.0
RG28_27960	12	96.15799999999999	885	34	0	1	885	135815	134931	0.0	1447.0
RG28_27965	12	96.90299999999999	678	21	0	1	678	134810	134133	0.0	1136.0
RG28_27975	12	98.65700000000001	819	11	0	1	819	133804	132986	0.0	1452.0
RG28_27980	12	97.119	486	14	0	1	486	132894	132409	0.0	821.0
RG28_27985	12	97.904	477	10	0	1	477	132393	131917	0.0	826.0
RG28_27985	11	96.646	477	16	0	1	477	152609	152133	0.0	793.0
RG28_28030	6	99.84200000000001	1266	2	0	1	1266	26694	25429	0.0	2327.0
RG28_28035	6	99.6	1500	6	0	1	1500	23611	25110	0.0	2737.0
RG28_28040	6	98.305	708	12	0	1	708	22752	23459	0.0	1242.0
RG28_28080	15	96.175	732	28	0	1	732	42579	43310	0.0	1197.0
RG28_28095	17	99.12899999999999	459	4	0	1	459	87935	87477	0.0	826.0
RG28_28095	8	98.257	459	8	0	1	459	56613	57071	0.0	804.0
RG28_28100	8	98.94200000000001	189	2	0	1	189	56468	56656	7.489999999999997e-94	339.0
RG28_28100	17	97.884	189	4	0	1	189	88080	87892	1.6199999999999994e-90	327.0
RG28_28145	8	98.387	124	2	0	1	124	56480	56603	6.309999999999999e-58	219.0
RG28_28145	17	96.774	124	4	0	1	124	88068	87945	1.37e-54	207.0
RG28_28130	6	100.0	414	0	0	1	414	1274	1687	0.0	765.0
RG28_28135	6	100.0	450	0	0	1	450	815	1264	0.0	832.0
RG28_28140	6	100.0	582	0	0	1	582	287	868	0.0	1075.0
RG30_24150	2	97.277	1175	32	0	1	1175	213793	214967	0.0	1993.0
RG30_24190	18	96.825	126	3	1	1	125	88471	88596	3.8299999999999994e-55	209.0
RG30_24195	18	96.238	319	10	2	1	318	87508	87825	1.2299999999999998e-148	521.0
RG30_24235	34	97.22200000000001	180	5	0	1	180	2187	2366	7.189999999999999e-84	305.0
RG31_23195	44	96.175	183	7	0	1	183	397	579	3.4099999999999996e-82	300.0
RG34_25305	3	99.074	108	1	0	1	108	59084	59191	8.989999999999999e-51	195.0
RG34_25305	3	97.22200000000001	108	3	0	1	108	59619	59726	1.9500000000000001e-47	183.0
RG34_25310	3	98.713	855	11	0	1	855	60728	59874	0.0	1519.0
RG34_25315	3	99.259	810	6	0	1	810	61573	60764	0.0	1463.0
RG34_25320	3	98.728	393	5	0	1	393	61969	61577	0.0	699.0
RG34_25325	3	96.163	834	32	0	1	834	62799	61966	0.0	1363.0
RG34_25330	3	98.061	1083	21	0	1	1083	63881	62799	0.0	1884.0
RG34_25335	3	98.807	1257	15	0	1	1257	65178	63922	0.0	2239.0
RG34_25340	3	97.917	624	13	0	1	624	65392	66015	0.0	1081.0
RG34_25345	3	98.709	852	11	0	1	852	66015	66866	0.0	1513.0
RG34_25350	3	99.60600000000001	1014	4	0	1	1014	66951	67964	0.0	1851.0
RG34_25355	3	97.14299999999999	1680	48	0	1	1680	68089	69768	0.0	2837.0
RG34_25360	3	100.0	279	0	0	1	279	70101	69823	4.9499999999999995e-147	516.0
RG34_25365	3	99.316	585	4	0	1	585	70379	70963	0.0	1059.0
RG34_25370	3	98.26	1092	19	0	1	1092	71080	72171	0.0	1912.0
RG34_25380	3	97.559	2868	70	0	1	2868	73013	75880	0.0	4909.0
RG34_25385	3	98.281	1920	33	0	1	1920	77899	75980	0.0	3363.0
RG34_25390	3	97.852	1071	23	0	1	1071	78127	79197	0.0	1851.0
RG34_25395	3	97.156	633	18	0	1	633	79208	79840	0.0	1070.0
RG34_25400	3	98.16799999999999	1419	26	0	1	1419	79851	81269	0.0	2477.0
RG34_25405	3	97.5	1640	41	0	1	1640	81589	83228	0.0	2802.0
RG34_25415	3	98.039	255	5	0	1	255	90353	90099	2.1499999999999998e-125	444.0
RG34_25420	3	97.415	735	19	0	1	735	90554	91288	0.0	1253.0
RG34_25425	3	99.02	612	6	0	1	612	91901	91290	0.0	1098.0
RG34_25430	3	97.596	915	22	0	1	915	92001	92915	0.0	1568.0
RG34_25435	3	97.58200000000001	1737	42	0	1	1737	93010	94746	0.0	2976.0
RG34_25440	3	98.226	1071	19	0	1	1071	98070	97000	0.0	1873.0
RG34_25445	3	97.844	1299	28	0	1	1299	99378	98080	0.0	2244.0
RG34_25450	3	98.82600000000001	1533	18	0	1	1533	99708	101240	0.0	2732.0
RG34_25455	3	98.056	720	14	0	1	720	102010	101291	0.0	1253.0
RG34_25460	3	98.573	1542	22	0	1	1542	102232	103773	0.0	2726.0
RG34_25465	3	98.305	531	9	0	1	531	103919	104449	0.0	931.0
RG34_25470	3	98.50299999999999	1269	19	0	1	1269	105763	104495	0.0	2239.0
RG34_25475	3	98.095	420	8	0	1	420	106182	105763	0.0	732.0
RG34_25480	3	97.84700000000001	511	10	1	1	510	106554	107064	0.0	881.0
RG34_25485	3	98.227	282	5	0	1	282	107184	107465	2.3499999999999998e-140	494.0
RG34_25490	3	98.91799999999999	462	5	0	1	462	108133	107672	0.0	826.0
RG34_25495	3	97.727	660	15	0	1	660	108869	108210	0.0	1136.0
RG34_25500	3	98.471	327	5	0	1	327	109267	108941	2.6599999999999997e-165	577.0
RG34_25505	3	99.25399999999999	402	3	0	1	402	109475	109876	0.0	726.0
RG34_25510	3	98.645	369	5	0	1	369	110347	109979	0.0	654.0
RG34_25515	3	99.425	696	4	0	1	696	110867	111562	0.0	1264.0
RG34_25520	3	98.77	813	10	0	1	813	111586	112398	0.0	1447.0
RG34_25525	3	99.24799999999999	266	2	0	1	266	112402	112667	1.7199999999999995e-136	481.0
RG34_25530	14	96.33	327	12	0	1	327	35963	35637	1.2499999999999998e-153	538.0
RG34_25530	3	96.33	327	12	0	1	327	113360	113034	1.2499999999999998e-153	538.0
RG34_25535	3	99.42	345	2	0	1	345	117008	117352	2.7499999999999996e-180	627.0
RG34_25540	3	99.39399999999999	330	2	0	1	330	117362	117691	5.729999999999998e-172	599.0
RG34_25545	3	96.555	2322	80	0	1	2322	120068	117747	0.0	3845.0
RG34_25550	3	96.682	211	6	1	1	210	120395	120185	3.889999999999999e-97	350.0
RG34_25555	3	98.17399999999999	219	4	0	1	219	121013	120795	4.019999999999999e-107	383.0
RG34_25560	3	96.846	1522	48	0	1	1522	122668	121147	0.0	2545.0
RG34_25565	3	97.189	249	7	0	1	249	123252	123004	9.819999999999999e-119	422.0
RG34_25570	3	97.37799999999999	267	7	0	1	267	123631	123365	1.0399999999999998e-128	455.0
RG34_25580	3	98.734	237	3	0	1	237	124211	123975	9.299999999999998e-119	422.0
RG34_25585	3	98.762	1212	15	0	1	1212	124525	125736	0.0	2156.0
RG34_25590	3	99.59	732	3	0	1	732	125941	126672	0.0	1336.0
RG34_25595	3	99.012	405	4	0	1	405	126893	127297	0.0	726.0
RG34_25600	3	97.44200000000001	1251	32	0	1	1251	129676	128426	0.0	2134.0
RG34_25610	3	98.91799999999999	462	5	0	1	462	132023	132484	0.0	826.0
RG34_25615	3	97.561	1107	27	0	1	1107	132538	133644	0.0	1895.0
RG34_25620	3	98.44200000000001	642	10	0	1	642	133680	134321	0.0	1131.0
RG34_25625	3	98.104	1371	26	0	1	1371	134325	135695	0.0	2388.0
RG34_25630	3	97.17299999999999	672	19	0	1	672	135865	136536	0.0	1136.0
RG34_25635	3	99.11	1461	13	0	1	1461	136536	137996	0.0	2627.0
RG34_25640	3	96.524	1122	39	0	1	1122	138072	139193	0.0	1857.0
RG34_25645	3	98.367	1225	20	0	1	1225	140468	139244	0.0	2152.0
RG34_25650	3	98.85700000000001	1137	13	0	1	1137	140718	141854	0.0	2028.0
RG34_25655	3	97.986	844	17	0	1	844	141838	142681	0.0	1465.0
RG34_25785	4	97.68799999999999	1038	24	0	1	1038	19903	20940	0.0	1784.0
RG34_25800	12	96.79899999999999	906	29	0	1	906	140094	140999	0.0	1513.0
RG36_25155	4	98.25200000000001	286	5	0	1	286	19978	20263	1.4499999999999998e-142	501.0
RG36_25190	15	99.76899999999999	867	2	0	1	867	49136	48270	0.0	1591.0
RG36_25205	12	96.755	339	11	0	1	339	140619	140957	5.979999999999998e-162	566.0
RG36_25825	8	99.18	122	1	0	3	124	56482	56603	1.75e-58	220.0
RG36_25825	17	97.541	122	3	0	3	124	88066	87945	3.8e-55	209.0
RG38_24055	12	95.695	906	39	0	1	906	140094	140999	0.0	1458.0
RG38_24145	1	95.302	149	7	0	1	149	13671	13523	2.2799999999999996e-63	237.0
RG38_24520	12	97.05	339	10	0	1	339	140619	140957	1.2799999999999997e-163	571.0
RG39_23115	12	97.059	374	3	1	1	374	139771	140136	3.869999999999999e-179	623.0
RG39_23120	12	97.35	717	19	0	1	717	140094	140810	0.0	1219.0
RG39_23645	12	100.0	199	0	0	6	204	140801	140999	1.0399999999999998e-102	368.0
RG43_25865	17	99.068	858	8	0	1	858	8578	7721	0.0	1541.0
RG43_25870	17	98.068	828	16	0	1	828	9402	8575	0.0	1441.0
RG43_26185	8	99.194	124	1	0	1	124	56480	56603	1.3599999999999998e-59	224.0
RG43_26185	17	97.581	124	3	0	1	124	88068	87945	2.93e-56	213.0
RG43_26015	12	96.869	543	17	0	1	543	140457	140999	0.0	909.0
RG43_26020	12	99.67	303	1	0	1	303	140441	140139	1.1499999999999995e-158	555.0
RG50_24410	1	95.302	149	7	0	1	149	13671	13523	2.2799999999999996e-63	237.0
RG50_24655	3	95.455	264	12	0	1	264	375919	376182	1.0499999999999997e-118	422.0
RG53_23900	12	98.90700000000001	366	4	0	1	366	139771	140136	0.0	654.0
RG53_23905	12	97.02	906	27	0	1	906	140094	140999	0.0	1524.0
RG54_24855	26	95.12200000000001	123	5	1	1	123	42283	42404	3.7900000000000006e-50	193.0
RG54_24885	15	97.368	228	6	0	1	228	49136	48909	9.039999999999998e-109	388.0
RG56_26260	18	97.484	159	3	1	1	158	88471	88629	2.2799999999999995e-73	270.0
RG56_26305	34	95.055	1173	31	1	1	1146	583	1755	0.0	1820.0
RG57_23795	17	99.564	459	2	0	1	459	87935	87477	0.0	837.0
RG57_23795	8	98.693	459	6	0	1	459	56613	57071	0.0	815.0
RG57_23795	62	95.186	457	21	1	3	459	61	516	0.0	721.0
RG57_24625	17	99.194	124	1	0	1	124	88068	87945	1.3599999999999998e-59	224.0
RG57_24625	8	99.194	124	1	0	1	124	56480	56603	1.3599999999999998e-59	224.0
RG57_24165	15	95.617	867	38	0	1	867	49136	48270	0.0	1391.0
RG59_24445	12	99.18	366	3	0	1	366	139771	140136	0.0	660.0
RG59_24450	12	95.25399999999999	906	32	1	1	895	140094	140999	0.0	1424.0
RG59_24505	15	97.48299999999999	715	17	1	3	716	48984	48270	0.0	1219.0
RG60_25745	2	96.73	1254	41	0	1	1254	98718	99971	0.0	2089.0
RG60_25750	2	98.551	1104	16	0	1	1104	97603	98706	0.0	1951.0
RG60_25755	2	96.875	1056	33	0	1	1056	97315	96260	0.0	1768.0
RG60_25760	2	96.766	402	13	0	1	402	95820	96221	0.0	671.0
RG60_25765	2	98.23299999999999	1245	22	0	1	1245	94518	95762	0.0	2178.0
RG60_25770	2	98.475	459	7	0	1	459	93968	94426	0.0	809.0
RG60_25775	2	98.01100000000001	1458	29	0	1	1458	93707	92250	0.0	2532.0
RG60_25790	2	97.06700000000001	375	11	0	1	375	91020	91394	0.0	632.0
RG60_25795	2	97.348	1056	28	0	1	1056	89131	90186	0.0	1796.0
RG60_25800	2	95.03299999999999	765	38	0	3	767	88292	89056	0.0	1203.0
RG60_25815	2	97.976	741	15	0	1	741	47456	46716	0.0	1286.0
RG60_25820	2	97.396	768	20	0	1	768	45978	46745	0.0	1308.0
RG60_25825	2	97.927	579	12	0	1	579	45295	45873	0.0	1003.0
RG60_25830	2	96.44200000000001	2445	87	0	1	2445	45055	42611	0.0	4034.0
RG60_25835	2	97.76299999999999	447	10	0	1	447	42122	42568	0.0	771.0
RG60_25840	2	97.147	771	22	0	1	771	41941	41171	0.0	1303.0
RG68_23600	17	95.68799999999999	858	37	0	1	858	7724	6867	0.0	1380.0
RG68_23990	8	99.18	122	1	0	3	124	56482	56603	1.75e-58	220.0
RG68_23990	17	97.541	122	3	0	3	124	88066	87945	3.8e-55	209.0
RG68_23780	12	97.05	339	10	0	1	339	140619	140957	1.2799999999999997e-163	571.0
RG68_23785	12	99.01	303	3	0	1	303	140441	140139	2.4799999999999994e-155	544.0
RG68_24925	12	95.585	906	40	0	1	906	140094	140999	0.0	1452.0
RG68_24940	12	95.806	906	38	0	1	906	140094	140999	0.0	1463.0
RG68_24955	36	97.70100000000001	348	8	0	1	348	5303	4956	6.059999999999998e-172	599.0
RG68_25070	1	95.302	149	7	0	1	149	13671	13523	2.2799999999999996e-63	237.0
RG68_25430	17	97.561	123	1	2	6	127	88066	87945	3.8999999999999995e-55	209.0
RG68_25430	8	97.561	123	1	2	6	127	56482	56603	3.8999999999999995e-55	209.0
RG68_25290	17	97.852	419	8	1	1	418	87999	87581	0.0	723.0
RG68_25290	8	97.375	419	10	1	1	418	56549	56967	0.0	712.0
RG68_25295	13	96.363	3464	126	0	1	3464	73241	69778	0.0	5699.0
RG72_24440	34	97.279	294	8	0	1	294	4855	4562	5.279999999999999e-142	499.0
RG73_23885	12	95.585	906	40	0	1	906	140094	140999	0.0	1452.0
RG73_23900	13	96.391	3464	125	0	1	3464	73241	69778	0.0	5705.0
RG73_23905	17	97.375	419	10	1	1	418	87999	87581	0.0	712.0
RG73_23905	8	96.897	419	12	1	1	418	56549	56967	0.0	701.0
RG73_24300	17	97.561	123	1	2	3	124	88066	87945	3.8e-55	209.0
RG73_24300	8	97.561	123	1	2	3	124	56482	56603	3.8e-55	209.0
BMT50_28835	12	96.97	924	28	0	1	924	140076	140999	0.0	1552.0
BJJ90_27040	1	95.302	149	7	0	1	149	13671	13523	2.2799999999999996e-63	237.0
BJJ90_28285	12	96.325	381	14	0	1	381	140619	140999	3.049999999999999e-180	627.0
BJJ90_28290	12	95.08200000000001	366	18	0	1	366	139771	140136	2.989999999999999e-165	577.0
B1200_28395	4	99.04799999999999	525	5	0	1	525	65312	65836	0.0	942.0
B1200_28400	4	98.06200000000001	1290	24	1	1	1289	65922	67211	0.0	2242.0
B1200_28405	4	99.705	678	2	0	1	678	67330	68007	0.0	1242.0
B1200_28410	4	98.889	360	4	0	1	360	68472	68113	0.0	643.0
B1200_28415	4	97.678	1464	33	1	1	1463	69956	68493	0.0	2514.0
B1200_28420	4	97.54299999999999	1058	25	1	1	1057	70169	71226	0.0	1808.0
B1200_28425	4	100.0	471	0	0	1	471	85619	85149	0.0	870.0
B1200_28430	4	99.12700000000001	573	5	0	1	573	86191	85619	0.0	1031.0
B1200_28435	4	99.772	879	2	0	1	879	86337	87215	0.0	1613.0
B1200_28440	4	99.61399999999999	1035	4	0	1	1035	87232	88266	0.0	1890.0
B1200_28445	4	97.40299999999999	231	6	0	1	231	88407	88177	1.9699999999999996e-110	394.0
B1200_28450	4	99.3	714	5	0	1	714	88479	89192	0.0	1291.0
B1200_28465	4	98.264	864	15	0	1	864	89360	90223	0.0	1513.0
B1200_28470	4	96.616	1980	66	1	1	1979	90238	92217	0.0	3284.0
B1200_28495	4	97.854	699	15	0	1	699	92327	93025	0.0	1208.0
B1200_28500	4	99.50200000000001	201	1	0	1	201	93306	93106	3.679999999999999e-102	366.0
B1200_28505	4	98.316	1128	19	0	1	1128	94461	93334	0.0	1978.0
B1200_28510	4	97.759	357	8	0	1	357	94821	94465	6.159999999999999e-177	616.0
B1200_28515	4	99.444	180	1	0	1	180	95273	95094	1.54e-90	327.0
B1200_28520	4	98.523	3114	45	1	1	3113	98473	95360	0.0	5494.0
B1200_28525	4	98.18	1648	29	1	1	1648	100283	98637	0.0	2876.0
B1200_28530	4	98.139	1451	24	3	1	1450	101074	102522	0.0	2527.0
B1200_28535	4	97.569	576	14	0	1	576	102590	103165	0.0	987.0
B1200_28540	4	97.906	191	4	0	3	193	103371	103561	1.3199999999999997e-91	331.0
B1200_28545	4	97.37200000000001	761	14	4	1	757	103576	104334	0.0	1290.0
B1200_29175	12	95.038	665	33	0	1	665	140094	140758	0.0	1046.0
BE964_00895	12	100.0	114	0	0	1	114	140094	140207	9.539999999999998e-56	211.0
BE962_02285	8	99.471	189	1	0	1	189	56468	56656	1.6099999999999998e-95	344.0
BE962_02285	17	98.413	189	3	0	1	189	88080	87892	3.4899999999999995e-92	333.0
BE939_00840	12	97.461	906	23	0	1	906	140094	140999	0.0	1546.0
BE939_00845	12	97.32600000000001	374	2	1	1	374	139771	140136	0.0	628.0
BE939_01100	34	98.198	222	4	0	1	222	732	511	8.78e-109	388.0
BE939_01165	17	97.802	910	20	0	6	915	10311	9402	0.0	1570.0
BE933_01250	34	98.198	222	4	0	1	222	732	511	8.78e-109	388.0
BE933_02400	2	98.24600000000001	1254	22	0	1	1254	183463	182210	0.0	2194.0
BE933_02405	2	96.84700000000001	3076	95	2	1	3075	186589	183515	0.0	5142.0
BE933_02410	2	97.59899999999999	1083	26	0	1	1083	187794	186712	0.0	1857.0
BE937_00740	34	98.198	222	4	0	1	222	732	511	8.78e-109	388.0
BE937_00880	12	97.115	104	3	0	1	104	139826	139723	3.15e-45	176.0
BE937_00890	12	95.695	906	39	0	1	906	140094	140999	0.0	1458.0
BE937_00905	12	100.0	165	0	0	1	165	140835	140999	6.509999999999998e-84	305.0
BE937_01695	17	99.781	915	2	0	1	915	10316	9402	0.0	1679.0
AM365_28130	2	96.361	1209	42	2	2	1209	251927	253134	0.0	1988.0
AM365_28340	16	96.913	1652	51	0	1	1652	85819	87470	0.0	2769.0
B9W17_25010	12	97.925	723	14	1	19	740	140277	140999	0.0	1251.0
B9W17_25015	15	99.749	1194	2	1	1	1193	49463	48270	0.0	2187.0
B9W17_25020	12	99.604	505	2	0	1	505	139771	140275	0.0	922.0
B9W17_25805	17	99.444	360	2	0	1	360	7724	7365	0.0	654.0
B9W17_25845	34	97.84	324	7	0	1	324	583	906	2.699999999999999e-160	560.0
B9W17_25930	8	98.413	189	3	0	1	189	56468	56656	3.4899999999999995e-92	333.0
B9W17_25930	17	97.354	189	5	0	1	189	88080	87892	7.549999999999999e-89	322.0
B9W17_25935	17	99.184	245	2	0	1	245	87986	87742	7.439999999999998e-125	442.0
B9W17_25935	8	97.959	245	5	0	1	245	56562	56806	7.489999999999998e-120	425.0
BUE82_27755	12	98.195	1274	23	0	1	1274	139726	140999	0.0	2226.0
BUE82_27955	17	99.184	858	7	0	1	858	8578	7721	0.0	1546.0
BUE82_28325	44	99.835	1214	2	0	1	1214	37	1250	0.0	2231.0
BUE82_28695	12	97.37700000000001	1220	32	0	46	1265	139780	140999	0.0	2076.0
BUE82_28875	12	97.72399999999999	1274	29	0	1	1274	139726	140999	0.0	2193.0
BMI82_23505	12	95.695	906	39	0	1	906	140094	140999	0.0	1458.0
BCR79_23570	12	95.806	906	38	0	1	906	140094	140999	0.0	1463.0
BCR79_23855	12	95.806	906	38	0	1	906	140094	140999	0.0	1463.0
CA268_27940	12	97.645	1274	30	0	1	1274	139726	140999	0.0	2187.0
CA270_26385	12	95.52600000000001	1274	57	0	1	1274	139726	140999	0.0	2037.0
BZY78_25215	12	100.0	126	0	0	1	126	140280	140405	2.2999999999999996e-62	233.0
BZY78_25220	12	99.18	366	3	0	1	366	139771	140136	0.0	660.0
AM366_28190	16	97.215	1652	46	0	1	1652	85819	87470	0.0	2796.0
AM408_00020	15	99.656	1163	4	0	1	1163	49432	48270	0.0	2126.0
AM361_25400	1	95.973	149	6	0	1	149	13671	13523	4.889999999999999e-65	243.0
AM361_25405	1	99.098	776	7	0	2	777	299444	300219	0.0	1395.0
CDH88_26960	12	95.29	1274	60	0	1	1274	139726	140999	0.0	2021.0
CDH88_27035	17	97.15899999999999	176	2	3	12	185	88066	87892	1.6099999999999998e-80	294.0
CDH88_27035	8	97.15899999999999	176	2	3	12	185	56482	56656	1.6099999999999998e-80	294.0
CDH88_27055	13	96.478	3464	122	0	1	3464	73241	69778	0.0	5722.0
CDH88_27060	12	95.68299999999999	695	30	0	5	699	140305	140999	0.0	1118.0
CDH88_27245	15	99.914	1163	1	0	1	1163	49432	48270	0.0	2143.0
CDH89_27205	12	95.29	1274	60	0	1	1274	139726	140999	0.0	2021.0
CDH89_27305	12	95.68299999999999	695	30	0	5	699	140305	140999	0.0	1118.0
AM434_28800	10	99.412	510	3	0	1	510	176656	176147	0.0	926.0
CES94_27425	32	99.794	1459	2	1	1	1459	8110	6653	0.0	2676.0
CES94_27430	32	100.0	186	0	0	1	186	8492	8307	1.5799999999999996e-95	344.0
CE141_26160	12	95.52600000000001	1274	57	0	1	1274	139726	140999	0.0	2037.0
CE141_26565	12	99.63600000000001	550	2	0	1	550	139726	140275	0.0	1005.0
CE141_26570	15	99.82799999999999	1163	2	0	1	1163	49432	48270	0.0	2137.0
CE141_26575	12	98.064	723	14	0	7	729	140277	140999	0.0	1258.0
CE141_26620	8	98.94200000000001	189	2	0	1	189	56468	56656	7.489999999999997e-94	339.0
CE141_26620	17	97.884	189	4	0	1	189	88080	87892	1.6199999999999994e-90	327.0
CE141_26705	34	97.84	324	7	0	1	324	583	906	2.6499999999999988e-160	560.0
CE141_26710	34	99.04799999999999	105	1	0	1	105	2262	2366	4.039999999999999e-49	189.0
ACJ76_25285	17	99.068	858	7	1	1	857	8578	7721	0.0	1539.0
ACJ76_25290	17	97.947	828	15	2	1	826	9402	8575	0.0	1434.0
ACJ76_25400	8	98.93	187	1	1	1	186	56470	56656	3.4199999999999996e-92	333.0
ACJ76_25400	17	97.861	187	3	1	1	186	88078	87892	7.41e-89	322.0
ACJ76_25490	8	99.2	125	0	1	1	124	56479	56603	1.3599999999999998e-59	224.0
ACJ76_25490	17	97.6	125	2	1	1	124	88069	87945	2.93e-56	213.0
ACJ76_25435	12	97.682	906	21	0	1	906	140094	140999	0.0	1557.0
FORC44_p260	15	95.238	126	4	1	1	126	49344	49467	8.37e-52	198.0
PA45B_A017	34	97.59	249	6	0	1	249	583	831	2.1399999999999993e-120	427.0
PA45B_A167	15	99.839	621	1	0	1	621	49136	48516	0.0	1142.0
CA696_029270	12	97.41	1274	33	0	1	1274	139726	140999	0.0	2170.0
CF018_27705	34	98.148	324	6	0	1	324	583	906	5.699999999999998e-162	566.0
CF018_27710	34	100.0	105	0	0	1	105	2262	2366	8.689999999999999e-51	195.0
CJU64_27410	3	95.402	261	12	0	1	261	396912	397172	4.809999999999999e-117	416.0
CJU64_27415	3	95.48899999999999	399	9	2	1	399	396480	396869	0.0	628.0
CJU64_28010	10	100.0	102	0	0	1	102	176132	176031	3.899999999999999e-49	189.0
CJU63_26015	15	99.82799999999999	1163	2	0	1	1163	49432	48270	0.0	2137.0
CJU63_26035	34	96.084	383	15	0	2	384	1951	2333	1.1199999999999995e-179	625.0
CNQ53_00065	12	98.116	1274	24	0	1	1274	139726	140999	0.0	2220.0
CNQ52_25485	34	95.897	780	28	1	1	780	583	1358	0.0	1260.0
CNQ49_24520	12	97.41	1274	33	0	1	1274	139726	140999	0.0	2170.0
MRY15131_p10910	17	98.068	828	16	0	1	828	9402	8575	0.0	1441.0
MRY16002_p10150	12	96.755	339	3	1	1	339	139771	140101	9.999999999999996e-160	558.0
MRY16002_p10650	34	97.866	328	7	0	1	328	583	910	1.6499999999999996e-162	568.0
MRY16002_p10730	12	96.90899999999999	906	28	0	1	906	140094	140999	0.0	1519.0
MRY16002_p10740	12	98.634	366	5	0	1	366	139771	140136	0.0	649.0
CRN16_00860	12	99.529	1274	5	1	1	1273	139726	140999	0.0	2318.0
BHT24_25440	12	99.665	895	3	0	1	895	140094	140988	0.0	1637.0
CQ842_25650	12	95.66799999999999	554	24	0	1	554	135815	135262	0.0	891.0
CQ842_25655	5	98.07700000000001	624	12	0	1	624	177522	176899	0.0	1086.0
CQ842_25665	5	96.993	765	23	0	1	765	177799	178563	0.0	1286.0
CU076_26435	2	95.39	1193	55	0	17	1209	251942	253134	0.0	1899.0
AM333_26885	17	98.022	910	18	0	6	915	10311	9402	0.0	1581.0
AM341_25725	15	99.914	1163	1	0	1	1163	49432	48270	0.0	2143.0
AM342_27520	34	98.374	369	6	0	1	369	583	951	0.0	649.0
CXG97_26910	12	99.215	1274	10	0	1	1274	139726	140999	0.0	2298.0
CXG97_27070	17	97.802	910	20	0	6	915	10311	9402	0.0	1570.0
MS8345_A00223	66	99.435	177	0	1	1	177	58	233	2.52e-88	320.0
MS8345_B00070	17	98.022	910	18	0	6	915	10311	9402	0.0	1581.0
MS8345_B00098	12	97.90299999999999	906	19	0	1	906	140094	140999	0.0	1568.0
EC1094V2_4869	2	97.13	1150	32	1	1	1149	187861	186712	0.0	1940.0
EC1094V2_4870	2	95.837	3075	113	1	1	3060	186589	183515	0.0	4955.0
EC1094V2_4871	2	97.68700000000001	1254	29	0	1	1254	183463	182210	0.0	2156.0
EC1094V2_4941	6	98.374	123	2	0	1	123	159488	159610	2.25e-57	217.0
EC1094V2_4975	3	98.625	582	8	0	1	582	255177	255758	0.0	1031.0
EC1094V2_4976	3	100.0	228	0	0	1	228	255779	256006	8.909999999999998e-119	422.0
EC1094V2_4977	3	97.182	1242	35	0	1	1242	257285	256044	0.0	2100.0
EC1094V2_4987	2	95.522	201	7	2	1	201	186546	186348	2.91e-88	320.0
EC1094V2_4988	2	96.39399999999999	1359	48	1	1	1359	186313	184956	0.0	2237.0
EC1094V2_4992	2	95.935	246	8	2	1	246	183997	183754	1.6299999999999998e-111	398.0
EC1094V2_4993	2	96.296	243	9	0	1	243	183757	183515	4.48e-112	399.0
EC1094V2_4994	2	97.333	600	12	3	1	600	183433	182838	0.0	1016.0
EC1094V2_4995	2	98.259	402	6	1	1	402	182791	182391	0.0	702.0
EC1094V2_4766	2	97.13	1150	32	1	1	1149	187861	186712	0.0	1940.0
CR537_26840	12	97.66	1282	22	1	1	1282	139726	140999	0.0	2194.0
CR538_28150	2	98.56700000000001	1326	19	0	1	1326	136321	134996	0.0	2344.0
CR538_28285	18	97.154	246	7	0	1	246	88384	88629	4.569999999999998e-117	416.0
CR538_28755	34	98.59200000000001	213	3	0	1	213	3855	3643	1.8099999999999998e-105	377.0
CR540_28235	34	97.22200000000001	324	9	0	1	324	583	906	5.739999999999997e-157	549.0
CR540_28265	17	97.69200000000001	910	19	2	6	913	10311	9402	0.0	1563.0
CR540_28275	17	99.068	858	7	1	1	857	8578	7721	0.0	1539.0
CR539_24920	15	99.742	1163	3	0	1	1163	49432	48270	0.0	2132.0
CR539_24985	15	99.399	1165	5	2	1	1165	49432	48270	0.0	2111.0
CR539_25095	12	95.212	1274	61	0	1	1274	139726	140999	0.0	2015.0
CR539_25100	34	96.667	1140	38	0	1	1140	583	1722	0.0	1895.0
CR539_25105	12	96.07799999999999	255	10	0	1	255	140745	140999	4.6899999999999984e-117	416.0
CR539_25245	12	99.60799999999999	1274	5	0	1	1274	139726	140999	0.0	2326.0
CR539_25285	36	98.0	200	4	0	2	201	4347	4546	1.3299999999999998e-96	348.0
CR539_25355	34	97.40100000000001	654	17	0	1	654	1102	1755	0.0	1114.0
CR539_25415	12	99.6	1249	5	0	1	1249	139726	140974	0.0	2279.0
CR539_25430	18	96.49700000000001	314	11	0	2	315	88352	88665	4.359999999999999e-148	520.0
CR539_25490	15	100.0	1114	0	0	1	1114	49432	48319	0.0	2058.0
CR534_28160	18	95.59700000000001	159	1	1	1	153	88366	88524	2.8599999999999997e-67	250.0
CR535_27480	12	95.447	1274	58	0	1	1274	139726	140999	0.0	2032.0
BVL39_28490	12	99.338	906	6	0	1	906	140094	140999	0.0	1640.0
BVL39_28655	17	97.69200000000001	910	21	0	6	915	10311	9402	0.0	1565.0
BVL39_28665	17	99.184	858	7	0	1	858	8578	7721	0.0	1546.0
BVL38_26750	2	96.889	675	20	1	1	674	252460	253134	0.0	1129.0
CRT55_00520	15	99.82799999999999	1163	2	0	1	1163	49432	48270	0.0	2137.0
CR916_00430	11	96.339	1038	38	0	1	1038	53665	54702	0.0	1707.0
CR916_00435	11	98.958	192	2	0	1	192	54836	55027	1.6399999999999994e-95	344.0
CR916_00710	15	100.0	173	0	0	1	173	49432	49260	2.47e-88	320.0
CFI09_25965	15	96.991	1163	35	0	1	1163	49432	48270	0.0	1954.0
CFI09_25970	36	96.811	439	14	0	1	439	5396	4958	0.0	734.0
CFI09_26325	18	97.163	282	8	0	1	282	88384	88665	2.3599999999999994e-135	477.0
CFI09_26340	12	96.311	1274	47	0	1	1274	139726	140999	0.0	2093.0
CFI09_26410	15	99.054	1163	10	1	1	1162	49432	48270	0.0	2085.0
CFI09_26415	18	96.178	314	12	0	2	315	88352	88665	2.0299999999999994e-146	514.0
CFI09_26440	36	96.49600000000001	371	11	1	1	369	5677	5307	8.469999999999999e-176	612.0
CFI09_26460	66	97.706	218	5	0	1	218	58	275	6.729999999999998e-105	375.0
CFI09_26530	15	99.39	164	1	0	2	165	48433	48270	1.0899999999999998e-81	298.0
CFI09_26615	34	95.305	213	10	0	1	213	3855	3643	8.559999999999998e-94	339.0
C0R78_25480	36	98.31200000000001	711	12	0	1	711	3836	4546	0.0	1247.0
C0R78_25825	66	100.0	354	0	0	1	354	58	411	0.0	654.0
C0R78_25850	12	95.156	1218	59	0	15	1232	139782	140999	0.0	1923.0
C0R78_25855	17	97.34	376	9	1	5	379	87956	87581	0.0	638.0
C0R78_25855	8	96.809	376	11	1	5	379	56592	56967	3.049999999999999e-180	627.0
C0R78_26220	19	97.476	951	24	0	1	951	37364	36414	0.0	1624.0
C2U48_29380	10	95.34	2704	126	0	1	2704	77495	74792	0.0	4296.0
CV83915_1p0005	34	97.23899999999999	507	14	0	1	507	5068	4562	0.0	859.0
CV83915_1p0007	34	97.35700000000001	1173	31	0	1	1173	583	1755	0.0	1995.0
CV83915_2p0187	17	99.206	378	3	0	1	378	87854	87477	0.0	682.0
CV83915_2p0187	8	98.413	378	6	0	1	378	56694	57071	0.0	665.0
CV83915_2p0187	62	95.479	376	17	0	3	378	141	516	1.8299999999999995e-172	601.0
CV83915_2p0191	12	95.152	165	8	0	1	165	140835	140999	1.4299999999999998e-70	261.0
CV83915_2p0192	12	98.02600000000001	152	1	1	1	150	140670	140821	3.589999999999999e-71	263.0
CV83915_2p0193	12	99.412	340	1	1	1	339	140343	140682	5.849999999999998e-177	616.0
CV83915_2p0195	12	96.721	366	12	0	1	366	139771	140136	2.949999999999999e-175	610.0
CV83915_2p0224	15	99.76899999999999	867	2	0	1	867	49136	48270	0.0	1591.0
CV83906_2p021	12	95.03299999999999	906	45	0	1	906	140094	140999	0.0	1424.0
CV83906_2p032	12	99.64299999999999	840	3	0	1	840	140160	140999	0.0	1535.0
C3F40_28575	34	97.52799999999999	1173	29	0	1	1173	583	1755	0.0	2006.0
AL502_00395	12	96.48	483	17	0	1	483	139726	140208	0.0	798.0
AM456_00280	34	97.52799999999999	1173	29	0	1	1173	583	1755	0.0	2006.0
BXO92_24320	39	96.587	586	20	0	1	586	3630	3045	0.0	972.0
BXO92_24720	36	97.537	609	15	0	1	609	5564	4956	0.0	1042.0
BXO92_24725	36	97.436	117	0	2	4	117	5662	5546	2.76e-51	196.0
BXO92_24730	36	95.0	660	29	3	1	657	6492	5834	0.0	1033.0
YKEC1_4653	1	99.06	1170	11	0	1	1170	299050	300219	0.0	2100.0
CSC06_4754	17	98.182	825	15	0	1	825	9399	8575	0.0	1441.0
CSC06_4755	17	97.98	792	16	0	1	792	10193	9402	0.0	1375.0
CSC09_5317	12	95.52799999999999	246	11	0	1	246	139891	140136	2.1099999999999995e-110	394.0
YDC107_5089	12	98.81	840	10	0	1	840	140160	140999	0.0	1496.0
C6C13_25875	18	95.789	285	12	0	1	285	88381	88665	2.409999999999999e-130	460.0
C5097_24665	34	97.016	1173	35	0	1	1173	583	1755	0.0	1973.0
MS7163_pA00001	17	97.87700000000001	471	10	0	1	471	7068	7538	0.0	815.0
MS7163_pA00002	17	99.068	858	8	0	1	858	8578	7721	0.0	1541.0
C6668_26055	12	95.369	1274	59	0	1	1274	139726	140999	0.0	2026.0
C7A99_26960	34	97.613	1173	28	0	1	1173	583	1755	0.0	2012.0
C7A99_27115	34	98.71799999999999	156	2	0	1	156	3855	3700	1.3399999999999998e-75	278.0
C7A99_27325	18	96.74799999999999	246	8	0	1	246	88384	88629	2.1199999999999995e-115	411.0
CYQ10_24380	17	99.184	858	6	1	1	857	8578	7721	0.0	1544.0
CSC22_5212	2	96.21700000000001	423	16	0	1	423	252712	253134	0.0	693.0
CSC22_5338	2	95.822	1149	48	0	1	1149	251986	253134	0.0	1857.0
DBA32_25700	12	95.604	1274	56	0	1	1274	139726	140999	0.0	2043.0
DBA32_26570	13	96.449	3464	123	0	1	3464	73241	69778	0.0	5716.0
DBA32_26580	17	97.66799999999999	386	8	1	1	385	87966	87581	0.0	662.0
DBA32_26580	8	97.15	386	10	1	1	385	56582	56967	0.0	651.0
DBA32_26585	8	100.0	117	0	0	1	117	56613	56497	2.1199999999999998e-57	217.0
DBA32_26585	17	99.145	117	1	0	1	117	87935	88051	9.84e-56	211.0
DBA32_26700	12	95.212	1274	61	0	1	1274	139726	140999	0.0	2015.0
DEF50_25235	36	95.21700000000001	1129	36	2	1	1129	6066	4956	0.0	1770.0
DEF50_25725	12	95.212	1274	61	0	1	1274	139726	140999	0.0	2015.0
DEF50_25745	17	97.40899999999999	386	9	1	1	385	87966	87581	0.0	656.0
DEF50_25745	8	96.891	386	11	1	1	385	56582	56967	0.0	645.0
DEP49_27010	12	95.26700000000001	486	23	0	1	486	140514	140999	0.0	771.0
C7235_26325	8	99.145	117	1	0	1	117	56613	56497	9.84e-56	211.0
C7235_26325	17	98.291	117	2	0	1	117	87935	88051	4.58e-54	206.0
C7235_26330	17	96.891	386	11	1	1	385	87966	87581	0.0	645.0
C7235_26330	8	96.37299999999999	386	13	1	1	385	56582	56967	0.0	634.0
C7235_26340	13	96.507	3464	121	0	1	3464	73241	69778	0.0	5727.0
C7235_26355	12	95.29	1274	60	0	1	1274	139726	140999	0.0	2021.0
C7R96_26995	34	100.0	210	0	0	1	210	583	792	8.249999999999999e-109	388.0
C7R96_27200	34	97.18299999999999	213	6	0	1	213	3855	3643	1.8299999999999996e-100	361.0
C7R96_27310	15	99.57	1163	5	0	1	1163	49432	48270	0.0	2121.0
B9T59_30690	34	97.531	324	8	0	1	324	583	906	1.2599999999999995e-158	555.0
DL800_00855	19	97.056	951	28	0	1	951	37364	36414	0.0	1602.0
AM464_27685	12	99.37200000000001	1274	8	0	1	1274	139726	140999	0.0	2309.0
DKQ63_23785	12	95.29	1274	60	0	1	1274	139726	140999	0.0	2021.0
DI496_00530	16	97.7	1652	38	0	1	1652	85819	87470	0.0	2841.0
CPT07_26345	2	98.29700000000001	1116	19	0	1	1116	136111	134996	0.0	1956.0
DUT84_26075	12	99.529	1274	6	0	1	1274	139726	140999	0.0	2320.0
DUT84_26240	17	98.068	828	16	0	1	828	9402	8575	0.0	1441.0
DUT84_26365	17	97.959	245	5	0	1	245	87986	87742	7.489999999999998e-120	425.0
DUT84_26365	8	96.735	245	8	0	1	245	56562	56806	7.539999999999999e-115	409.0
DVH14_26275	12	99.21799999999999	1279	5	1	1	1279	139726	140999	0.0	2302.0
FORC64_p301	15	99.615	779	3	0	1	779	49136	48358	0.0	1423.0
FORC64_p322	12	100.0	159	0	0	1	159	139771	139929	1.3799999999999999e-80	294.0
FORC64_p323	12	99.462	186	1	0	1	186	139951	140136	7.359999999999998e-94	339.0
FORC64_p324	12	99.62100000000001	792	3	0	1	792	140208	140999	0.0	1447.0
DW289_24695	2	97.191	1175	33	0	1	1175	213793	214967	0.0	1988.0
DW289_25165	34	97.84200000000001	278	6	0	2	279	2089	2366	1.8099999999999995e-136	481.0
DW289_25210	17	99.02	510	5	0	1	510	87986	87477	0.0	915.0
DW289_25210	8	98.235	510	9	0	1	510	56562	57071	0.0	893.0
DS732_28255	34	97.436	117	3	0	1	117	2545	2429	2.13e-52	200.0
DS732_29280	18	96.74799999999999	246	8	0	1	246	88384	88629	2.1199999999999995e-115	411.0
DS732_29755	34	97.52799999999999	1173	29	0	1	1173	583	1755	0.0	2006.0
D3W53_25750	17	96.757	370	11	1	1	369	87966	87597	6.389999999999998e-177	616.0
D3W53_25750	8	96.21600000000001	370	13	1	1	369	56582	56951	1.3799999999999997e-173	604.0
D3W53_25760	12	95.447	1274	58	0	1	1274	139726	140999	0.0	2032.0
D3W53_25785	12	95.54	695	31	0	2	696	140305	140999	0.0	1112.0
AM468_00440	12	97.37700000000001	1220	32	0	13	1232	139780	140999	0.0	2076.0
AM468_00600	12	97.96600000000001	1229	25	0	1	1229	139771	140999	0.0	2132.0
AM468_00715	12	98.273	1274	22	0	1	1274	139726	140999	0.0	2231.0
CWB37_26885	1	96.054	735	29	0	1	735	504314	503580	0.0	1197.0
CWB37_26890	1	95.57700000000001	1221	54	0	1	1221	503583	502363	0.0	1956.0
CWB37_26900	1	97.204	894	25	0	1	894	500783	499890	0.0	1513.0
CWB37_27430	34	98.083	313	6	0	1	313	4984	4672	7.149999999999999e-156	545.0
CWB37_28365	16	97.397	1652	43	0	1	1652	85819	87470	0.0	2813.0
EC042_pAA029	36	97.09200000000001	791	21	1	1	789	5746	4956	0.0	1332.0
EC042_pAA045	36	96.262	214	8	0	1	214	5303	5090	1.1199999999999996e-97	351.0
Ec53638_A0344	15	95.33200000000001	557	26	0	29	585	48826	48270	0.0	885.0
Ec53638_A0143	36	98.66799999999999	751	10	0	33	783	3796	4546	0.0	1332.0
Ec53638_A0158	12	99.669	906	3	0	1	906	140094	140999	0.0	1657.0
Ec53638_A0205	12	99.227	906	7	0	1	906	140094	140999	0.0	1635.0
L282_24594	12	97.541	366	9	0	1	366	139771	140136	2.9199999999999993e-180	627.0
L282_24599	12	98.455	906	14	0	1	906	140094	140999	0.0	1596.0
L282_24749	17	98.955	861	6	2	1	861	8578	7721	0.0	1537.0
APECO1_O1CoBM94	12	98.566	279	4	0	1	279	139858	140136	2.319999999999999e-140	494.0
APECO1_O1CoBM125	12	97.572	906	22	0	1	906	140094	140999	0.0	1552.0
APECO1_O1CoBM177	17	95.977	870	35	0	1	870	7736	6867	0.0	1413.0
APECO1_O1CoBM178	17	99.07799999999999	868	8	0	2	869	8588	7721	0.0	1559.0
APECO1_O1CoBM179	17	98.09299999999999	839	16	0	1	839	9413	8575	0.0	1461.0
APECO2_27845	12	98.12899999999999	1229	23	0	1	1229	139771	140999	0.0	2143.0
L960_1p075c	36	95.514	1538	63	4	1	1533	6492	4956	0.0	2453.0
L960_2p49c	15	99.42299999999999	867	5	0	1	867	49136	48270	0.0	1574.0
L960_4p1	15	99.667	300	1	0	1	300	49432	49133	5.279999999999999e-157	549.0
L960_4p2	15	99.654	867	3	0	1	867	49136	48270	0.0	1585.0
L960_4p41	15	99.76899999999999	867	2	0	1	867	49136	48270	0.0	1591.0
L960_4p42	2	95.48899999999999	1175	53	0	1	1175	213793	214967	0.0	1877.0
MM1_0153	12	98.064	723	14	0	19	741	140277	140999	0.0	1258.0
MM1_0155	15	99.76899999999999	867	2	0	1	867	49136	48270	0.0	1591.0
MM1_0156	12	97.5	200	2	3	1	200	140094	140290	8.029999999999999e-94	339.0
MM1_0164	4	98.134	268	5	0	1	268	19996	20263	1.37e-132	468.0
E1470_100p00320	34	97.352	642	17	0	1	642	1114	1755	0.0	1092.0
E1470_100p00350	34	97.79899999999999	318	7	0	1	318	2049	2366	5.619999999999998e-157	549.0
ETEC_p948_0340	15	99.333	300	2	0	1	300	49432	49133	2.4599999999999993e-155	544.0
ETEC_p948_0350	15	99.654	867	3	0	1	867	49136	48270	0.0	1585.0
ETEC_p948_0480	12	98.929	840	9	0	1	840	140160	140999	0.0	1502.0
ETEC_p948_0940	36	96.244	426	14	1	2	425	5649	5224	0.0	697.0
LI75_26095	2	96.867	1149	36	0	1	1149	251986	253134	0.0	1923.0
DHB4_22580	2	97.52600000000001	768	19	0	1	768	45978	46745	0.0	1314.0
DHB4_22585	2	98.381	741	12	0	1	741	47456	46716	0.0	1303.0
DHB4_22610	2	96.41	1699	61	0	37	1735	50307	48609	0.0	2800.0
DHB4_22615	2	95.686	765	33	0	3	767	88292	89056	0.0	1230.0
DHB4_22620	2	98.10600000000001	1056	20	0	1	1056	89131	90186	0.0	1840.0
DHB4_22625	2	99.66	294	1	0	1	294	90238	90531	1.1199999999999995e-153	538.0
DHB4_22630	2	98.74700000000001	399	5	0	1	399	90534	90932	0.0	710.0
DHB4_22635	2	95.73299999999999	375	16	0	1	375	91020	91394	1.4099999999999995e-173	604.0
DHB4_22645	2	97.73700000000001	1458	33	0	1	1458	93707	92250	0.0	2510.0
DHB4_22650	2	99.346	459	3	0	1	459	93968	94426	0.0	832.0
DHB4_22655	2	98.15299999999999	1245	23	0	1	1245	94518	95762	0.0	2172.0
DHB4_22660	2	96.51700000000001	402	14	0	1	402	95820	96221	0.0	665.0
DHB4_22665	2	96.97	1056	32	0	1	1056	97315	96260	0.0	1773.0
DHB4_22670	2	98.37	1104	18	0	1	1104	97603	98706	0.0	1940.0
DHB4_22675	2	96.81	1254	40	0	1	1254	98718	99971	0.0	2095.0
DHB4_22895	2	98.74600000000001	957	12	0	1	957	105692	104736	0.0	1701.0
DHB4_22900	2	97.772	2199	49	0	1	2199	107900	105702	0.0	3790.0
DHB4_22905	2	98.43299999999999	957	15	0	1	957	108853	107897	0.0	1685.0
DHB4_22910	2	96.81200000000001	690	22	0	1	690	109539	108850	0.0	1153.0
DHB4_22915	2	98.86200000000001	615	7	0	1	615	109945	110559	0.0	1098.0
DHB4_22920	2	98.031	711	14	0	1	711	112160	111450	0.0	1236.0
DHB4_22925	2	98.78299999999999	1644	20	0	1	1644	113772	112129	0.0	2926.0
DHB4_22930	2	98.456	2526	39	0	1	2526	116287	113762	0.0	4449.0
DHB4_22935	2	98.206	669	12	0	1	669	116981	116313	0.0	1170.0
DHB4_22940	2	98.469	588	9	0	1	588	117626	117039	0.0	1037.0
DHB4_22945	2	97.42200000000001	543	14	0	1	543	118243	117701	0.0	926.0
DHB4_22955	2	99.291	141	1	0	1	141	119467	119327	5.589999999999999e-69	255.0
DHB4_22960	2	99.242	264	2	0	1	264	119730	119467	2.1999999999999997e-135	477.0
DHB4_22965	2	99.02	102	1	0	1	102	120190	120089	1.8100000000000002e-47	183.0
DHB4_22970	2	96.575	876	30	0	1	876	127537	128412	0.0	1452.0
DHB4_23535	2	98.822	594	7	0	1	594	134639	134046	0.0	1059.0
DHB4_23540	2	99.145	234	2	0	4	237	134884	134651	9.299999999999998e-119	422.0
DHB4_23545	2	99.17	1326	11	0	1	1326	136321	134996	0.0	2388.0
DHB4_23550	2	98.12899999999999	855	16	0	1	855	136549	137403	0.0	1491.0
DHB4_23555	2	98.333	720	12	0	1	720	137931	138650	0.0	1264.0
DHB4_23560	2	99.09	1428	13	0	1	1428	138661	140088	0.0	2566.0
DHB4_23565	2	95.977	696	28	0	1	696	140081	140776	0.0	1131.0
DHB4_23575	2	95.45200000000001	1671	76	0	1	1671	143452	141782	0.0	2665.0
DHB4_23580	2	96.06200000000001	1473	58	0	1	1473	144938	143466	0.0	2399.0
DHB4_23590	2	98.132	2034	38	0	1	2034	145668	147701	0.0	3546.0
DHB4_23595	2	97.796	1089	24	0	1	1089	148579	149667	0.0	1879.0
DHB4_23600	2	95.82	933	39	0	1	933	150641	149709	0.0	1507.0
DHB4_23605	2	95.382	498	23	0	1	498	151230	150733	0.0	793.0
DHB4_23610	2	95.38	606	28	0	1	606	151488	152093	0.0	965.0
DHB4_23615	2	97.917	864	18	0	1	864	152133	152996	0.0	1496.0
DHB4_23620	2	95.801	1548	65	0	1	1548	152986	154533	0.0	2499.0
DHB4_23625	2	96.899	1419	44	0	1	1419	154533	155951	0.0	2377.0
DHB4_23635	2	95.689	951	41	0	1	951	156046	156996	0.0	1530.0
DHB4_23640	2	95.083	1383	68	0	1	1383	157006	158388	0.0	2178.0
DHB4_23645	2	99.04799999999999	1050	10	0	1	1050	163871	164920	0.0	1884.0
DHB4_23650	2	98.40700000000001	816	13	0	1	816	165163	165978	0.0	1435.0
DHB4_23655	2	97.154	246	7	0	1	246	166391	166636	4.5099999999999986e-117	416.0
DHB4_23660	2	98.42	633	10	0	1	633	167285	166653	0.0	1114.0
DHB4_23665	2	97.464	276	7	0	1	276	167471	167746	1.0699999999999996e-133	472.0
DHB4_23670	2	97.164	1587	45	0	1	1587	169433	167847	0.0	2682.0
DHB4_23675	2	96.184	891	34	0	1	891	169672	170562	0.0	1458.0
DHB4_23680	2	96.667	1170	39	0	1	1170	170607	171776	0.0	1945.0
DHB4_23685	2	97.521	1452	36	0	1	1452	171810	173261	0.0	2483.0
DHB4_23690	2	96.554	1886	65	0	1	1886	173301	175186	0.0	3123.0
DHB4_23695	2	97.14299999999999	1260	36	0	1	1260	175424	176683	0.0	2128.0
DHB4_23700	2	98.44200000000001	1284	20	0	1	1284	176673	177956	0.0	2261.0
DHB4_23705	2	96.99700000000001	899	27	0	1	899	178988	178090	0.0	1511.0
DHB4_23710	2	99.697	660	2	0	1	660	179098	179757	0.0	1208.0
DHB4_23715	2	97.45200000000001	471	12	0	1	471	179788	180258	0.0	804.0
DHB4_23720	2	96.785	1182	38	0	1	1182	180264	181445	0.0	1973.0
DHB4_23725	2	97.545	611	15	0	2	612	182143	181533	0.0	1046.0
DHB4_23730	2	99.04299999999999	1254	12	0	1	1254	183463	182210	0.0	2250.0
DHB4_23735	2	97.302	3076	81	2	1	3075	186589	183515	0.0	5219.0
DHB4_23740	2	98.021	960	19	0	1	960	187671	186712	0.0	1668.0
DHB4_23745	2	96.64299999999999	834	28	0	1	834	188704	187871	0.0	1386.0
DHB4_23750	2	98.559	1665	24	0	1	1665	188895	190559	0.0	2942.0
DHB4_23755	2	98.836	945	11	0	1	945	190561	191505	0.0	1685.0
DHB4_23760	2	98.84700000000001	867	10	0	1	867	191523	192389	0.0	1546.0
DHB4_23765	2	96.79	810	26	0	1	810	192399	193208	0.0	1352.0
DHB4_23770	2	98.00200000000001	951	19	0	1	951	193205	194155	0.0	1652.0
DHB4_23775	2	98.02799999999999	1014	20	0	1	1014	194152	195165	0.0	1762.0
DHB4_23780	2	97.772	1212	27	0	1	1212	195341	196552	0.0	2089.0
DHB4_23785	2	97.40700000000001	540	14	0	1	540	196654	197193	0.0	920.0
C3026_24860	2	98.15299999999999	1083	20	0	1	1083	187794	186712	0.0	1890.0
B2H83_27265	15	99.654	867	3	0	1	867	49136	48270	0.0	1585.0
B2H83_27310	18	96.09899999999999	282	11	0	1	282	88384	88665	2.3799999999999995e-130	460.0
AWA97_25685	12	97.396	1229	32	0	1	1229	139771	140999	0.0	2093.0
AWA97_25820	15	99.914	1163	1	0	1	1163	49432	48270	0.0	2143.0
I3S_29060	15	99.31200000000001	1163	8	0	1	1163	49432	48270	0.0	2104.0
E2348_P1_rr__02	15	99.84100000000001	1258	2	0	1	1258	48240	49497	0.0	2313.0
E2348_P1_030	34	97.11	519	14	1	1	519	1225	1742	0.0	874.0
EcE24377A_F0074	15	98.272	868	14	1	1	868	49136	48270	0.0	1519.0
EcE24377A_F0079	15	99.654	868	2	1	1	868	49136	48270	0.0	1585.0
EcE24377A_F0082	15	99.654	868	2	1	1	868	49136	48270	0.0	1585.0
EcE24377A_D0039	36	95.24799999999999	505	21	1	18	519	5852	5348	0.0	797.0
EcE24377A_E0007	12	95.935	246	10	0	1	246	140094	140339	4.659999999999998e-112	399.0
EcE24377A_E0067	36	96.447	1154	37	2	1	1151	6108	4956	0.0	1901.0
ECRM12761_27220	2	97.73700000000001	1149	26	0	1	1149	251986	253134	0.0	1978.0
ECRM12761_27570	44	95.667	300	13	0	1	300	692	393	5.429999999999998e-137	483.0
WLH_05733	12	95.86399999999999	411	17	0	1	411	139726	140136	0.0	665.0
I3U_00220	18	95.286	297	11	1	3	296	88254	88550	1.4999999999999994e-132	468.0
NRG857_30260	17	97.76100000000001	938	20	1	6	942	10311	9374	0.0	1615.0
PPECC33_p3162	12	98.479	723	11	0	19	741	140277	140999	0.0	1275.0
PPECC33_p3163	15	99.667	300	1	0	1	300	49432	49133	5.279999999999999e-157	549.0
ECOPMV1_pECOS88LIKE00141	17	99.068	858	8	0	1	858	8578	7721	0.0	1541.0
ECS88_p0131	4	98.007	301	6	0	1	301	19963	20263	3.269999999999999e-149	523.0
ECSE_P3-0005	12	99.51299999999999	411	2	0	1	411	139726	140136	0.0	749.0
ECSE_P3-0006	12	95.14299999999999	803	28	1	1	792	140094	140896	0.0	1256.0
ECSF_P1-0109	12	95.62	411	18	0	1	411	139726	140136	0.0	660.0
EcSMS35_A0110	12	95.916	906	37	0	1	906	140094	140999	0.0	1469.0
Y979_25550	12	98.90700000000001	366	4	0	1	366	139771	140136	0.0	654.0
Y979_26795	11	100.0	1023	0	0	1	1023	40142	41164	0.0	1890.0
UM146_24366	34	97.476	1149	29	0	1	1149	607	1755	0.0	1962.0
UMNF18_pF18082	66	96.60600000000001	383	11	2	1	381	58	440	0.0	634.0
UMNF18_pF1805	12	99.62100000000001	792	3	0	1	792	140208	140999	0.0	1447.0
UMNF18_pF18039	12	95.538	381	17	0	1	381	140619	140999	3.0699999999999984e-175	610.0
UMNF18_pIncFV52	12	96.59100000000001	792	27	0	1	792	140208	140999	0.0	1314.0
UMNK88_pK8818	36	98.135	429	8	0	1	429	4118	4546	0.0	749.0
UMNK88_pK8838	34	97.35700000000001	1173	31	0	1	1173	583	1755	0.0	1995.0
UTI89_P072	34	99.09899999999999	222	2	0	1	222	732	511	4.0599999999999983e-112	399.0
pVir_29	34	98.039	1173	23	0	1	1173	583	1755	0.0	2039.0
ECVR50_B110	34	97.775	899	20	0	1	899	583	1481	0.0	1550.0
ECVR50_B006	12	95.36399999999999	906	42	0	1	906	140094	140999	0.0	1441.0
IAM_23507	9	98.611	144	2	0	1	144	52947	53090	5.729999999999999e-69	255.0
IAM_23512	9	99.56700000000001	231	0	1	1	231	53451	53222	3.249999999999999e-118	420.0
IAM_23517	9	98.70100000000001	2463	32	0	1	2463	53450	55912	0.0	4372.0
IAM_23522	9	98.39200000000001	933	15	0	1	933	55914	56846	0.0	1640.0
IAM_23527	9	98.601	1287	18	0	1	1287	56847	58133	0.0	2278.0
IAE_21160	26	97.51100000000001	2652	66	0	1	2652	13075	15726	0.0	4532.0
IAE_21170	6	99.443	1437	8	0	1	1437	32667	31231	0.0	2610.0
IAE_21175	1	99.478	1533	8	0	1	1533	49007	47475	0.0	2787.0
IAE_21180	1	99.064	1389	13	0	1	1389	47464	46076	0.0	2494.0
IAE_21185	10	99.728	1104	3	0	1	1104	48132	49235	0.0	2023.0
IAE_21195	4	99.31700000000001	879	6	0	1	879	86337	87215	0.0	1591.0
DKG79_23275	17	98.135	858	7	9	1	849	8578	7721	0.0	1487.0
DKG79_23280	17	97.82600000000001	828	14	4	1	824	9402	8575	0.0	1426.0
DKG79_23285	17	97.306	891	18	6	1	885	10292	9402	0.0	1507.0
DKG79_23780	12	99.512	1229	5	1	1	1228	139771	140999	0.0	2235.0
DKG79_24985	12	99.319	1175	5	3	1	1172	139825	140999	0.0	2122.0
DKG79_26260	12	96.20299999999999	869	32	1	1	868	139939	140807	0.0	1421.0
DKG79_26455	12	99.113	1240	5	6	1	1234	139771	141010	0.0	2224.0
ECD227_4236	12	97.509	562	14	0	1	562	140247	140808	0.0	961.0
ECD227_4237	18	95.611	319	12	2	1	318	87508	87825	2.6499999999999996e-145	510.0
ECD227_4272	17	98.23200000000001	792	14	0	1	792	10193	9402	0.0	1386.0
ECD227_4052	15	99.333	300	2	0	1	300	49432	49133	2.4599999999999993e-155	544.0
ECD227_4053	15	99.539	867	4	0	1	867	49136	48270	0.0	1580.0
AM407_26240	2	97.13799999999999	1083	31	0	1	1083	187794	186712	0.0	1829.0
AM407_26245	2	96.74799999999999	3075	100	0	1	3075	186589	183515	0.0	5125.0
AM407_26250	2	98.15299999999999	1245	22	1	1	1245	183463	182220	0.0	2170.0
AM407_26355	2	95.93700000000001	1083	44	0	1	1083	187794	186712	0.0	1757.0
AM407_26360	2	95.902	3075	111	1	1	3060	186589	183515	0.0	4966.0
AM407_26500	12	96.73200000000001	153	5	0	1	153	139826	139674	6.419999999999999e-69	255.0
AM407_26505	12	95.281	1229	58	0	1	1229	139771	140999	0.0	1949.0
HR38_28785	2	96.154	1092	42	0	1	1092	187803	186712	0.0	1784.0
HR38_28790	2	96.84700000000001	3076	95	2	1	3075	186589	183515	0.0	5142.0
HR38_29275	2	98.325	1254	21	0	1	1254	183463	182210	0.0	2200.0
HR38_29280	2	95.96700000000001	3075	124	0	1	3075	186589	183515	0.0	4992.0
HR38_29285	2	96.06200000000001	1092	43	0	1	1092	187803	186712	0.0	1779.0
CSC12_6485	2	98.485	1254	19	0	1	1254	183463	182210	0.0	2211.0
CSC12_6486	2	96.84700000000001	3076	95	2	1	3075	186589	183515	0.0	5142.0
CSC12_6487	2	96.214	1083	41	0	1	1083	187794	186712	0.0	1773.0
DMP75_27355	6	98.065	672	13	0	7	678	217455	216784	0.0	1170.0
DMP75_27360	10	99.214	509	4	0	2	510	176655	176147	0.0	918.0
AB181_01875	2	98.069	518	10	0	1	518	187794	187277	0.0	902.0
KOJKO3_p1.115	2	98.24600000000001	1254	22	0	1	1254	183463	182210	0.0	2194.0
KOJKO3_p1.116	2	96.912	3076	93	2	1	3075	186589	183515	0.0	5153.0
KOJKO3_p1.117	2	97.507	1083	27	0	1	1083	187794	186712	0.0	1851.0
AGH21_01175	2	96.12200000000001	1083	42	0	1	1083	187794	186712	0.0	1768.0
AGH21_01185	2	98.325	1254	21	0	1	1254	183463	182210	0.0	2200.0
C2U44_34745	12	95.369	1274	59	0	1	1274	139726	140999	0.0	2026.0
C2U42_05150	2	96.03	1083	43	0	1	1083	187794	186712	0.0	1762.0
C2U42_05155	2	96.84700000000001	3076	95	2	1	3075	186589	183515	0.0	5142.0
C2U42_05160	2	98.405	1254	20	0	1	1254	183463	182210	0.0	2206.0
C2U46_30835	2	95.772	3075	130	0	1	3075	186589	183515	0.0	4959.0
C2U46_30840	2	98.405	1254	20	0	1	1254	183463	182210	0.0	2206.0
AM355_30140	2	98.24600000000001	1254	22	0	1	1254	183463	182210	0.0	2194.0
AM355_30150	2	96.12200000000001	1083	42	0	1	1083	187794	186712	0.0	1768.0
CEQ13_01005	2	96.12200000000001	1083	42	0	1	1083	187794	186712	0.0	1768.0
CEQ13_01010	2	96.814	3076	96	2	1	3075	186589	183515	0.0	5136.0
CEQ13_01015	2	98.485	1254	19	0	1	1254	183463	182210	0.0	2211.0
KONIH1_30905	12	95.152	825	40	0	1	825	140175	140999	0.0	1303.0
KONIH1_30910	12	95.08200000000001	366	18	0	1	366	139771	140136	2.989999999999999e-165	577.0
PMK1_a00022	2	96.87899999999999	3076	94	2	1	3075	186589	183515	0.0	5147.0
BN49_pI0114	12	96.10700000000001	411	16	0	1	411	139726	140136	0.0	671.0
BN49_pI0115	12	95.03299999999999	906	45	0	1	906	140094	140999	0.0	1424.0
BN49_pII0039	12	95.36399999999999	906	42	0	1	906	140094	140999	0.0	1441.0
BN49_pII0075	10	97.059	510	15	0	1	510	176656	176147	0.0	859.0
BN49_pII0133	2	95.87899999999999	1092	45	0	1	1092	187803	186712	0.0	1768.0
BN49_pII0134	2	96.912	3076	93	2	1	3075	186589	183515	0.0	5153.0
AB186_02620	2	96.84700000000001	3076	95	2	1	3075	186589	183515	0.0	5142.0
AB186_02830	12	95.902	366	15	0	1	366	139771	140136	2.969999999999999e-170	593.0
AB186_02835	12	95.434	657	30	0	1	657	140343	140999	0.0	1048.0
AB187_00335	3	95.07600000000001	264	13	0	1	264	375919	376182	4.8699999999999996e-117	416.0
MS6671_pA1910	2	95.87	3075	112	1	1	3060	186589	183515	0.0	4961.0
MS6671_pA2100	2	96.95700000000001	1150	34	1	1	1149	187861	186712	0.0	1929.0
AQD68_28050	2	96.84700000000001	3076	95	2	1	3075	186589	183515	0.0	5142.0
WM91_27160	2	97.415	1083	28	0	1	1083	187794	186712	0.0	1845.0
WM91_27165	2	96.84700000000001	3076	95	2	1	3075	186589	183515	0.0	5142.0
WM91_27170	2	98.166	1254	23	0	1	1254	183463	182210	0.0	2189.0
WM92_27225	2	96.03	1083	43	0	1	1083	187794	186712	0.0	1762.0
WM92_27230	2	96.84700000000001	3076	95	2	1	3075	186589	183515	0.0	5142.0
WM92_27235	2	98.24600000000001	1254	22	0	1	1254	183463	182210	0.0	2194.0
BCV49_01055	10	97.255	510	14	0	1	510	176656	176147	0.0	865.0
BB746_28150	2	98.3	1059	18	0	22	1080	183268	182210	0.0	1857.0
WM93_25950	12	95.455	924	42	0	1	924	140076	140999	0.0	1474.0
WM93_25955	12	95.62799999999999	366	16	0	1	366	139771	140136	1.3799999999999996e-168	588.0
WM93_26130	2	96.03	1083	43	0	1	1083	187794	186712	0.0	1762.0
WM93_26135	2	96.749	3076	98	2	1	3075	186589	183515	0.0	5125.0
AM364_27730	2	98.405	1254	20	0	1	1254	183463	182210	0.0	2206.0
AM447_30200	2	96.12200000000001	1083	42	0	1	1083	187794	186712	0.0	1768.0
AM447_30210	2	98.405	1254	20	0	1	1254	183463	182210	0.0	2206.0
AM404_26130	2	98.24600000000001	1254	22	0	1	1254	183463	182210	0.0	2194.0
AM404_26135	2	96.715	3075	101	0	1	3075	186589	183515	0.0	5120.0
AM404_26140	2	97.045	1083	32	0	1	1083	187794	186712	0.0	1823.0
AM404_26265	12	98.182	165	3	0	1	165	140835	140999	6.559999999999999e-79	289.0
AM386_00685	2	96.78200000000001	3076	97	2	1	3075	186589	183515	0.0	5131.0
AM386_00690	2	97.322	1083	29	0	1	1083	187794	186712	0.0	1840.0
CRN23_28225	2	97.507	1083	27	0	1	1083	187794	186712	0.0	1851.0
CRN23_28230	2	96.78200000000001	3076	97	2	1	3075	186589	183515	0.0	5131.0
CRN23_28235	2	98.405	1254	20	0	1	1254	183463	182210	0.0	2206.0
CRN65_28485	12	95.68299999999999	1274	55	0	1	1274	139726	140999	0.0	2049.0
CRN73_29920	2	97.26	146	4	0	1	146	187803	187658	1.0099999999999998e-66	248.0
CRN73_29935	2	95.895	950	39	0	2	951	187661	186712	0.0	1539.0
CRN73_29940	2	96.814	3076	96	2	1	3075	186589	183515	0.0	5136.0
CRN73_29945	2	98.325	1254	21	0	1	1254	183463	182210	0.0	2200.0
CTI57_26985	2	98.361	915	15	0	1	915	135910	134996	0.0	1607.0
CYU57_27145	2	96.87899999999999	3076	94	2	1	3075	186589	183515	0.0	5147.0
C2U49_32085	2	96.87899999999999	3076	94	2	1	3075	186589	183515	0.0	5147.0
C2U49_32090	2	96.307	1083	40	0	1	1083	187794	186712	0.0	1779.0
C3F39_31345	2	95.93700000000001	1083	44	0	1	1083	187794	186712	0.0	1757.0
C3F39_31355	2	98.539	1232	18	0	1	1232	183463	182232	0.0	2176.0
C3F39_31365	2	97.561	533	13	0	1	533	182764	182232	0.0	913.0
CW753_27525	12	95.29	1274	60	0	1	1274	139726	140999	0.0	2021.0
CSC00_5514	2	98.448	1224	19	0	1	1224	183433	182210	0.0	2156.0
CSC00_5515	2	96.906	3070	93	2	1	3069	186583	183515	0.0	5142.0
AM459_26970	12	95.447	1274	58	0	1	1274	139726	140999	0.0	2032.0
CU111_27360	12	97.436	195	5	0	1	195	140805	140999	3.609999999999999e-92	333.0
CU111_27495	2	96.0	3075	108	1	1	3060	186589	183515	0.0	4983.0
DEO52_25335	28	96.287	1185	44	0	1	1185	31185	30001	0.0	1945.0
DEO52_25335	10	96.03	1184	47	0	2	1185	154124	155307	0.0	1927.0
DEO52_25370	28	98.594	498	7	0	1	498	27133	26636	0.0	881.0
DEO52_25375	28	96.448	366	13	0	1	366	26569	26204	1.3699999999999993e-173	604.0
DEO52_25525	40	97.198	2927	77	5	1	2923	3132	207	0.0	4946.0
DEO52_25530	40	97.414	116	3	0	1	116	124	9	7.58e-52	198.0
DEO52_25530	29	98.23	113	2	0	2	114	22598	22486	7.58e-52	198.0
DEO52_26635	6	99.12299999999999	228	2	0	1	228	89341	89568	1.9299999999999997e-115	411.0
AM466_27310	2	97.59899999999999	1083	26	0	1	1083	187794	186712	0.0	1857.0
AM466_27315	2	96.554	3076	104	2	1	3075	186589	183515	0.0	5092.0
AM466_27320	2	98.485	1254	19	0	1	1254	183463	182210	0.0	2211.0
AM466_28080	12	95.60600000000001	1229	54	0	1	1229	139771	140999	0.0	1971.0
CEA73_26950	18	96.829	1167	27	3	1	1166	87508	88665	0.0	1941.0
AXA58_28215	2	98.51899999999999	135	2	0	1	135	136039	135905	5.3499999999999986e-64	239.0
D0900_26595	2	98.325	1254	21	0	1	1254	183463	182210	0.0	2200.0
D0900_26600	2	96.749	3076	98	2	1	3075	186589	183515	0.0	5125.0
D0900_26605	2	97.59899999999999	1083	26	0	1	1083	187794	186712	0.0	1857.0
D0900_27095	2	95.87	3075	112	1	1	3060	186589	183515	0.0	4961.0
D0900_27100	2	97.60799999999999	1254	30	0	1	1254	183463	182210	0.0	2150.0
DWV03_27035	2	98.166	1254	23	0	1	1254	183463	182210	0.0	2189.0
DWV03_27040	2	96.814	3076	96	2	1	3075	186589	183515	0.0	5136.0
AM406_00500	2	96.84700000000001	3076	95	2	1	3075	186589	183515	0.0	5142.0
AM476_00675	2	98.325	1254	21	0	1	1254	183463	182210	0.0	2200.0
AM476_00765	12	95.525	1229	55	0	1	1229	139771	140999	0.0	1965.0
D0898_25925	2	97.992	1245	24	1	1	1245	183463	182220	0.0	2159.0
D0898_27300	12	95.443	1229	56	0	1	1229	139771	140999	0.0	1960.0
KPNJ1_05508	2	96.09700000000001	1153	44	1	28	1179	187864	186712	0.0	1879.0
KPN2242_25306	10	97.059	510	15	0	1	510	176656	176147	0.0	859.0
Kpn23412_5142	2	97.13	1150	32	1	1	1149	187861	186712	0.0	1940.0
Kpn23412_5143	2	95.935	3075	110	1	1	3060	186589	183515	0.0	4972.0
RJA_27920	18	96.47200000000001	822	21	1	1	822	87852	88665	0.0	1351.0
BU813_28995	2	96.08200000000001	1123	43	1	1	1122	187834	186712	0.0	1829.0
BU813_29000	2	96.509	1604	54	2	1	1603	186589	184987	0.0	2651.0
BU813_29005	2	97.30799999999999	1449	39	0	1	1449	184963	183515	0.0	2460.0
DSN67_27690	2	95.935	3075	110	1	1	3060	186589	183515	0.0	4972.0
DSN67_27695	2	96.214	1083	41	0	1	1083	187794	186712	0.0	1773.0
KP13_03938	12	95.902	366	15	0	1	366	139771	140136	2.969999999999999e-170	593.0
A593_26840	40	96.859	2929	85	7	1	2925	3132	207	0.0	4892.0
KPNIH27_28430	2	96.814	3076	96	2	1	3075	186589	183515	0.0	5136.0
KPN_pKPN3p05872	2	96.087	1150	44	1	1	1149	187861	186712	0.0	1873.0
KPR_p0001	34	96.713	791	26	0	2	792	965	1755	0.0	1317.0
KPR_p0127	12	95.219	753	36	0	1	753	140247	140999	0.0	1192.0
AVR78_27620	2	98.405	1254	20	0	1	1254	183463	182210	0.0	2206.0
AVR78_26090	2	96.78299999999999	3077	96	3	1	3076	186589	183515	0.0	5131.0
AVR78_26095	2	97.193	962	25	2	1	962	187671	186712	0.0	1626.0
AL473_27855	2	96.814	3076	96	2	1	3075	186589	183515	0.0	5136.0
AL473_27860	2	97.507	1083	27	0	1	1083	187794	186712	0.0	1851.0
KPC142_04778	2	98.405	1254	20	0	1	1254	183463	182210	0.0	2206.0
KPC142_04779	2	96.749	3076	98	2	1	3075	186589	183515	0.0	5125.0
KPC142_04780	2	97.415	1083	28	0	1	1083	187794	186712	0.0	1845.0
BJF97_29580	12	95.355	366	17	0	1	366	139771	140136	6.419999999999998e-167	582.0
BJF97_31405	2	95.87	3075	112	1	1	3060	186589	183515	0.0	4961.0
BJF97_31410	2	96.458	960	33	1	1	959	187671	186712	0.0	1583.0
BJF97_31480	2	98.156	1139	21	0	1	1139	183370	182232	0.0	1988.0
BJF97_31485	2	99.10700000000001	112	0	1	1	112	183463	183353	2.02e-52	200.0
BJF97_31490	2	96.469	2577	81	10	1	2570	186088	183515	0.0	4246.0
BC497_28620	12	95.055	1274	63	0	1	1274	139726	140999	0.0	2004.0
BC497_28725	12	97.949	195	4	0	1	195	140805	140999	7.759999999999999e-94	339.0
BWI95_23025	40	98.27600000000001	116	2	0	1	116	124	9	1.6299999999999998e-53	204.0
BWI95_23025	29	99.115	113	1	0	2	114	22598	22486	1.6299999999999998e-53	204.0
BWI95_23030	40	96.454	2933	85	15	1	2921	3132	207	0.0	4822.0
C2U54_24530	2	96.03	1083	43	0	1	1083	187794	186712	0.0	1762.0
C2U54_24535	2	95.512	3075	138	0	1	3075	186589	183515	0.0	4915.0
C2U54_24540	2	97.52799999999999	1254	31	0	1	1254	183463	182210	0.0	2145.0
C3F35_24560	2	95.512	3075	138	0	1	3075	186589	183515	0.0	4915.0
A0256_24460	2	97.609	962	21	1	1	962	187671	186712	0.0	1648.0
C2L64_52680	2	97.26899999999999	3076	82	2	1	3075	186589	183515	0.0	5214.0
C2L64_52685	3	99.39399999999999	165	1	0	1	165	15337	15501	3.0299999999999994e-82	300.0
AB182_01840	2	96.12200000000001	1083	42	0	1	1083	187794	186712	0.0	1768.0
AB182_01845	2	95.87	3075	127	0	1	3075	186589	183515	0.0	4975.0
AB182_01850	2	98.325	1254	21	0	1	1254	183463	182210	0.0	2200.0
C7R88_17130	40	98.27600000000001	116	2	0	1	116	124	9	1.6299999999999998e-53	204.0
C7R88_17130	29	98.23	113	2	0	2	114	22598	22486	7.58e-52	198.0
gene63_istA1	34	97.613	1173	28	0	1	1173	583	1755	0.0	2012.0
gene64_istA2	34	97.56299999999999	1149	28	0	1	1149	607	1755	0.0	1967.0
CA210_00145	18	96.537	722	17	1	2	723	87952	88665	0.0	1188.0
gene95_corA	19	97.37100000000001	951	25	0	1	951	37364	36414	0.0	1618.0
gene96_R0097	19	98.221	281	5	0	1	281	37734	38014	8.439999999999997e-140	492.0
pSSAP3002A_102	12	97.348	792	21	0	1	792	140208	140999	0.0	1347.0
pCS0010A_102	12	97.475	792	20	0	1	792	140208	140999	0.0	1352.0
CHD10_23550	34	96.76	1173	38	0	1	1173	583	1755	0.0	1956.0
CHD70_26860	62	97.115	104	3	0	1	104	587	484	3.15e-45	176.0
CHD70_26860	17	97.115	104	3	0	1	104	87406	87509	3.15e-45	176.0
CHD70_26860	8	97.115	104	3	0	1	104	57142	57039	3.15e-45	176.0
SE14_05084	16	96.48899999999999	1652	58	0	1	1652	85819	87470	0.0	2730.0
B6N51_23995	15	99.82799999999999	1163	2	0	1	1163	49432	48270	0.0	2137.0
B6N51_24120	12	95.133	1274	62	0	1	1274	139726	140999	0.0	2010.0
CGA23_25625	1	98.507	201	3	0	1	201	702359	702159	7.969999999999998e-99	355.0
DOE62_24990	12	99.529	1274	6	0	1	1274	139726	140999	0.0	2320.0
DOE58_24535	12	98.04700000000001	1229	24	0	1	1229	139771	140999	0.0	2137.0
C6651_27175	16	97.27600000000001	1652	45	0	1	1652	85819	87470	0.0	2802.0
BTN76_25245	19	98.208	279	5	0	1	279	37734	38012	1.0799999999999998e-138	488.0
BTN76_25250	19	97.161	951	27	0	1	951	37364	36414	0.0	1607.0
C0V85_24235	12	99.529	1274	6	0	1	1274	139726	140999	0.0	2320.0
LFZ16_28145	1	95.139	144	7	0	1	144	277163	277020	1.25e-60	228.0
LFZ16_30505	17	96.111	180	7	0	4	183	88071	87892	1.5899999999999999e-80	294.0
LFZ16_30505	8	96.111	180	7	0	4	183	56477	56656	1.5899999999999999e-80	294.0
CGL53_25250	12	95.36200000000001	1229	57	0	1	1229	139771	140999	0.0	1954.0
ATD18_23040	6	95.682	2223	96	0	1	2223	18455	16233	0.0	3574.0
ATD18_23045	6	95.9	1317	54	0	1	1317	19768	18452	0.0	2134.0
ATD18_23050	6	95.325	2310	108	0	1	2310	22081	19772	0.0	3668.0
SeKA_D0160	12	97.619	840	20	0	1	840	140160	140999	0.0	1441.0
LFZ25_26100	6	95.59200000000001	2223	97	1	1	2222	18455	16233	0.0	3561.0
LFZ25_26105	6	95.9	1317	54	0	1	1317	19768	18452	0.0	2134.0
LFZ25_26110	6	95.152	2310	112	0	1	2310	22081	19772	0.0	3646.0
SEEP1673_025295	4	99.51799999999999	1038	5	0	1	1038	19903	20940	0.0	1890.0
CHC80_24460	2	96.89399999999999	161	5	0	5	165	252974	253134	2.3799999999999996e-73	270.0
BFF41_24365	19	98.264	288	5	0	1	288	37734	38021	1.1099999999999995e-143	505.0
BFF41_24370	19	97.37100000000001	951	25	0	1	951	37364	36414	0.0	1618.0
gene5_corA	19	97.37100000000001	951	25	0	1	951	37364	36414	0.0	1618.0
STBHUCCB_p1380	19	100.0	135	0	0	1	135	37379	37513	2.4699999999999996e-67	250.0
STBHUCCB_p1390	19	100.0	135	0	0	1	135	37742	37608	2.4699999999999996e-67	250.0
M495_25235	40	96.552	116	4	0	1	116	124	9	3.5299999999999993e-50	193.0
M495_25235	29	97.345	113	3	0	2	114	22598	22486	3.5299999999999993e-50	193.0
M495_25250	47	97.257	401	11	0	1	401	415	15	0.0	680.0
AB188_01150	12	95.586	657	29	0	1	657	140343	140999	0.0	1053.0
DKC05_01195	12	95.60600000000001	1229	54	0	1	1229	139771	140999	0.0	1971.0
SbBS512_A0002	12	99.55799999999999	906	4	0	1	906	140094	140999	0.0	1652.0
SbBS512_A0073	12	99.338	906	6	0	1	906	140094	140999	0.0	1640.0
SbBS512_A0139	36	97.119	243	5	1	1	241	5677	5435	7.439999999999999e-115	409.0
SbBS512_A0140	36	96.927	423	13	0	1	423	5378	4956	0.0	710.0
SBO_P003	12	99.495	792	4	0	1	792	140208	140999	0.0	1441.0
SBO_P004	12	99.454	366	2	0	1	366	139771	140136	0.0	665.0
SBO_P010	12	99.116	792	7	0	1	792	140208	140999	0.0	1424.0
SBO_P011	12	99.454	366	2	0	1	366	139771	140136	0.0	665.0
SBO_P034	15	95.455	528	24	0	1	528	48797	48270	0.0	843.0
SBO_P098	12	99.495	792	4	0	1	792	140208	140999	0.0	1441.0
Asd1617_06159	12	98.015	403	5	3	1	402	140599	140999	0.0	697.0
Asd1617_06160	12	98.881	447	1	2	1	447	140160	140602	0.0	795.0
Asd1617_06161	12	99.649	285	0	1	1	285	139771	140054	3.919999999999999e-148	520.0
Asd1617_06176	15	95.17200000000001	870	39	1	1	870	49136	48270	0.0	1371.0
Asd1617_06305	36	98.84100000000001	690	8	0	1	690	3830	4519	0.0	1230.0
Asd1617_06346	36	97.94200000000001	243	3	1	1	241	5677	5435	3.4399999999999995e-118	420.0
Asd1617_06347	36	97.458	354	9	0	1	354	5378	5025	1.3199999999999997e-173	604.0
Asd1617_06398	12	98.90700000000001	183	1	1	1	183	140818	140999	5.629999999999999e-90	326.0
Asd1617_06399	12	97.67399999999999	301	3	4	1	300	140599	140896	1.9299999999999996e-146	514.0
SDY_P011	12	99.04799999999999	840	8	0	1	840	140160	140999	0.0	1507.0
SDY_P215	12	99.524	840	4	0	1	840	140160	140999	0.0	1530.0
SFLP026	15	95.15299999999999	557	27	0	29	585	48826	48270	0.0	880.0
SFLP098	12	99.454	366	2	0	1	366	139771	140136	0.0	665.0
SFLP099	12	99.64299999999999	840	3	0	1	840	140160	140999	0.0	1535.0
SFLP113	12	99.524	840	4	0	1	840	140160	140999	0.0	1530.0
MC63_025070	12	99.529	1274	6	0	1	1274	139726	140999	0.0	2320.0
MC63_025305	15	95.315	555	26	0	1	555	48824	48270	0.0	881.0
MC63_025695	36	96.51299999999999	803	26	1	1	801	5758	4956	0.0	1327.0
AOT98_25095	25	96.54799999999999	1825	57	6	2	1823	21174	19353	0.0	3016.0
AOT98_25100	25	97.954	391	6	2	1	390	21603	21214	0.0	676.0
AOT98_25105	25	98.074	1558	26	4	1	1555	21877	23433	0.0	2708.0
AOT98_25110	25	97.421	504	13	0	1	504	23933	23430	0.0	859.0
AOT98_25115	25	97.01299999999999	636	18	1	1	635	24626	23991	0.0	1068.0
AOT98_25120	25	98.822	849	10	0	1	849	24835	25683	0.0	1513.0
AOT98_25200	1	100.0	108	0	0	1	108	611021	611128	1.93e-52	200.0
AOT98_25205	1	97.26799999999999	732	19	1	1	731	611840	611109	0.0	1240.0
AOT98_25210	1	97.411	927	24	0	1	927	612771	611845	0.0	1580.0
AOT98_25215	1	96.632	1158	37	2	1	1156	613921	612764	0.0	1921.0
AOT98_25225	1	96.694	2299	69	7	1	2293	617291	614994	0.0	3818.0
AOT98_25230	1	98.059	1700	28	5	1	1698	617506	619202	0.0	2952.0
AOT98_25235	1	97.96600000000001	934	16	3	1	932	620173	619241	0.0	1616.0
AOT98_25840	4	98.305	177	3	0	1	177	215173	215349	1.5199999999999997e-85	311.0
AOT98_25850	4	95.376	173	6	2	1	172	215707	215878	1.99e-74	274.0
AOT98_25855	4	98.85600000000001	612	7	0	1	612	216145	216756	0.0	1092.0
AOT98_25860	4	99.03399999999999	207	2	0	1	207	216753	216959	8.179999999999999e-104	372.0
AOT98_25865	4	96.375	662	24	0	1	662	216937	217598	0.0	1090.0
AOT98_25885	4	99.074	324	3	0	1	324	219191	219514	5.659999999999998e-167	582.0
AOT98_25890	4	96.01700000000001	477	19	0	1	477	219498	219974	0.0	776.0
AOT98_25895	4	95.89	438	18	0	1	438	219971	220408	0.0	710.0
AOT98_26025	2	96.73	1254	41	0	1	1254	98718	99971	0.0	2089.0
AOT98_26030	2	98.37	1104	18	0	1	1104	97603	98706	0.0	1940.0
AOT98_26040	2	97.064	1056	31	0	1	1056	97315	96260	0.0	1779.0
AOT98_26045	2	97.015	402	12	0	1	402	95820	96221	0.0	676.0
AOT98_26050	2	98.15299999999999	1245	23	0	1	1245	94518	95762	0.0	2172.0
AOT98_26055	2	99.12899999999999	459	3	1	1	458	93968	94426	0.0	824.0
AOT98_26060	2	98.21700000000001	1458	26	0	1	1458	93707	92250	0.0	2549.0
AOT98_26075	2	97.333	375	10	0	1	375	91020	91394	0.0	638.0
AOT98_26080	2	99.499	399	2	0	1	399	90534	90932	0.0	726.0
AOT98_26085	2	97.895	285	4	2	1	283	90238	90522	8.57e-140	492.0
AOT98_26090	2	97.064	1056	30	1	1	1055	89131	90186	0.0	1777.0
AOT98_26100	2	96.68799999999999	1419	46	1	37	1454	50307	48889	0.0	2359.0
BS647_25705	15	95.15299999999999	557	27	0	5	561	48826	48270	0.0	880.0
BS647_26485	12	99.60799999999999	1274	5	0	1	1274	139726	140999	0.0	2326.0
B4376_25920	12	99.60799999999999	1274	5	0	1	1274	139726	140999	0.0	2326.0
B4376_26530	12	99.37200000000001	1274	8	0	1	1274	139726	140999	0.0	2309.0
B4376_26600	36	97.531	243	4	1	1	241	5677	5435	1.5999999999999998e-116	414.0
B4376_26605	36	96.855	477	15	0	1	477	5432	4956	0.0	798.0
SFxv_4859	15	95.15299999999999	557	27	0	29	585	48826	48270	0.0	880.0
SFxv_4941	12	99.454	366	2	0	1	366	139771	140136	0.0	665.0
SFxv_4942	12	99.55799999999999	906	4	0	1	906	140094	140999	0.0	1652.0
SFxv_4947	12	99.55799999999999	906	4	0	1	906	140094	140999	0.0	1652.0
SFxv_4948	12	98.925	186	2	0	1	186	139951	140136	3.4199999999999996e-92	333.0
SFxv_4961	36	96.71700000000001	396	13	0	1	396	5351	4956	0.0	660.0
B5690_26165	15	95.135	555	27	0	1	555	48824	48270	0.0	876.0
B5690_26550	6	96.52799999999999	144	5	0	1	144	14043	14186	5.769999999999999e-64	239.0
B5690_26630	36	96.63799999999999	803	25	1	4	804	5758	4956	0.0	1332.0
SF_p0106	12	99.51299999999999	411	2	0	1	411	139726	140136	0.0	749.0
SF_p0208	12	99.51299999999999	411	2	0	1	411	139726	140136	0.0	749.0
AD871_27260	12	99.027	411	4	0	1	411	139726	140136	0.0	737.0
AD871_27325	36	96.544	434	12	2	1	431	5758	5325	0.0	715.0
AD871_27330	36	98.27600000000001	348	6	0	1	348	5303	4956	2.7999999999999994e-175	610.0
AD871_28150	12	99.55799999999999	906	4	0	1	906	140094	140999	0.0	1652.0
BS654_25685	12	99.529	1274	6	0	1	1274	139726	140999	0.0	2320.0
BS654_26570	12	99.529	1274	6	0	1	1274	139726	140999	0.0	2320.0
BS653_26095	12	99.529	1274	5	1	1	1273	139726	140999	0.0	2318.0
pWR501_0107	12	99.757	411	1	0	1	411	139726	140136	0.0	754.0
pWR501_0222	12	99.55799999999999	906	4	0	1	906	140094	140999	0.0	1652.0
pWR501_0223	12	99.51299999999999	411	2	0	1	411	139726	140136	0.0	749.0
SF2A_24575	12	99.669	906	3	0	1	906	140094	140999	0.0	1657.0
SF2A_24580	12	99.454	366	2	0	1	366	139771	140136	0.0	665.0
SF2A_24650	36	96.95299999999999	722	20	1	1	720	5677	4956	0.0	1210.0
FORC11_p0042	15	95.51700000000001	870	36	1	1	870	49136	48270	0.0	1387.0
FORC11_p0129	36	98.745	717	9	0	1	717	3830	4546	0.0	1275.0
FORC11_p0157	34	97.353	1020	27	0	1	1020	736	1755	0.0	1735.0
FORC11_p0166	12	99.27	411	3	0	1	411	139726	140136	0.0	743.0
EG356c_009	11	100.0	1071	0	0	1	1071	40094	41164	0.0	1978.0
BZ172_28785	3	95.07600000000001	264	13	0	1	264	375919	376182	4.8699999999999996e-117	416.0
BZ172_30300	36	98.66799999999999	751	10	0	33	783	3796	4546	0.0	1332.0
BZ172_30420	34	97.491	1116	28	0	1	1116	640	1755	0.0	1906.0
AT852_27240	36	96.63799999999999	803	25	1	1	801	5758	4956	0.0	1332.0
AT852_27255	12	99.60799999999999	1274	5	0	1	1274	139726	140999	0.0	2326.0
SSON_P036	34	97.56299999999999	1149	28	0	1	1149	607	1755	0.0	1967.0
SSON_P079	12	99.762	840	2	0	1	840	140160	140999	0.0	1541.0
SSON_P163	34	97.51899999999999	927	23	0	1	927	829	1755	0.0	1585.0
pMO17_54_54	5	98.07700000000001	572	11	0	1	572	201599	201028	0.0	996.0
pMO17_54_55	5	95.477	199	9	0	1	199	201868	202066	1.0499999999999998e-87	318.0
YP_pCD84	34	95.735	211	9	0	1	211	732	522	2.4199999999999994e-94	340.0
ZMO3_b2935	7	97.189	1992	56	0	1	1992	209469	207478	0.0	3369.0
ZMO3_b0008	9	98.742	954	12	0	1	954	61238	62191	0.0	1696.0
