CDIMF43_PB50001	64	96.541	1995	63	1	1	1989	4129	2135	0.0	3297.0
CDIMF43_PB50002	64	98.095	315	6	0	1	315	4365	4679	3.1799999999999996e-157	549.0
Q783_12085	64	98.84100000000001	345	4	0	1	345	10696	10352	3.399999999999999e-177	616.0
Q783_12090	64	99.415	855	5	0	1	855	10367	9513	0.0	1552.0
Q783_12095	64	98.71799999999999	234	3	0	1	234	9366	9133	2.4499999999999995e-117	416.0
Q783_12100	64	98.336	1863	31	0	1	1863	8935	7073	0.0	3269.0
NY10_2599	64	97.521	363	9	0	1	363	6721	6359	7.719999999999998e-179	621.0
LIANG_13545	79	99.23100000000001	390	0	3	1	387	3855	4244	0.0	701.0
LIANG_13550	79	97.647	510	12	0	1	510	4386	4895	0.0	876.0
LIANG_13555	79	97.598	333	8	0	1	333	5742	6074	7.199999999999998e-164	571.0
LIANG_13580	39	98.81	672	8	0	1	672	24545	23874	0.0	1197.0
LIANG_13585	39	97.774	1977	44	0	1	1977	23821	21845	0.0	3408.0
LIANG_13590	39	99.336	753	5	0	1	753	21830	21078	0.0	1363.0
LIANG_13595	39	99.603	756	3	0	1	756	21062	20307	0.0	1380.0
LIANG_13600	39	99.617	261	1	0	1	261	20294	20034	1.2499999999999996e-135	477.0
LIANG_13605	39	99.809	2091	4	0	1	2091	20037	17947	0.0	3840.0
LIANG_13610	39	99.74600000000001	393	0	1	1	392	17920	17528	0.0	719.0
LIANG_13650	35	99.68799999999999	960	3	0	1	960	26474	25515	0.0	1757.0
LIANG_13660	58	97.585	207	5	0	1	207	5713	5507	4.729999999999999e-99	355.0
LIANG_13665	58	98.413	252	4	0	1	252	5507	5256	1.2199999999999998e-125	444.0
LIANG_13670	58	97.71700000000001	438	10	0	1	438	5240	4803	0.0	754.0
LIANG_13755	35	99.583	960	4	0	1	960	26474	25515	0.0	1751.0
LIANG_13790	126	99.885	868	0	1	1	867	999	132	0.0	1596.0
LIANG_13805	115	95.525	961	42	1	1	961	583	1542	0.0	1535.0
LIANG_13840	126	100.0	423	0	0	1	423	999	577	0.0	782.0
LIANG_13845	126	99.523	419	0	2	1	417	550	132	0.0	761.0
LIANG_13920	80	96.0	600	24	0	1	600	3481	2882	0.0	976.0
LIANG_13955	147	97.79	543	12	0	1	543	368	910	0.0	937.0
LIANG_13975	97	97.85	1070	23	0	1	1070	3637	4706	0.0	1849.0
LIANG_13995	130	100.0	291	0	0	1	291	1291	1001	6.319999999999998e-154	538.0
LIANG_14000	130	99.881	837	1	0	1	837	965	129	0.0	1541.0
LIANG_14020	35	99.271	960	7	0	1	960	26474	25515	0.0	1735.0
LIANG_14040	35	99.583	960	4	0	1	960	26474	25515	0.0	1751.0
LIANG_14130	73	99.454	549	2	1	1	548	2059	2607	0.0	996.0
LIANG_14135	73	99.76700000000001	858	2	0	1	858	1201	2058	0.0	1574.0
LIANG_14140	73	99.65299999999999	288	1	0	1	288	628	915	1.3499999999999998e-150	527.0
LIANG_14145	73	100.0	330	0	0	1	330	309	638	1.5099999999999993e-175	610.0
LIANG_14250	80	99.655	579	2	0	1	579	5011	4433	0.0	1059.0
LIANG_14255	80	100.0	207	0	0	1	207	5256	5050	2.1699999999999996e-107	383.0
LIANG_14260	80	97.491	1395	34	1	1	1395	6664	5271	0.0	2381.0
LIANG_14350	130	99.76100000000001	837	1	1	1	836	965	129	0.0	1533.0
LIANG_14355	130	98.969	291	3	0	1	291	1291	1001	6.359999999999999e-149	521.0
LIANG_14360	64	100.0	393	0	0	1	393	828	436	0.0	726.0
LIANG_14365	64	99.819	552	0	1	1	551	1842	1291	0.0	1013.0
LIANG_14375	64	98.34700000000001	363	5	1	1	362	6721	6359	0.0	636.0
LIANG_14380	64	99.52799999999999	1905	9	0	1	1905	8935	7031	0.0	3469.0
LIANG_14385	64	97.436	234	5	1	1	233	9366	9133	8.829999999999999e-112	398.0
LIANG_14390	64	100.0	249	0	0	1	249	9761	9513	1.1899999999999998e-130	460.0
LIANG_14395	64	99.838	618	1	0	1	618	11535	10918	0.0	1136.0
LIANG_14400	64	99.825	573	1	0	1	573	12339	11767	0.0	1053.0
LIANG_14440	79	99.37100000000001	318	1	1	1	317	1310	993	5.279999999999999e-165	575.0
LIANG_14445	79	100.0	255	0	0	1	255	1565	1311	5.659999999999998e-134	472.0
LIANG_14455	126	98.818	423	0	5	1	418	999	577	0.0	749.0
LIANG_14470	81	98.758	161	2	0	1	161	166	6	1.3299999999999999e-78	287.0
LIANG_14475	64	97.929	1931	34	1	2	1926	4065	2135	0.0	3339.0
LIU_13580	35	99.383	810	5	0	1	810	26474	25665	0.0	1469.0
LIU_13780	115	95.421	961	42	2	1	960	583	1542	0.0	1530.0
LIU_14030	79	98.655	1041	13	1	1	1040	3855	4895	0.0	1844.0
LIU_14045	79	99.686	318	1	0	1	318	1310	993	3.1699999999999987e-167	582.0
LIU_14090	35	99.479	960	4	1	1	959	26474	25515	0.0	1744.0
LIU_14110	64	97.863	234	5	0	1	234	9366	9133	5.299999999999998e-114	405.0
LIU_14130	64	100.0	552	0	0	1	552	1842	1291	0.0	1020.0
LIU_14135	64	100.0	543	0	0	1	543	978	436	0.0	1003.0
LIU_14145	130	99.881	837	1	0	1	837	965	129	0.0	1541.0
LIU_14250	80	98.441	1026	16	0	1	1026	6296	5271	0.0	1807.0
LIU_14380	73	99.63600000000001	549	2	0	1	549	2059	2607	0.0	1003.0
BZG32_16460	174	100.0	376	0	0	18	393	1	376	0.0	695.0
BZG32_16495	5	100.0	498	0	0	1	498	94756	95253	0.0	920.0
BZG32_16500	5	99.80799999999999	522	1	0	1	522	95846	95325	0.0	959.0
BZG32_16885	81	100.0	453	0	0	1	453	297	749	0.0	837.0
BZG32_16890	81	100.0	690	0	0	1	690	763	1452	0.0	1275.0
BZG32_16895	81	99.95700000000001	2352	1	0	1	2352	1577	3928	0.0	4338.0
BZG32_16900	81	100.0	396	0	0	1	396	4008	4403	0.0	732.0
BZG32_16905	81	100.0	618	0	0	1	618	4728	5345	0.0	1142.0
BZG32_16910	81	100.0	300	0	0	1	300	5386	5685	6.479999999999997e-159	555.0
BZG32_16915	81	100.0	168	0	0	1	168	5719	5886	8.219999999999998e-86	311.0
BZG32_16920	81	100.0	606	0	0	1	606	6536	5931	0.0	1120.0
DR75_2986	35	98.854	960	11	0	1	960	26474	25515	0.0	1712.0
EF_C0003	148	100.0	420	0	0	1	420	173	592	0.0	776.0
AQ614_13070	39	100.0	261	0	0	1	261	20294	20034	2.6799999999999997e-137	483.0
AQ614_13075	39	99.56700000000001	2080	9	0	1	2080	20037	17958	0.0	3792.0
AQ614_13095	39	98.765	243	3	0	1	243	17459	17217	2.529999999999999e-122	433.0
AQ614_13105	39	95.05799999999999	2064	93	1	1	2055	16827	14764	0.0	3238.0
AQ614_13130	39	95.616	593	26	0	1	593	9241	8649	0.0	952.0
AQ614_13135	39	96.56700000000001	2010	69	0	16	2025	8470	6461	0.0	3330.0
AQ614_13140	39	100.0	1200	0	0	1	1200	6461	5262	0.0	2217.0
AQ614_13145	39	98.915	645	7	0	1	645	5246	4602	0.0	1153.0
AQ614_13150	39	97.522	807	20	0	1	807	4591	3785	0.0	1380.0
AQ614_13175	39	95.163	1592	74	1	1	1592	2267	679	0.0	2510.0
AQ614_13180	39	99.405	336	2	0	1	336	666	331	1.5399999999999995e-175	610.0
AQ614_13185	39	97.895	190	4	0	1	190	190	1	2.68e-91	329.0
AQ614_13190	121	99.92	1251	1	0	1	1251	399	1649	0.0	2305.0
AQ614_13195	58	97.177	2373	67	0	1	2373	15137	12765	0.0	4012.0
AQ614_13200	58	98.015	1461	29	0	1	1461	12704	11244	0.0	2538.0
AQ614_13215	58	98.99	594	6	0	1	594	8789	8196	0.0	1064.0
AQ614_13220	58	98.0	900	18	0	1	900	8183	7284	0.0	1563.0
AQ614_13240	58	97.101	207	6	0	1	207	5713	5507	2.1999999999999996e-97	350.0
AQ614_13245	58	98.81	252	3	0	1	252	5507	5256	2.6199999999999993e-127	449.0
AQ614_13255	58	95.76299999999999	708	30	0	1	708	4810	4103	0.0	1142.0
AQ614_13260	58	95.522	201	9	0	1	201	3939	3739	4.639999999999999e-89	322.0
AQ614_13295	58	99.527	423	2	0	1	423	1660	1238	0.0	771.0
AQ614_13300	58	100.0	204	0	0	1	204	1228	1025	9.929999999999997e-106	377.0
AQ614_13305	58	100.0	585	0	0	1	585	814	230	0.0	1081.0
AQ614_13395	79	97.29700000000001	333	9	0	1	333	5742	6074	3.3499999999999993e-162	566.0
AQ614_13410	39	100.0	240	0	0	1	240	25176	24937	1.1499999999999998e-125	444.0
AQ614_13415	39	95.417	240	11	0	1	240	24870	24631	2.5499999999999998e-107	383.0
AQ614_13430	39	98.81	672	8	0	1	672	24545	23874	0.0	1197.0
AQ614_13440	39	97.875	753	16	0	1	753	21830	21078	0.0	1303.0
AQ614_13445	39	98.031	762	9	1	1	762	21062	20307	0.0	1319.0
AWJ25_14645	96	100.0	657	0	0	1	657	1623	2279	0.0	1214.0
AWJ25_14650	96	99.927	1377	1	0	1	1377	2279	3655	0.0	2538.0
AWJ25_14725	113	100.0	654	0	0	1	654	341	994	0.0	1208.0
AWJ25_14730	113	100.0	1320	0	0	1	1320	991	2310	0.0	2438.0
AWJ25_14760	81	100.0	2352	0	0	1	2352	1577	3928	0.0	4344.0
AWJ25_14865	39	97.068	307	9	0	1	307	666	360	9.14e-148	518.0
AWJ25_14880	39	95.789	190	8	0	1	190	190	1	1.2599999999999998e-84	307.0
AWJ25_14885	121	99.92	1251	1	0	1	1251	399	1649	0.0	2305.0
AWJ25_14895	58	98.449	1870	28	1	1	1869	14634	12765	0.0	3291.0
AWJ25_14945	58	97.585	207	5	0	1	207	5713	5507	4.729999999999999e-99	355.0
AWJ25_14950	58	99.206	252	2	0	1	252	5507	5256	5.619999999999999e-129	455.0
AWJ25_14960	58	96.045	708	16	1	1	696	4810	4103	0.0	1142.0
AWJ25_14975	144	99.79	954	2	0	1	954	968	15	0.0	1751.0
AWJ25_15060	130	99.535	645	3	0	1	645	773	129	0.0	1175.0
AWJ25_15120	130	99.40299999999999	837	5	0	1	837	965	129	0.0	1519.0
AWJ25_15125	130	99.656	291	1	0	1	291	1291	1001	2.939999999999999e-152	532.0
AWJ25_15215	85	99.771	873	2	0	1	873	4935	5807	0.0	1602.0
AWJ25_15220	85	99.949	1947	1	0	1	1947	2725	4671	0.0	3591.0
AWJ25_15225	85	100.0	1440	0	0	1	1440	2540	1101	0.0	2660.0
AWJ25_15230	85	99.896	963	1	0	1	963	1099	137	0.0	1773.0
AWJ25_15245	82	100.0	582	0	0	1	582	860	279	0.0	1075.0
AWJ25_15250	82	100.0	456	0	0	1	456	1103	1558	0.0	843.0
AWJ25_15255	82	100.0	258	0	0	1	258	1626	1883	1.2299999999999997e-135	477.0
AWJ25_15260	82	100.0	231	0	0	1	231	2374	2144	1.1199999999999997e-120	427.0
AWJ25_15265	82	100.0	819	0	0	1	819	3422	2604	0.0	1513.0
AWJ25_15270	82	99.855	690	1	0	1	690	3583	4272	0.0	1269.0
AWJ25_15275	82	100.0	1503	0	0	1	1503	4286	5788	0.0	2776.0
AWJ25_15280	82	100.0	477	0	0	1	477	5801	6277	0.0	881.0
AWJ25_15285	130	100.0	837	0	0	1	837	965	129	0.0	1546.0
AWJ25_15290	130	99.656	291	1	0	1	291	1291	1001	2.939999999999999e-152	532.0
AWJ25_15295	97	100.0	249	0	0	1	249	676	428	1.1899999999999998e-130	460.0
AWJ25_15300	97	100.0	519	0	0	1	519	1043	1561	0.0	959.0
AWJ25_15305	97	100.0	204	0	0	1	204	1904	2107	9.929999999999997e-106	377.0
AWJ25_15320	97	95.194	1082	52	0	1	1082	3637	4718	0.0	1711.0
AWJ25_15465	80	97.75299999999999	267	6	0	1	267	895	629	1.2799999999999998e-130	460.0
AWJ25_15470	80	97.759	357	8	0	1	357	1241	885	3.5299999999999984e-177	616.0
AWJ25_15480	1	95.96799999999999	3150	127	0	1	3150	107993	111142	0.0	5114.0
AWJ25_15490	1	96.554	1596	55	0	1	1596	105196	106791	0.0	2643.0
AWJ25_15610	73	99.818	549	1	0	1	549	2059	2607	0.0	1009.0
AWJ25_15620	73	100.0	288	0	0	1	288	628	915	2.9099999999999994e-152	532.0
AWJ25_15635	215	100.0	103	0	0	1	103	74	176	6.49e-50	191.0
AWJ25_15635	116	98.07700000000001	104	1	1	1	103	115	12	1.41e-46	180.0
AWJ25_15655	85	98.855	873	10	0	1	873	4935	5807	0.0	1557.0
AWJ25_15765	81	98.07700000000001	156	3	0	1	156	166	11	3.5599999999999996e-74	272.0
AWJ25_15770	117	100.0	1401	0	0	1	1401	427	1827	0.0	2588.0
AWJ25_15775	127	100.0	1188	0	0	1	1188	109	1296	0.0	2194.0
AWJ25_15785	90	99.859	711	1	0	1	711	1875	1165	0.0	1308.0
AWJ25_15790	90	99.87700000000001	816	1	0	1	816	2758	1943	0.0	1502.0
AWJ25_15795	90	99.897	969	1	0	1	969	3737	2769	0.0	1784.0
AWJ25_15800	128	99.92200000000001	1289	1	0	1	1289	1381	93	0.0	2375.0
AWJ25_15805	167	100.0	195	0	0	1	195	83	277	9.509999999999998e-101	361.0
AWJ25_15815	122	100.0	1548	0	0	1	1548	157	1704	0.0	2859.0
AWJ25_15840	72	99.21	633	5	0	1	633	7343	7975	0.0	1142.0
AWJ25_15845	72	99.81700000000001	2725	3	2	1	2724	4607	7330	0.0	5003.0
AWJ25_15850	72	100.0	966	0	0	1	966	3526	4491	0.0	1784.0
AWJ25_15855	72	100.0	813	0	0	1	813	2660	3472	0.0	1502.0
AWJ25_15860	72	99.742	774	2	0	1	774	1873	2646	0.0	1419.0
AWJ25_15865	72	100.0	471	0	0	1	471	1389	1859	0.0	870.0
AWJ25_15870	72	99.76	417	1	0	1	417	976	1392	0.0	765.0
AWJ25_16055	58	98.99	594	6	0	1	594	8789	8196	0.0	1064.0
AWJ25_16125	39	97.833	646	12	2	1	645	5246	4602	0.0	1114.0
AWJ25_16145	39	99.454	1648	9	0	1	1648	8485	6838	0.0	2994.0
AWJ25_16150	39	99.83200000000001	594	1	0	1	594	9241	8648	0.0	1092.0
AWJ25_16155	39	99.399	333	2	0	1	333	9574	9242	7.099999999999997e-174	604.0
AWJ25_16160	39	98.42	2532	40	0	1	2532	12155	9624	0.0	4455.0
AWJ25_16165	39	97.706	2615	56	4	1	2613	14764	12152	0.0	4494.0
AWJ25_16170	39	95.68799999999999	2064	80	1	1	2055	16827	14764	0.0	3310.0
AWJ25_16365	58	100.0	423	0	0	1	423	1660	1238	0.0	782.0
AWJ25_16370	58	99.675	615	2	0	1	615	1974	2588	0.0	1125.0
AWJ25_16375	58	100.0	351	0	0	1	351	2962	2612	0.0	649.0
AWJ25_16380	58	100.0	264	0	0	1	264	3219	2956	5.829999999999998e-139	488.0
AWJ25_16385	58	100.0	180	0	0	1	180	3723	3544	1.8999999999999997e-92	333.0
AWJ25_16390	58	95.522	201	9	0	1	201	3939	3739	4.639999999999999e-89	322.0
AWJ25_16395	58	95.76299999999999	708	30	0	1	708	4810	4103	0.0	1142.0
AWJ25_16410	58	97.585	207	5	0	1	207	5713	5507	4.729999999999999e-99	355.0
AWJ25_16415	58	100.0	261	0	0	1	261	6418	6158	2.6799999999999997e-137	483.0
AWJ25_16445	58	99.65799999999999	1461	5	0	1	1461	12704	11244	0.0	2671.0
AWJ25_16450	58	97.47200000000001	2373	60	0	1	2373	15137	12765	0.0	4050.0
AWJ25_16480	39	96.97	231	7	0	1	231	3763	3533	5.26e-109	388.0
AWJ25_16485	39	95.291	807	38	0	1	807	4591	3785	0.0	1280.0
AWJ25_16500	39	100.0	321	0	0	1	321	6781	6461	1.4799999999999997e-170	593.0
AWJ25_16535	39	96.016	2058	73	1	7	2055	16821	14764	0.0	3338.0
AWJ25_16580	39	96.006	1978	77	2	1	1977	23821	21845	0.0	3214.0
AWJ25_16585	39	99.10700000000001	672	6	0	1	672	24545	23874	0.0	1208.0
AWJ25_16595	39	97.917	240	5	0	1	240	25176	24937	2.5199999999999995e-117	416.0
AWJ25_16610	79	97.598	333	8	0	1	333	5742	6074	7.199999999999998e-164	571.0
AWJ25_16615	79	98.463	1041	16	0	1	1041	3855	4895	0.0	1834.0
AWJ25_16625	140	99.75299999999999	405	1	0	1	405	909	505	0.0	743.0
AWJ25_16630	79	99.60799999999999	255	1	0	1	255	1565	1311	2.6299999999999994e-132	466.0
AWJ25_16635	79	99.686	318	1	0	1	318	1310	993	3.1699999999999987e-167	582.0
AWJ25_16650	140	100.0	405	0	0	1	405	909	505	0.0	749.0
AWJ25_16695	73	99.65299999999999	288	0	1	1	287	628	915	4.8499999999999993e-150	525.0
AWJ25_16700	73	99.883	858	1	0	1	858	1201	2058	0.0	1580.0
AWJ25_16720	133	100.0	543	0	0	1	543	1052	510	0.0	1003.0
AWJ25_16740	96	99.844	1278	2	0	1	1278	336	1613	0.0	2350.0
AWJ25_16780	64	97.561	328	8	0	1	328	6721	6394	4.289999999999999e-161	562.0
AWJ25_16800	144	99.686	954	3	0	1	954	968	15	0.0	1746.0
AWJ25_16900	130	99.656	291	1	0	1	291	1291	1001	2.939999999999999e-152	532.0
UB18_12665	144	99.895	954	1	0	1	954	968	15	0.0	1757.0
UB18_12680	58	97.77799999999999	180	4	0	1	180	3723	3544	8.889999999999998e-86	311.0
UB18_12690	58	97.436	273	7	0	1	273	5075	4803	2.819999999999999e-132	466.0
UB18_12695	58	98.413	252	4	0	1	252	5507	5256	1.2199999999999998e-125	444.0
UB18_12700	58	97.585	207	5	0	1	207	5713	5507	4.729999999999999e-99	355.0
UB18_12750	58	97.429	2373	61	0	1	2373	15137	12765	0.0	4045.0
UB18_12765	39	96.726	336	11	0	1	336	666	331	1.5699999999999995e-160	560.0
UB18_12795	39	95.415	807	37	0	1	807	4591	3785	0.0	1286.0
UB18_12800	39	95.969	645	26	0	1	645	5246	4602	0.0	1048.0
UB18_12810	39	98.617	2025	28	0	1	2025	8485	6461	0.0	3585.0
UB18_12815	39	96.465	594	21	0	1	594	9241	8648	0.0	981.0
UB18_12820	39	96.096	333	13	0	1	333	9574	9242	1.5699999999999997e-155	544.0
UB18_12835	39	99.855	2064	3	0	1	2064	16827	14764	0.0	3795.0
UB18_12840	39	100.0	303	0	0	1	303	17199	16897	1.4099999999999995e-160	560.0
UB18_12845	39	100.0	243	0	0	1	243	17459	17217	2.5199999999999993e-127	449.0
UB18_12905	39	97.619	672	16	0	1	672	24545	23874	0.0	1153.0
UB18_12930	79	98.198	333	6	0	1	333	5742	6074	3.3299999999999984e-167	582.0
UB18_12935	79	98.655	1041	14	0	1	1041	3855	4895	0.0	1845.0
UB18_12940	35	99.583	960	4	0	1	960	26474	25515	0.0	1751.0
UB18_12950	79	100.0	318	0	0	1	318	1310	993	6.799999999999998e-169	588.0
UB18_12970	130	99.522	837	4	0	1	837	965	129	0.0	1524.0
UB18_13055	80	97.56299999999999	1395	33	1	1	1395	6664	5271	0.0	2386.0
UB18_13110	73	99.115	113	1	0	5	117	120	232	9.500000000000001e-54	204.0
UB18_13120	73	99.65299999999999	288	1	0	1	288	628	915	1.3499999999999998e-150	527.0
UB18_13145	144	99.60799999999999	510	2	0	1	510	524	15	0.0	931.0
UB18_13255	64	100.0	573	0	0	1	573	12339	11767	0.0	1059.0
UB18_13260	64	100.0	618	0	0	1	618	11535	10918	0.0	1142.0
UB18_13265	64	99.41	339	2	0	1	339	10690	10352	3.3399999999999987e-177	616.0
UB18_13270	64	99.766	856	1	1	1	856	10367	9513	0.0	1568.0
UB18_13275	64	100.0	234	0	0	1	234	9366	9133	2.4299999999999993e-122	433.0
UB18_13280	64	99.84299999999999	1905	3	0	1	1905	8935	7031	0.0	3502.0
UB18_13570	147	97.60600000000001	543	13	0	1	543	368	910	0.0	931.0
UB18_13660	35	99.792	960	2	0	1	960	26474	25515	0.0	1762.0
UB18_13725	82	100.0	690	0	0	1	690	3583	4272	0.0	1275.0
UB18_13735	82	100.0	425	0	0	1	425	2464	2040	0.0	785.0
UB18_13750	82	99.82799999999999	582	1	0	1	582	860	279	0.0	1070.0
UB18_13760	85	99.792	963	2	0	1	963	1099	137	0.0	1768.0
AX771_14200	103	100.0	846	0	0	1	846	3080	2235	0.0	1563.0
AX771_14205	103	100.0	828	0	0	1	828	2223	1396	0.0	1530.0
AX771_14210	103	100.0	849	0	0	1	849	1381	533	0.0	1568.0
AX771_14215	103	100.0	396	0	0	1	396	523	128	0.0	732.0
AX771_14235	111	100.0	261	0	0	1	261	301	561	2.6799999999999997e-137	483.0
AX771_14240	111	99.845	1293	0	2	1	1291	835	2127	0.0	2375.0
AX771_14245	130	99.64200000000001	279	1	0	1	279	1291	1013	1.3199999999999996e-145	510.0
AX771_14250	130	99.881	837	1	0	1	837	965	129	0.0	1541.0
AX771_14310	130	99.64200000000001	837	3	0	1	837	965	129	0.0	1530.0
AX771_14415	85	99.885	873	1	0	1	873	4935	5807	0.0	1607.0
AX771_14420	85	100.0	1947	0	0	1	1947	2725	4671	0.0	3596.0
AX771_14450	82	100.0	237	0	0	1	237	1647	1883	5.299999999999998e-124	438.0
AX771_14460	82	99.87799999999999	819	1	0	1	819	3422	2604	0.0	1507.0
AX771_14505	97	99.90799999999999	1086	0	1	1	1085	3637	4722	0.0	1999.0
AX771_14510	144	100.0	954	0	0	1	954	968	15	0.0	1762.0
AX771_14515	88	100.0	1251	0	0	1	1251	4597	5847	0.0	2311.0
AX771_14520	88	100.0	927	0	0	1	927	3652	4578	0.0	1712.0
AX771_14525	88	100.0	996	0	0	1	996	2578	3573	0.0	1840.0
AX771_14530	88	99.915	1170	1	0	1	1170	1393	2562	0.0	2156.0
AX771_14535	88	100.0	735	0	0	1	735	643	1377	0.0	1358.0
AX771_14580	58	96.34700000000001	438	16	0	1	438	5240	4803	0.0	721.0
AX771_14590	58	97.101	207	6	0	1	207	5713	5507	2.1999999999999996e-97	350.0
AX771_14630	58	96.99	1462	42	2	1	1461	12704	11244	0.0	2455.0
AX771_14640	121	100.0	1251	0	0	1	1251	399	1649	0.0	2311.0
AX771_14645	39	97.895	190	4	0	1	190	190	1	2.68e-91	329.0
AX771_14650	39	95.603	1592	65	3	1	1590	2267	679	0.0	2547.0
AX771_14665	35	99.479	960	5	0	1	960	26474	25515	0.0	1746.0
AX771_14675	39	95.04299999999999	807	39	1	1	806	4591	3785	0.0	1267.0
AX771_14680	39	95.969	645	26	0	1	645	5246	4602	0.0	1048.0
AX771_14700	39	95.796	333	13	1	1	332	9574	9242	2.6199999999999994e-153	536.0
AX771_14715	39	97.868	2064	35	1	1	2055	16827	14764	0.0	3559.0
AX771_14720	39	99.67	303	0	1	1	302	17199	16897	2.3499999999999994e-158	553.0
AX771_14730	39	99.785	465	1	0	1	465	17920	17456	0.0	854.0
AX771_14735	39	99.713	2091	6	0	1	2091	20037	17947	0.0	3829.0
AX771_14740	39	98.46700000000001	261	4	0	1	261	20294	20034	1.2599999999999997e-130	460.0
AX771_14745	39	97.63799999999999	762	12	1	1	762	21062	20307	0.0	1303.0
AX771_14750	39	99.602	753	3	0	1	753	21830	21078	0.0	1375.0
AX771_14755	39	97.677	1980	42	2	1	1979	23821	21845	0.0	3398.0
AX771_14760	39	96.726	672	22	0	1	672	24545	23874	0.0	1120.0
AX771_14765	39	95.833	240	10	0	1	240	24870	24631	5.489999999999997e-109	388.0
AX771_14790	79	98.84700000000001	1041	12	0	1	1041	3855	4895	0.0	1857.0
AX771_14885	85	98.969	873	9	0	1	873	4935	5807	0.0	1563.0
AX771_14890	128	100.0	1296	0	0	1	1296	1381	86	0.0	2394.0
AX771_14935	73	99.818	549	0	1	1	548	2059	2607	0.0	1007.0
AX771_14940	73	100.0	462	0	0	1	462	2867	3328	0.0	854.0
AX771_14945	73	99.81299999999999	1071	1	1	1	1070	4494	3424	0.0	1965.0
AX771_14950	73	100.0	1845	0	0	1	1845	5096	6940	0.0	3408.0
AX771_14955	73	100.0	1467	0	0	1	1467	6996	8462	0.0	2710.0
AX771_14960	73	100.0	843	0	0	1	843	8499	9341	0.0	1557.0
AX771_14990	64	100.0	339	0	0	1	339	10690	10352	1.5399999999999994e-180	627.0
AX771_14995	64	100.0	855	0	0	1	855	10367	9513	0.0	1580.0
AX771_15050	147	99.82	555	1	0	1	555	368	922	0.0	1020.0
AX771_15105	96	99.68700000000001	1278	3	1	1	1277	336	1613	0.0	2337.0
AX771_15115	96	99.855	1377	1	1	1	1376	2279	3655	0.0	2531.0
AX771_15345	174	99.73700000000001	380	0	1	18	396	1	380	0.0	695.0
AX771_15375	5	100.0	1953	0	0	1	1953	97277	95325	0.0	3607.0
AX771_15380	5	100.0	297	0	0	1	297	97580	97284	2.979999999999999e-157	549.0
AX771_15650	58	98.236	567	10	0	1	567	4669	4103	0.0	992.0
XM37_13645	122	99.935	1548	1	0	1	1548	157	1704	0.0	2854.0
XM37_13710	85	99.949	1947	1	0	1	1947	2725	4671	0.0	3591.0
XM37_13795	97	100.0	1086	0	0	1	1086	3637	4722	0.0	2006.0
XM37_13820	88	100.0	1170	0	0	1	1170	1393	2562	0.0	2161.0
XM37_13840	111	100.0	1293	0	0	1	1293	835	2127	0.0	2388.0
XM37_13860	114	100.0	1038	0	0	1	1038	1256	219	0.0	1917.0
XM37_13865	114	99.779	453	1	0	1	453	1705	1253	0.0	832.0
XM37_13870	114	100.0	267	0	0	1	267	2089	1823	1.2599999999999997e-140	494.0
XM37_13875	148	100.0	552	0	0	1	552	41	592	0.0	1020.0
XM37_13890	81	100.0	537	0	0	28	564	6467	5931	0.0	992.0
XM37_14025	96	99.765	1278	3	0	1	1278	336	1613	0.0	2344.0
XM37_14135	73	99.635	548	2	0	1	548	2059	2606	0.0	1002.0
XM37_14140	73	99.301	858	6	0	1	858	1201	2058	0.0	1552.0
XM37_14145	73	99.65299999999999	288	1	0	1	288	628	915	1.3499999999999998e-150	527.0
XM37_14175	85	98.969	873	9	0	1	873	4935	5807	0.0	1563.0
XM37_14300	79	99.21600000000001	255	2	0	1	255	1565	1311	1.2199999999999998e-130	460.0
XM37_14320	79	96.99700000000001	333	10	0	1	333	5742	6074	1.5599999999999996e-160	560.0
XM37_14330	39	98.75	240	3	0	1	240	25176	24937	1.1599999999999997e-120	427.0
XM37_14350	39	98.958	672	7	0	1	672	24545	23874	0.0	1203.0
XM37_14360	39	98.539	753	11	0	1	753	21830	21078	0.0	1330.0
XM37_14365	39	97.9	762	10	1	1	762	21062	20307	0.0	1314.0
XM37_14370	39	98.851	261	3	0	1	261	20294	20034	2.6999999999999993e-132	466.0
XM37_14375	39	99.279	2080	15	0	1	2080	20037	17958	0.0	3759.0
XM37_14395	39	99.177	243	2	0	1	243	17459	17217	5.439999999999999e-124	438.0
XM37_14405	39	96.501	2058	63	1	7	2055	16821	14764	0.0	3393.0
XM37_14410	39	99.834	1812	3	0	1	1812	14764	12953	0.0	3330.0
XM37_14420	39	98.5	800	12	0	2	801	12951	12152	0.0	1411.0
XM37_14430	39	100.0	333	0	0	1	333	9574	9242	3.2799999999999986e-177	616.0
XM37_14435	39	96.97	594	18	0	1	594	9241	8648	0.0	998.0
XM37_14440	39	98.272	2025	35	0	1	2025	8485	6461	0.0	3546.0
XM37_14460	39	96.279	645	24	0	1	645	5246	4602	0.0	1059.0
XM37_14465	39	97.02600000000001	807	24	0	1	807	4591	3785	0.0	1358.0
XM37_14490	39	98.818	423	5	0	1	423	2709	2287	0.0	754.0
XM37_14495	39	98.742	1590	20	0	1	1590	2267	678	0.0	2826.0
XM37_14500	39	98.507	335	5	0	1	335	666	332	5.579999999999999e-170	592.0
XM37_14515	58	96.57799999999999	1461	50	0	1	1461	12704	11244	0.0	2422.0
XM37_14530	58	99.663	594	2	0	1	594	8789	8196	0.0	1086.0
XM37_14535	58	96.77799999999999	900	29	0	1	900	8183	7284	0.0	1502.0
XM37_14550	58	98.46700000000001	261	4	0	1	261	6418	6158	1.2599999999999997e-130	460.0
XM37_14555	58	98.068	207	4	0	1	207	5713	5507	1.0199999999999999e-100	361.0
XM37_14560	58	98.413	252	4	0	1	252	5507	5256	1.2199999999999998e-125	444.0
XM37_14565	58	96.119	438	17	0	1	438	5240	4803	0.0	715.0
XM37_14570	58	96.02	201	8	0	1	201	3939	3739	9.979999999999998e-91	327.0
XM37_14765	39	99.07	645	6	0	1	645	5246	4602	0.0	1158.0
XM37_14850	58	98.851	261	3	0	1	261	6418	6158	2.6999999999999993e-132	466.0
XM37_14855	58	98.068	207	4	0	1	207	5713	5507	1.0199999999999999e-100	361.0
XM37_14860	58	98.016	252	5	0	1	252	5507	5256	5.659999999999999e-124	438.0
XM37_14865	58	96.852	413	13	0	1	413	5240	4828	0.0	691.0
XM37_14895	58	100.0	615	0	0	1	615	1974	2588	0.0	1136.0
gene9_tnp	8	99.848	1320	2	0	1	1320	66188	64869	0.0	2427.0
EfmE745_02797	39	99.346	153	1	0	1	153	8631	8479	7.489999999999998e-76	278.0
EfmE745_02798	39	98.914	2025	22	0	1	2025	8485	6461	0.0	3618.0
EfmE745_02800	39	97.209	645	18	0	1	645	5246	4602	0.0	1092.0
EfmE745_02801	39	97.02600000000001	807	24	0	1	807	4591	3785	0.0	1358.0
EfmE745_02802	39	100.0	231	0	0	1	231	3763	3533	1.1199999999999997e-120	427.0
EfmE745_02803	39	100.0	309	0	0	1	309	3019	2711	6.639999999999998e-164	571.0
EfmE745_02804	39	100.0	423	0	0	1	423	2709	2287	0.0	782.0
EfmE745_02805	39	100.0	1590	0	0	1	1590	2267	678	0.0	2937.0
EfmE745_02806	39	98.69	229	2	1	1	228	552	324	5.1499999999999984e-114	405.0
EfmE745_02820	58	96.104	154	6	0	1	154	5240	5087	4.639999999999999e-68	252.0
EfmE745_02851	82	100.0	234	0	0	1	234	1579	1812	2.4299999999999993e-122	433.0
EfmE745_02853	82	99.54299999999999	219	1	0	1	219	2362	2144	2.29e-112	399.0
EfmE745_02870	140	99.75299999999999	405	1	0	1	405	909	505	0.0	743.0
EfmE745_02877	130	99.76100000000001	837	2	0	1	837	965	129	0.0	1535.0
EfmE745_02880	153	99.876	807	1	0	1	807	830	24	0.0	1485.0
EfmE745_02881	111	99.884	864	1	0	1	864	1264	2127	0.0	1591.0
EfmE745_02882	111	100.0	375	0	0	1	375	835	1209	0.0	693.0
EfmE745_02891	61	100.0	1534	0	0	81	1614	1	1534	0.0	2833.0
EfmE745_02893	59	100.0	933	0	0	1	933	13575	14507	0.0	1724.0
EfmE745_02894	59	99.94	1662	1	0	1	1662	11874	13535	0.0	3064.0
EfmE745_02895	59	99.96600000000001	2982	1	0	1	2982	8896	11877	0.0	5502.0
EfmE745_02896	59	99.948	1914	1	0	1	1914	6855	8768	0.0	3530.0
EfmE745_02897	59	99.837	612	1	0	1	612	6214	6825	0.0	1125.0
EfmE745_02898	59	99.86399999999999	1473	2	0	1	1473	4691	6163	0.0	2710.0
EfmE745_02899	59	100.0	912	0	0	1	912	3756	4667	0.0	1685.0
EfmE745_02900	59	100.0	939	0	0	1	939	2806	3744	0.0	1735.0
EfmE745_02901	59	99.93700000000001	1575	1	0	1	1575	2577	1003	0.0	2904.0
EfmE745_02902	59	99.863	729	1	0	1	729	1025	297	0.0	1341.0
EfmE745_02918	96	100.0	98	0	0	1	98	3785	3882	3.77e-47	182.0
EfmE745_02919	96	100.0	1377	0	0	1	1377	2279	3655	0.0	2543.0
EfmE745_02921	96	100.0	1278	0	0	1	1278	336	1613	0.0	2361.0
EfmE745_02929	115	100.0	960	0	0	1	960	583	1542	0.0	1773.0
EfmE745_02930	115	100.0	606	0	0	1	606	2134	1529	0.0	1120.0
EfmE745_02937	144	99.686	954	3	0	1	954	968	15	0.0	1746.0
EfmE745_02945	35	99.834	602	1	0	1	602	26474	25873	0.0	1107.0
EfmE745_02949	35	99.479	960	5	0	1	960	26474	25515	0.0	1746.0
EfmE745_02952	128	99.92299999999999	1296	1	0	1	1296	1381	86	0.0	2388.0
EfmE745_02953	73	99.881	843	1	0	1	843	8499	9341	0.0	1552.0
EfmE745_02955	73	99.89200000000001	1845	2	0	1	1845	5096	6940	0.0	3397.0
EfmE745_02964	81	97.436	156	4	0	1	156	166	11	1.6599999999999996e-72	267.0
EfmE745_02966	72	99.874	796	1	0	1	796	8874	9669	0.0	1465.0
EfmE745_02967	72	100.0	633	0	0	1	633	7343	7975	0.0	1170.0
EfmE745_02968	72	99.963	2724	1	0	1	2724	4607	7330	0.0	5025.0
EfmE745_02971	72	99.87100000000001	774	1	0	1	774	1873	2646	0.0	1424.0
EfmE745_02972	72	99.788	471	1	0	1	471	1389	1859	0.0	865.0
EfmE745_02973	72	99.52	417	2	0	1	417	976	1392	0.0	760.0
EfmE745_02983	73	99.53399999999999	858	4	0	1	858	1201	2058	0.0	1563.0
EfmE745_02984	73	99.65299999999999	288	1	0	1	288	628	915	1.3499999999999998e-150	527.0
EfmE745_02989	128	99.62100000000001	264	1	0	1	264	1381	1118	2.71e-137	483.0
EfmE745_02990	128	100.0	901	0	0	1	901	997	97	0.0	1664.0
EfmE745_02994	79	98.751	1041	13	0	1	1041	3855	4895	0.0	1851.0
EfmE745_02995	79	97.898	333	7	0	1	333	5742	6074	1.5499999999999995e-165	577.0
EfmE745_02996	79	100.0	150	0	0	1	150	6693	6842	7.659999999999998e-76	278.0
EfmE745_03001	39	98.37	675	10	1	2	675	24548	23874	0.0	1184.0
EfmE745_03002	39	97.62299999999999	1977	47	0	1	1977	23821	21845	0.0	3391.0
EfmE745_03003	39	100.0	753	0	0	1	753	21830	21078	0.0	1391.0
EfmE745_03004	39	100.0	756	0	0	1	756	21062	20307	0.0	1397.0
EfmE745_03006	39	99.95200000000001	2091	1	0	1	2091	20037	17947	0.0	3856.0
EfmE745_03007	39	100.0	435	0	0	1	435	17890	17456	0.0	804.0
EfmE745_03054	81	100.0	387	0	0	1	387	4017	4403	0.0	715.0
EfmE745_03056	81	100.0	366	0	0	1	366	1087	1452	0.0	676.0
EfmE745_03057	81	99.725	363	0	1	1	363	763	1124	0.0	664.0
EfmE745_03074	58	98.536	683	10	0	14	696	4785	4103	0.0	1206.0
EfmE745_03091	58	97.82600000000001	414	8	1	1	414	4702	4290	0.0	713.0
EfmE745_03092	58	97.289	332	6	3	1	330	4312	3982	1.5399999999999995e-160	560.0
EfmE745_03101	58	99.671	1825	3	3	1	1824	14587	12765	0.0	3334.0
EfmE745_03102	58	98.152	1461	27	0	1	1461	12704	11244	0.0	2549.0
EfmE745_03103	58	95.42	2205	101	0	1	2205	11233	9029	0.0	3513.0
EfmE745_03109	58	97.101	207	6	0	1	207	5713	5507	2.1999999999999996e-97	350.0
EfmE745_03112	58	95.904	708	29	0	1	708	4810	4103	0.0	1147.0
EfmE745_03126	79	96.396	333	12	0	1	333	5742	6074	3.369999999999999e-157	549.0
EfmE745_03130	39	99.167	240	2	0	1	240	24870	24631	2.4999999999999994e-122	433.0
EfmE745_03131	39	99.405	672	4	0	1	672	24545	23874	0.0	1219.0
EfmE745_03132	39	97.876	1977	42	0	1	1977	23821	21845	0.0	3419.0
EfmE745_03143	39	99.89	1813	2	0	1	1813	14764	12952	0.0	3338.0
EfmE745_03147	39	99.62200000000001	793	1	2	1	792	12943	12152	0.0	1447.0
EfmE745_03152	39	98.538	1300	19	0	1	1300	8485	7186	0.0	2296.0
EfmE745_03153	39	99.602	502	1	1	1	501	7120	6619	0.0	915.0
EfmE745_03154	39	100.0	138	0	0	1	138	6598	6461	3.1099999999999993e-69	255.0
EfmE745_03155	39	95.411	523	17	3	1	522	6461	5945	0.0	826.0
EfmE745_03159	39	96.0	225	8	1	1	225	4591	4368	8.619999999999999e-102	364.0
EfmE745_03160	39	96.552	145	4	1	1	144	4411	4267	3.299999999999999e-64	239.0
EfmE745_03161	39	95.665	346	14	1	1	345	4147	3802	7.529999999999997e-159	555.0
EfmE745_03170	121	99.86200000000001	726	1	0	1	726	924	1649	0.0	1336.0
EfmE745_03175	5	100.0	285	0	0	1	285	97568	97284	1.3399999999999998e-150	527.0
EfmE745_03236	122	99.87100000000001	1548	2	0	1	1548	157	1704	0.0	2848.0
BO233_14290	39	100.0	195	0	0	1	195	24825	24631	9.509999999999998e-101	361.0
BO233_14295	39	100.0	672	0	0	1	672	24545	23874	0.0	1242.0
BO233_14300	39	100.0	1977	0	0	1	1977	23821	21845	0.0	3651.0
BO233_14325	39	100.0	465	0	0	1	465	17920	17456	0.0	859.0
BO233_14340	39	100.0	2064	0	0	1	2064	16827	14764	0.0	3812.0
BO233_14345	39	100.0	2613	0	0	1	2613	14764	12152	0.0	4826.0
BO233_14350	39	100.0	2532	0	0	1	2532	12155	9624	0.0	4676.0
BO233_14360	39	100.0	594	0	0	1	594	9241	8648	0.0	1098.0
BO233_14365	39	100.0	2025	0	0	1	2025	8485	6461	0.0	3740.0
BO233_14375	39	100.0	645	0	0	1	645	5246	4602	0.0	1192.0
BO233_14380	39	100.0	807	0	0	1	807	4591	3785	0.0	1491.0
BO233_14405	39	100.0	336	0	0	1	336	666	331	7.109999999999997e-179	621.0
BO233_14410	39	100.0	190	0	0	1	190	190	1	5.729999999999998e-98	351.0
BO233_14420	58	100.0	2373	0	0	1	2373	15137	12765	0.0	4383.0
BO233_14425	58	100.0	1461	0	0	1	1461	12704	11244	0.0	2699.0
BO233_14430	58	100.0	2205	0	0	1	2205	11233	9029	0.0	4072.0
BO233_14435	58	100.0	150	0	0	1	150	9013	8864	7.32e-76	278.0
BO233_14440	58	100.0	594	0	0	1	594	8789	8196	0.0	1098.0
BO233_14445	58	100.0	900	0	0	1	900	8183	7284	0.0	1663.0
BO233_14450	58	100.0	498	0	0	1	498	7281	6784	0.0	920.0
BO233_14460	58	100.0	207	0	0	1	207	5713	5507	2.1699999999999996e-107	383.0
BO233_14465	58	100.0	231	0	0	1	231	5486	5256	1.1199999999999997e-120	427.0
BO233_14470	58	100.0	438	0	0	1	438	5240	4803	0.0	809.0
BO233_14475	58	100.0	708	0	0	1	708	4810	4103	0.0	1308.0
BO233_14480	58	100.0	201	0	0	1	201	3939	3739	4.5499999999999986e-104	372.0
BO233_14540	85	99.896	963	1	0	1	963	1099	137	0.0	1773.0
BO233_14550	144	99.79	954	2	0	1	954	968	15	0.0	1751.0
BO233_14665	153	100.0	807	0	0	1	807	830	24	0.0	1491.0
BO233_14820	115	100.0	207	0	0	1	207	445	239	2.1699999999999996e-107	383.0
BO233_14845	147	100.0	555	0	0	1	555	368	922	0.0	1026.0
BO233_14860	91	100.0	584	0	0	14	597	1	584	0.0	1079.0
BO233_14865	91	100.0	927	0	0	1	927	1507	581	0.0	1712.0
BO233_14870	91	100.0	414	0	0	1	414	2463	2050	0.0	765.0
BO233_14875	91	100.0	237	0	0	1	237	2696	2460	5.299999999999998e-124	438.0
BO233_14880	91	100.0	603	0	0	1	603	3653	3051	0.0	1114.0
BO233_14885	91	100.0	213	0	0	1	213	4725	4937	1.0299999999999997e-110	394.0
BO233_14890	91	100.0	396	0	0	1	396	4927	5322	0.0	732.0
BO233_14900	80	100.0	279	0	0	1	279	470	192	2.829999999999999e-147	516.0
BO233_14905	80	100.0	267	0	0	1	267	895	629	1.2599999999999997e-140	494.0
BO233_14910	80	100.0	357	0	0	1	357	1241	885	0.0	660.0
BO233_14915	80	100.0	780	0	0	1	780	2103	1324	0.0	1441.0
BO233_14920	80	100.0	717	0	0	1	717	2833	2117	0.0	1325.0
BO233_14925	80	100.0	600	0	0	1	600	3481	2882	0.0	1109.0
BO233_14930	80	100.0	579	0	0	1	579	5011	4433	0.0	1070.0
BO233_14940	80	100.0	1050	0	0	1	1050	6320	5271	0.0	1940.0
BO233_14945	80	100.0	348	0	0	1	348	6664	6317	0.0	643.0
BO233_14970	64	100.0	1932	0	0	1	1932	4066	2135	0.0	3568.0
BO233_14975	64	100.0	315	0	0	1	315	4365	4679	3.1299999999999992e-167	582.0
BO233_14980	64	100.0	909	0	0	1	909	4721	5629	0.0	1679.0
BO233_14985	64	100.0	612	0	0	1	612	6342	5731	0.0	1131.0
BO233_14990	64	100.0	363	0	0	1	363	6721	6359	0.0	671.0
BO233_14995	64	100.0	1905	0	0	1	1905	8935	7031	0.0	3518.0
BO233_15045	73	99.79	951	1	1	1	951	4494	3545	0.0	1744.0
BO233_15055	73	100.0	549	0	0	1	549	2059	2607	0.0	1014.0
BO233_15390	90	100.0	711	0	0	1	711	1875	1165	0.0	1314.0
BO233_15395	90	100.0	816	0	0	1	816	2758	1943	0.0	1507.0
BO233_15400	90	100.0	969	0	0	1	969	3737	2769	0.0	1790.0
BO233_15405	90	100.0	1203	0	0	1	1203	5672	4470	0.0	2222.0
BO233_15435	145	100.0	1008	0	0	7	1014	1	1008	0.0	1862.0
BO233_15445	72	100.0	796	0	0	1	796	8874	9669	0.0	1471.0
BO233_15455	72	100.0	2724	0	0	1	2724	4607	7330	0.0	5031.0
BO233_15470	72	100.0	774	0	0	1	774	1873	2646	0.0	1430.0
BO233_15495	79	99.78399999999999	464	1	0	1	464	464	1	0.0	852.0
BO233_15510	79	100.0	1041	0	0	1	1041	3855	4895	0.0	1923.0
BO233_15515	79	100.0	333	0	0	1	333	5742	6074	3.2799999999999986e-177	616.0
BO233_15770	104	100.0	720	0	0	1	720	3102	2383	0.0	1330.0
BO233_15775	104	100.0	417	0	0	1	417	1830	2246	0.0	771.0
BO233_15780	104	100.0	285	0	0	1	285	1543	1827	1.3399999999999998e-150	527.0
BOW68_00035	39	99.51899999999999	2080	9	1	1	2079	20037	17958	0.0	3784.0
BOW68_00265	58	98.822	594	7	0	1	594	8789	8196	0.0	1059.0
BOW68_00375	39	95.01	2064	94	1	1	2055	16827	14764	0.0	3232.0
BOW68_00430	39	98.667	675	8	1	2	675	24548	23874	0.0	1195.0
BOW68_00445	39	95.0	240	11	1	1	239	24870	24631	4.2499999999999994e-105	375.0
BOW68_14790	104	100.0	359	0	0	1	359	3102	2744	0.0	664.0
BOW68_14855	139	100.0	992	0	0	1	992	992	1	0.0	1832.0
BOW68_15055	104	99.721	359	0	1	1	358	3102	2744	0.0	656.0
BOW68_15065	82	99.601	1503	0	6	1	1497	4286	5788	0.0	2737.0
BOW68_15075	130	99.28299999999999	837	3	3	1	834	965	129	0.0	1509.0
BOW68_15080	130	99.656	291	0	1	1	290	1291	1001	1.0499999999999998e-151	531.0
BOW68_15095	97	99.807	519	0	1	1	518	1043	1561	0.0	952.0
BOW68_15255	8	100.0	1320	0	0	1	1320	66188	64869	0.0	2438.0
BOW68_15290	81	99.838	618	1	0	1	618	4728	5345	0.0	1136.0
BOW68_15535	73	99.53399999999999	858	4	0	1	858	1201	2058	0.0	1563.0
BOW68_15590	144	99.37100000000001	954	6	0	1	954	968	15	0.0	1729.0
BOW68_15605	144	99.469	565	3	0	18	582	579	15	0.0	1027.0
BOW68_15775	144	99.476	954	5	0	1	954	968	15	0.0	1735.0
BOW68_15940	130	99.64200000000001	837	3	0	1	837	965	129	0.0	1530.0
BOW68_15970	97	99.816	1086	0	2	1	1084	3637	4722	0.0	1993.0
BOW68_15975	144	99.896	960	0	1	1	960	968	10	0.0	1766.0
AL026_00100	87	99.281	417	3	0	1	417	583	167	0.0	754.0
AL026_00105	87	95.035	282	14	0	1	282	866	585	1.3699999999999996e-125	444.0
AL026_00110	87	99.429	525	3	0	1	525	1766	1242	0.0	953.0
AL026_00315	58	100.0	291	0	0	1	291	3246	2956	6.319999999999998e-154	538.0
AL026_00325	58	99.837	615	1	0	1	615	1974	2588	0.0	1131.0
AL026_00430	39	100.0	147	0	0	1	147	20180	20034	3.33e-74	272.0
AL026_00510	39	97.677	861	20	0	1	861	4645	3785	0.0	1480.0
AL026_00540	39	95.169	1594	74	1	2	1595	2269	679	0.0	2514.0
AL026_00725	167	100.0	243	0	0	1	243	35	277	2.5199999999999993e-127	449.0
AL026_00800	82	100.0	197	0	0	1	197	1026	830	7.439999999999999e-102	364.0
AL026_00850	97	100.0	192	0	0	1	192	382	191	4.349999999999999e-99	355.0
AL026_00870	97	100.0	117	0	0	1	117	2787	2903	1.2199999999999999e-57	217.0
AL026_00875	97	100.0	1095	0	0	1	1095	3628	4722	0.0	2023.0
AL026_00895	88	99.9	996	1	0	1	996	2578	3573	0.0	1834.0
AL026_00925	111	100.0	237	0	0	1	237	325	561	5.299999999999998e-124	438.0
AL026_00965	103	99.884	861	1	0	1	861	3095	2235	0.0	1585.0
AL026_00995	126	100.0	117	0	0	1	117	985	1101	1.2199999999999999e-57	217.0
AL026_01020	114	99.805	513	1	0	1	513	1765	1253	0.0	942.0
AL026_01125	113	97.163	141	4	0	1	141	139	279	3.22e-64	239.0
AL026_01230	96	100.0	201	0	0	1	201	117	317	4.5499999999999986e-104	372.0
AL026_01285	147	99.838	618	1	0	1	618	305	922	0.0	1136.0
AL026_01290	154	100.0	143	0	0	1	143	413	555	5.389999999999999e-72	265.0
AL026_01420	130	99.522	837	4	0	1	837	965	129	0.0	1524.0
AL026_01550	1	96.48299999999999	1450	51	0	12	1461	109693	111142	0.0	2396.0
AL026_01785	79	100.0	219	0	0	1	219	2043	1825	4.929999999999999e-114	405.0
AL026_01805	79	96.07799999999999	153	6	0	1	153	6499	6651	1.6299999999999998e-67	250.0
AL026_01855	58	100.0	114	0	0	1	114	6538	6651	5.509999999999999e-56	211.0
AL019_12815	85	99.897	1947	1	1	1	1946	2725	4671	0.0	3583.0
AL019_12990	103	99.882	846	1	0	1	846	3080	2235	0.0	1557.0
AL019_13495	1	96.48299999999999	1450	51	0	3	1452	109693	111142	0.0	2396.0
AL019_14705	39	95.87299999999999	315	13	0	1	315	9556	9242	1.4999999999999996e-145	510.0
AL019_14760	10	96.958	1282	39	0	30	1311	7651	8932	0.0	2152.0
BVA20_200013	81	99.686	636	1	1	1	636	818	1452	0.0	1162.0
BVA20_200024	59	100.0	1662	0	0	1	1662	11874	13535	0.0	3070.0
BVA20_200025	59	100.0	2982	0	0	1	2982	8896	11877	0.0	5507.0
BVA20_200026	59	100.0	1914	0	0	1	1914	6855	8768	0.0	3535.0
BVA20_200027	59	100.0	612	0	0	1	612	6214	6825	0.0	1131.0
BVA20_200028	59	100.0	1473	0	0	1	1473	4691	6163	0.0	2721.0
BVA20_200030	59	99.89399999999999	939	1	0	1	939	2806	3744	0.0	1729.0
BVA20_200031	59	100.0	1575	0	0	1	1575	2577	1003	0.0	2909.0
BVA20_200034	75	100.0	1203	0	0	1	1203	8778	7576	0.0	2222.0
BVA20_200035	75	100.0	330	0	0	1	330	7068	7397	1.5099999999999993e-175	610.0
BVA20_200036	75	100.0	264	0	0	1	264	6815	7078	5.829999999999998e-139	488.0
BVA20_200037	75	100.0	804	0	0	1	804	5552	6355	0.0	1485.0
BVA20_200038	75	100.0	1125	0	0	1	1125	4450	5574	0.0	2078.0
BVA20_200039	75	100.0	816	0	0	1	816	3619	4434	0.0	1507.0
BVA20_200040	75	100.0	873	0	0	1	873	2757	3629	0.0	1613.0
BVA20_200041	75	100.0	1290	0	0	1	1290	1383	2672	0.0	2383.0
BVA20_200042	75	100.0	513	0	0	1	513	727	1239	0.0	948.0
BVA20_200043	75	100.0	150	0	0	1	150	511	660	7.32e-76	278.0
BVA20_200056	73	99.45100000000001	364	2	0	1	364	2867	3230	0.0	662.0
BVA20_200059	73	100.0	222	0	0	1	222	694	915	1.0799999999999998e-115	411.0
BVA20_200102	72	99.79299999999999	1933	2	2	1	1932	5399	7330	0.0	3546.0
BVA20_200118	81	98.113	159	3	0	4	162	169	11	7.999999999999998e-76	278.0
BVA20_200148	73	99.383	162	0	1	2	162	2868	3029	2.859999999999999e-80	292.0
BVA20_200157	147	99.459	555	3	0	1	555	368	922	0.0	1009.0
BVA20_200164	130	99.656	291	1	0	1	291	1291	1001	2.939999999999999e-152	532.0
BVA20_200165	130	99.845	645	1	0	1	645	773	129	0.0	1186.0
BVA20_200199	97	100.0	234	0	0	1	234	661	428	2.4299999999999993e-122	433.0
BVA20_200201	130	99.881	837	1	0	1	837	965	129	0.0	1541.0
BVA20_200202	82	99.79	477	1	0	1	477	5801	6277	0.0	876.0
BVA20_200203	82	99.734	1503	4	0	1	1503	4286	5788	0.0	2754.0
BVA20_200205	82	99.512	819	4	0	1	819	3422	2604	0.0	1491.0
BVA20_200209	88	99.92	1251	1	0	1	1251	4597	5847	0.0	2305.0
BVA20_200211	88	99.9	996	1	0	1	996	2578	3573	0.0	1834.0
BVA20_200212	88	99.829	1170	2	0	1	1170	1393	2562	0.0	2150.0
BVA20_200230	126	100.0	165	0	0	1	165	1062	1226	3.749999999999999e-84	305.0
BVA20_300015	130	99.697	330	1	0	1	330	1330	1001	7.029999999999997e-174	604.0
BVA20_300036	64	97.256	328	9	0	1	328	6721	6394	1.9999999999999992e-159	556.0
BVA20_400001	87	99.79799999999999	495	1	0	1	495	4831	4337	0.0	909.0
BVA20_400002	87	100.0	396	0	0	1	396	4316	3921	0.0	732.0
BVA20_400006	87	99.359	468	3	0	1	468	634	167	0.0	848.0
B4W81_15330	58	98.289	1461	25	0	1	1461	12704	11244	0.0	2560.0
B4W81_15335	58	97.09200000000001	2373	69	0	1	2373	15137	12765	0.0	4000.0
B4W81_15405	144	99.469	565	3	0	27	591	579	15	0.0	1027.0
B4W81_15545	130	99.656	1163	4	0	1	1163	1291	129	0.0	2126.0
B4W81_15590	73	99.17399999999999	363	2	1	1	362	2867	3229	0.0	652.0
B4W81_15610	133	100.0	492	0	0	1	492	1001	510	0.0	909.0
B4W81_15625	96	100.0	258	0	0	1	258	60	317	1.2299999999999997e-135	477.0
B4W81_15670	75	100.0	891	0	0	1	891	2739	3629	0.0	1646.0
B4W81_15690	75	100.0	273	0	0	1	273	6806	7078	5.979999999999999e-144	505.0
B4W81_15695	75	100.0	336	0	0	1	336	7062	7397	7.109999999999997e-179	621.0
B4W81_15725	59	99.89	912	1	0	1	912	3756	4667	0.0	1679.0
B4W81_15775	61	100.0	1203	0	0	1	1203	12389	13591	0.0	2222.0
B4W81_15780	61	100.0	195	0	0	1	195	12192	12386	9.509999999999998e-101	361.0
B4W81_15785	61	100.0	849	0	0	1	849	11297	12145	0.0	1568.0
B4W81_15790	61	100.0	351	0	0	1	351	10742	11092	0.0	649.0
B4W81_15795	61	99.77600000000001	447	1	0	1	447	10147	9701	0.0	821.0
B4W81_15800	61	100.0	993	0	0	1	993	9077	8085	0.0	1834.0
B4W81_15805	61	100.0	885	0	0	1	885	8069	7185	0.0	1635.0
B4W81_15810	61	100.0	1608	0	0	1	1608	7136	5529	0.0	2970.0
B4W81_15815	61	100.0	1485	0	0	1	1485	5528	4044	0.0	2743.0
B4W81_15820	61	100.0	993	0	0	1	993	3867	2875	0.0	1834.0
B4W81_15825	61	100.0	870	0	0	1	870	2823	1954	0.0	1607.0
B4W81_15840	113	100.0	141	0	0	1	141	139	279	6.8599999999999985e-71	261.0
B4W81_15915	114	100.0	522	0	0	1	522	1774	1253	0.0	965.0
B4W81_15935	174	100.0	376	0	0	18	393	1	376	0.0	695.0
B4W81_15965	182	100.0	189	0	0	1	189	271	83	1.9899999999999994e-97	350.0
B4W81_15965	75	97.884	189	4	0	1	189	7764	7576	9.319999999999998e-91	327.0
B4W81_15965	162	96.825	189	6	0	1	189	197	9	2.0199999999999993e-87	316.0
B4W81_15975	139	100.0	992	0	0	1	992	992	1	0.0	1832.0
B4W81_16210	154	100.0	140	0	0	1	140	413	552	2.4499999999999994e-70	259.0
B4W81_16365	130	100.0	1163	0	0	1	1163	1291	129	0.0	2148.0
B4W81_16440	85	100.0	108	0	0	1	108	5984	5877	1.1200000000000001e-52	200.0
B4W81_16485	117	100.0	342	0	0	1	342	38	379	0.0	632.0
B4W81_16700	130	100.0	519	0	0	1	519	647	129	0.0	959.0
B4W81_16745	81	99.40100000000001	167	1	0	4	170	169	3	1.3999999999999999e-83	303.0
B4W81_17405	64	97.429	350	8	1	14	362	6708	6359	4.669999999999999e-171	595.0
B4W81_17620	81	98.788	165	1	1	1	165	166	3	2.9399999999999994e-80	292.0
B4W80_15345	64	97.245	363	9	1	1	362	6721	6359	1.2899999999999997e-176	614.0
B4W80_15400	88	100.0	278	0	0	1	278	3652	3929	1.02e-146	514.0
B4W80_15470	103	100.0	861	0	0	1	861	3095	2235	0.0	1591.0
B4W80_15510	114	99.80799999999999	522	1	0	1	522	1774	1253	0.0	959.0
B4W80_15570	81	99.711	691	1	1	1	691	763	1452	0.0	1264.0
B4W80_15825	85	98.148	108	2	0	1	108	5984	5877	2.42e-49	189.0
B4W80_16030	72	99.88799999999999	1792	0	2	1	1791	5540	7330	0.0	3297.0
B4W80_16335	75	99.88799999999999	892	0	1	1	892	2739	3629	0.0	1640.0
B4W80_16340	75	99.87700000000001	816	0	1	1	815	3619	4434	0.0	1500.0
B4W80_16345	75	99.734	1128	0	3	1	1128	4450	5574	0.0	2063.0
B4W80_16350	75	99.876	805	0	1	1	805	5552	6355	0.0	1480.0
B4W80_16355	75	99.634	273	0	1	1	272	6806	7078	9.969999999999997e-142	497.0
B4W80_16360	75	99.70200000000001	336	0	1	1	335	7062	7397	1.1899999999999994e-176	614.0
B4W80_16365	75	99.60799999999999	1275	0	5	1	1272	8848	7576	0.0	2322.0
B4W80_16375	59	99.235	392	1	2	1	391	662	272	0.0	706.0
B4W80_16550	87	100.0	423	0	0	1	423	4343	3921	0.0	782.0
B4W80_16555	87	99.913	1155	1	0	1	1155	5491	4337	0.0	2128.0
AL014_15785	39	99.68799999999999	321	1	0	1	321	6781	6461	6.869999999999998e-169	588.0
AL014_15845	58	97.177	2373	66	1	1	2372	15137	12765	0.0	4010.0
AL014_16000	39	99.10700000000001	672	6	0	1	672	24545	23874	0.0	1208.0
AL020_14865	8	99.92399999999999	1320	1	0	1	1320	66188	64869	0.0	2433.0
AL020_15230	119	100.0	1389	0	0	1	1389	1465	77	0.0	2566.0
AL020_15775	58	100.0	504	0	0	1	504	1974	2477	0.0	931.0
AL025_13735	39	98.44200000000001	321	5	0	1	321	6781	6461	3.2199999999999985e-162	566.0
AL025_13755	39	97.523	646	14	2	1	645	5246	4602	0.0	1103.0
AL025_13760	39	96.035	807	32	0	1	807	4591	3785	0.0	1314.0
AL025_13765	39	96.97	231	7	0	1	231	3763	3533	5.26e-109	388.0
AL025_13780	39	95.163	1592	74	1	1	1592	2267	679	0.0	2510.0
AL025_13800	58	98.23	2373	42	0	1	2373	15137	12765	0.0	4150.0
AL025_14010	82	99.82799999999999	582	1	0	1	582	860	279	0.0	1070.0
AL025_14050	130	99.881	837	1	0	1	837	965	129	0.0	1541.0
AL025_14095	88	99.9	996	1	0	1	996	2578	3573	0.0	1834.0
AL025_14635	72	99.963	2724	1	0	1	2724	4607	7330	0.0	5025.0
AL025_14690	79	99.60799999999999	255	1	0	1	255	1565	1311	2.6299999999999994e-132	466.0
AL025_14700	79	100.0	201	0	0	1	201	5487	5287	4.5499999999999986e-104	372.0
AL025_14705	79	99.7	333	1	0	1	333	5742	6074	1.5299999999999997e-175	610.0
AL025_14725	39	99.10700000000001	672	6	0	1	672	24545	23874	0.0	1208.0
AL025_14735	39	97.742	753	17	0	1	753	21830	21078	0.0	1297.0
AL025_14740	39	98.94200000000001	756	8	0	1	756	21062	20307	0.0	1352.0
AL025_14750	39	99.038	2080	20	0	1	2080	20037	17958	0.0	3731.0
AL025_14780	39	97.376	2058	54	0	7	2064	16821	14764	0.0	3502.0
AL025_14815	39	97.999	1649	30	3	1	1647	8485	6838	0.0	2859.0
AL025_15145	39	98.18	1648	30	0	1	1648	8485	6838	0.0	2878.0
AL025_15155	39	99.37700000000001	321	2	0	1	321	6781	6461	3.199999999999999e-167	582.0
AL025_15200	39	95.536	336	15	0	1	336	666	331	7.369999999999999e-154	538.0
AL025_15215	58	97.598	2373	57	0	1	2373	15137	12765	0.0	4067.0
AL025_15270	58	96.429	196	7	0	1	196	5713	5518	1.2899999999999999e-89	324.0
AL025_15275	58	97.48899999999999	438	11	0	1	438	5240	4803	0.0	749.0
AL025_15365	39	99.167	240	2	0	1	240	25176	24937	2.4999999999999994e-122	433.0
AL025_15385	39	98.661	672	8	1	1	671	24545	23874	0.0	1190.0
AL025_15410	39	99.206	1637	9	4	1	1634	20037	18402	0.0	2948.0
AL015_14630	73	100.0	162	0	0	1	162	754	915	1.71e-82	300.0
AL015_15840	39	95.036	1511	72	1	1	1511	2186	679	0.0	2372.0
AL015_16030	39	99.583	240	1	0	1	240	25176	24937	5.369999999999999e-124	438.0
AL015_16145	39	95.039	645	32	0	1	645	5246	4602	0.0	1014.0
AL015_16150	39	96.406	807	29	0	1	807	4591	3785	0.0	1330.0
AL015_16190	121	100.0	374	0	0	1	374	1276	1649	0.0	691.0
AL015_16195	121	98.427	445	4	3	1	442	708	1152	0.0	785.0
AL015_16240	58	97.07	273	8	0	1	273	5075	4803	3.649999999999999e-131	462.0
AL016_13945	184	100.0	116	0	0	1	116	320	205	4.3499999999999995e-57	215.0
AL016_13995	81	100.0	450	0	0	1	450	6380	5931	0.0	832.0
AL016_15500	39	100.0	748	0	0	1	748	6009	5262	0.0	1382.0
AL016_15810	39	100.0	438	0	0	1	438	6461	6024	0.0	809.0
AL017_14520	82	99.781	456	0	1	1	455	1103	1558	0.0	835.0
AL017_15305	58	98.17399999999999	438	8	0	1	438	5240	4803	0.0	765.0
AL017_15350	121	99.79899999999999	995	1	1	1	994	399	1393	0.0	1825.0
AL017_15360	58	98.238	1703	28	1	2	1702	14467	12765	0.0	2987.0
AL017_15670	121	100.0	239	0	0	1	239	1411	1649	4.129999999999999e-125	442.0
AL017_15675	7	99.609	511	1	1	1	510	54185	54695	0.0	933.0
AL017_15685	7	99.334	751	2	3	1	749	52139	52888	0.0	1360.0
AL017_15690	7	99.493	2366	7	5	1	2364	49235	51597	0.0	4311.0
AL017_15695	139	99.55	222	0	1	1	221	992	771	1.7899999999999996e-113	403.0
AL017_15940	87	99.31299999999999	291	2	0	1	291	1532	1242	1.3699999999999996e-150	527.0
AL018_15215	58	97.262	1461	33	4	1	1454	12704	11244	0.0	2477.0
AL018_15220	58	98.553	1313	17	2	1	1311	14077	12765	0.0	2318.0
AL018_15465	144	99.75	800	2	0	1	800	968	169	0.0	1467.0
AL018_15475	140	99.25200000000001	401	0	2	1	398	909	509	0.0	721.0
AL018_15530	87	100.0	392	0	0	1	392	4312	3921	0.0	725.0
AL018_15535	87	99.913	1151	1	0	1	1151	5491	4341	0.0	2121.0
AL021_15295	39	98.958	192	2	0	1	192	6652	6461	9.419999999999998e-96	344.0
AL021_15305	39	95.814	645	27	0	1	645	5246	4602	0.0	1042.0
AL021_15350	121	99.84	1251	2	0	1	1251	399	1649	0.0	2300.0
AL021_15675	130	99.656	291	1	0	1	291	1291	1001	2.939999999999999e-152	532.0
AL021_15800	122	99.806	1548	3	0	1	1548	157	1704	0.0	2843.0
AL021_15930	80	97.486	358	8	1	1	358	1241	885	1.6499999999999997e-175	610.0
AL021_15940	1	96.03200000000001	3150	125	0	1	3150	107993	111142	0.0	5125.0
AL021_15950	1	96.361	1594	58	0	1	1594	105196	106789	0.0	2623.0
AL021_15975	130	99.881	837	1	0	1	837	965	129	0.0	1541.0
AL021_15980	130	99.656	291	1	0	1	291	1291	1001	2.939999999999999e-152	532.0
AL021_16010	64	98.34700000000001	363	6	0	1	363	6721	6359	0.0	638.0
AL021_16035	64	99.478	767	3	1	1	767	10367	9602	0.0	1393.0
AL021_16040	64	99.41	339	2	0	1	339	10690	10352	3.3399999999999987e-177	616.0
AL021_16045	64	99.353	618	4	0	1	618	11535	10918	0.0	1120.0
AL021_16050	64	99.825	573	1	0	1	573	12339	11767	0.0	1053.0
AL021_16085	73	99.90700000000001	1071	1	0	1	1071	4494	3424	0.0	1973.0
AL021_16215	72	100.0	417	0	0	1	417	976	1392	0.0	771.0
AL021_16230	79	100.0	464	0	0	1	464	464	1	0.0	857.0
AL021_16280	39	100.0	129	0	0	1	129	25418	25290	2.8999999999999995e-64	239.0
AL021_16295	39	99.851	672	1	0	1	672	24545	23874	0.0	1236.0
AL021_16300	39	98.179	1977	36	0	1	1977	23821	21845	0.0	3452.0
AL021_16340	39	98.64299999999999	2064	19	1	1	2055	16827	14764	0.0	3648.0
AL021_16350	39	98.539	2532	37	0	1	2532	12155	9624	0.0	4471.0
AL021_16365	39	98.48299999999999	1648	25	0	1	1648	8485	6838	0.0	2905.0
AL021_16575	39	95.958	1633	66	0	16	1648	8470	6838	0.0	2651.0
AL021_16865	58	98.81	252	3	0	1	252	5507	5256	2.6199999999999993e-127	449.0
AL021_16870	58	99.234	261	2	0	1	261	6418	6158	5.799999999999999e-134	472.0
AL021_16935	39	97.835	231	5	0	1	231	3763	3533	2.4299999999999993e-112	399.0
AL021_16940	39	95.911	807	33	0	1	807	4591	3785	0.0	1308.0
AL021_16955	39	97.333	2025	54	0	1	2025	8485	6461	0.0	3441.0
AL021_16960	39	96.296	594	22	0	1	594	9241	8648	0.0	976.0
AL021_16965	39	96.396	333	12	0	1	333	9574	9242	3.369999999999999e-157	549.0
AL021_16970	39	98.88600000000001	2514	28	0	1	2514	12155	9642	0.0	4488.0
AL021_16980	39	96.404	2058	65	1	7	2055	16821	14764	0.0	3382.0
AL021_16990	39	97.531	243	6	0	1	243	17459	17217	2.5499999999999994e-117	416.0
AL021_17025	39	97.117	1977	57	0	1	1977	23821	21845	0.0	3336.0
AL021_17030	39	99.405	672	4	0	1	672	24545	23874	0.0	1219.0
AL021_17110	58	97.77799999999999	180	4	0	1	180	3723	3544	8.889999999999998e-86	311.0
AL021_17120	58	96.935	261	8	0	1	261	4556	4296	5.909999999999999e-124	438.0
AL021_17125	104	97.193	285	8	0	1	285	1543	1827	1.0499999999999997e-141	497.0
AL021_17135	104	99.448	724	0	4	1	724	3102	2383	0.0	1312.0
AL024_15150	111	99.041	417	2	2	1	416	835	1250	0.0	750.0
AL024_15155	111	99.57799999999999	237	0	1	1	237	1687	1922	8.869999999999997e-122	431.0
AL024_15160	130	100.0	195	0	0	1	195	1291	1097	9.509999999999998e-101	361.0
AL024_15165	130	99.529	850	1	2	1	847	965	116	0.0	1544.0
AL024_15170	88	99.86399999999999	735	0	1	1	734	643	1377	0.0	1351.0
AL024_15175	88	98.20700000000001	1171	19	2	1	1170	1393	2562	0.0	2080.0
AL024_15180	88	99.897	972	0	1	1	971	2578	3549	0.0	1788.0
CNX66_14015	39	98.81	672	8	0	1	672	24545	23874	0.0	1197.0
CNX66_14020	39	98.027	1977	39	0	1	1977	23821	21845	0.0	3435.0
CNX66_14025	39	99.734	753	2	0	1	753	21830	21078	0.0	1380.0
CNX66_14045	39	99.785	465	1	0	1	465	17920	17456	0.0	854.0
CNX66_14080	39	97.053	509	15	0	23	531	10132	9624	0.0	857.0
CNX66_14095	39	97.694	1648	38	0	1	1648	8485	6838	0.0	2833.0
CNX66_14120	39	97.678	646	13	2	1	645	5246	4602	0.0	1109.0
CNX66_14125	39	96.654	807	27	0	1	807	4591	3785	0.0	1341.0
CNX66_14130	39	98.70100000000001	231	3	0	1	231	3763	3533	1.1199999999999997e-115	411.0
CNX66_14145	39	95.292	1593	72	1	1	1593	2267	678	0.0	2523.0
CNX66_14150	39	99.405	336	2	0	1	336	666	331	1.5399999999999995e-175	610.0
CNX66_14165	58	98.01899999999999	2373	47	0	1	2373	15137	12765	0.0	4122.0
CNX66_14435	97	100.0	196	0	0	1	196	3288	3093	2.6599999999999996e-101	363.0
CNX66_14455	88	99.89200000000001	927	0	1	1	926	3652	4578	0.0	1705.0
CNX66_14520	103	100.0	486	0	0	1	486	3333	3818	0.0	898.0
CNX66_14535	122	99.8	1501	3	0	1	1501	157	1657	0.0	2756.0
CNX66_14650	81	99.74700000000001	396	0	1	1	395	4008	4403	0.0	725.0
CNX66_14695	61	100.0	1534	0	0	33	1566	1	1534	0.0	2833.0
CNX66_14795	59	99.932	1473	0	1	1	1472	4691	6163	0.0	2713.0
CNX66_14855	75	100.0	882	0	0	1	882	2748	3629	0.0	1629.0
CNX66_14870	75	100.0	186	0	0	1	186	475	660	9.089999999999999e-96	344.0
CNX66_14900	96	100.0	156	0	0	1	156	162	317	3.5399999999999994e-79	289.0
CNX66_14915	133	100.0	351	0	0	1	351	860	510	0.0	649.0
CNX66_14920	133	100.0	182	0	0	1	182	1052	871	1.48e-93	337.0
CNX66_14935	73	99.72	357	1	0	1	357	2867	3223	0.0	654.0
CNX66_14940	73	99.63600000000001	549	1	1	1	548	2059	2607	0.0	1002.0
CNX66_15435	111	99.845	1293	2	0	1	1293	835	2127	0.0	2377.0
CNX66_15445	130	99.82799999999999	1163	2	0	1	1163	1291	129	0.0	2137.0
CNX66_15530	104	100.0	438	0	0	1	438	3102	2665	0.0	809.0
CNX66_15550	104	100.0	288	0	0	1	288	2670	2383	2.9099999999999994e-152	532.0
CNX66_15735	130	99.914	1163	1	0	1	1163	1291	129	0.0	2143.0
BK695_14175	85	99.897	1947	2	0	1	1947	2725	4671	0.0	3585.0
BK695_14270	144	99.895	954	1	0	1	954	968	15	0.0	1757.0
BK695_14900	79	100.0	141	0	0	1	141	1965	1825	6.8599999999999985e-71	261.0
CX663_14310	138	100.0	801	0	0	1	801	801	1	0.0	1480.0
CX663_14415	58	98.62	1812	25	0	1	1812	14576	12765	0.0	3208.0
CX663_14430	58	96.825	126	4	0	7	132	9154	9029	6.49e-56	211.0
CX663_14510	58	99.837	615	1	0	1	615	1974	2588	0.0	1131.0
CX663_14535	72	99.811	2119	2	2	1	2118	5213	7330	0.0	3890.0
CX663_14610	117	100.0	378	0	0	1	378	2	379	0.0	699.0
CX663_15170	85	99.645	282	1	0	1	282	2725	3006	2.859999999999999e-147	516.0
CX663_15180	85	100.0	1662	0	0	1	1662	3010	4671	0.0	3070.0
CX663_15190	144	99.37100000000001	954	6	0	1	954	968	15	0.0	1729.0
CX663_15260	58	97.052	2205	65	0	1	2205	11233	9029	0.0	3712.0
CX663_15265	58	99.45200000000001	1461	8	0	1	1461	12704	11244	0.0	2654.0
CX663_15300	39	99.56700000000001	231	1	0	1	231	3763	3533	5.189999999999999e-119	422.0
CX663_15305	39	96.035	807	32	0	1	807	4591	3785	0.0	1314.0
CX663_15320	39	100.0	377	0	0	2	378	6837	6461	0.0	697.0
CX663_15355	39	99.885	2613	3	0	1	2613	14764	12152	0.0	4809.0
CX663_15360	39	96.45299999999999	2058	64	1	7	2055	16821	14764	0.0	3387.0
CX663_15540	73	100.0	189	0	0	1	189	2059	2247	1.9899999999999994e-97	350.0
CO993_02908	82	100.0	219	0	0	1	219	2362	2144	4.929999999999999e-114	405.0
CO993_02918	88	100.0	796	0	0	33	828	5052	5847	0.0	1471.0
CO993_02920	88	100.0	461	0	0	1	461	4597	5057	0.0	852.0
CO993_02937	103	100.0	501	0	0	1	501	2735	2235	0.0	926.0
CO993_02938	103	99.59299999999999	246	1	0	1	246	3080	2835	2.5499999999999993e-127	449.0
CO993_02950	114	99.87100000000001	1548	1	1	1	1548	1765	219	0.0	2846.0
CO993_02967	113	100.0	783	0	0	1	783	1528	2310	0.0	1447.0
CO993_02980	73	99.53399999999999	858	4	0	1	858	1201	2058	0.0	1563.0
CO993_03019	87	99.913	1146	1	0	1	1146	5482	4337	0.0	2111.0
CO993_03020	87	100.0	444	0	0	1	444	4364	3921	0.0	821.0
CO998_02937	111	99.92299999999999	1293	1	0	1	1293	835	2127	0.0	2383.0
CO997_03074	39	99.75200000000001	2017	4	1	1	2016	20037	18021	0.0	3696.0
CO997_03081	39	98.072	415	7	1	1	414	16257	15843	0.0	721.0
CO997_03131	122	100.0	867	0	0	1	867	838	1704	0.0	1602.0
CO997_03132	122	99.713	697	1	1	1	696	157	853	0.0	1275.0
BXT96_16195	39	99.917	1200	1	0	1	1200	6461	5262	0.0	2211.0
CEQ01_00010	1	96.959	592	18	0	1	592	105196	105787	0.0	994.0
CEQ01_00050	130	99.82799999999999	1163	2	0	1	1163	1291	129	0.0	2137.0
CEQ01_00075	154	99.301	143	1	0	1	143	413	555	2.5099999999999997e-70	259.0
CEQ01_00095	147	95.963	545	22	0	1	545	368	912	0.0	885.0
CEQ01_00105	144	99.581	954	4	0	1	954	968	15	0.0	1740.0
CEQ01_00135	130	99.82799999999999	1163	1	1	1	1162	1291	129	0.0	2135.0
CEQ01_00275	1	98.90100000000001	273	2	1	7	278	112564	112292	2.2099999999999994e-138	486.0
CEQ01_00280	72	99.52600000000001	633	3	0	1	633	7343	7975	0.0	1153.0
CEQ01_00285	72	99.78	2724	6	0	1	2724	4607	7330	0.0	4998.0
CEQ01_00290	72	99.896	966	1	0	1	966	3526	4491	0.0	1779.0
CEQ01_00300	72	99.87100000000001	774	1	0	1	774	1873	2646	0.0	1424.0
CEQ01_00345	58	95.556	180	8	0	1	180	3723	3544	4.159999999999999e-79	289.0
CEQ01_00355	58	97.49600000000001	639	16	0	1	639	4810	4172	0.0	1092.0
CEQ01_00360	58	97.71700000000001	438	10	0	1	438	5240	4803	0.0	754.0
CEQ01_00365	58	98.413	252	4	0	1	252	5507	5256	1.2199999999999998e-125	444.0
CEQ01_00370	58	98.551	207	3	0	1	207	5713	5507	2.19e-102	366.0
CEQ01_00415	58	99.007	1812	18	0	1	1812	14576	12765	0.0	3247.0
CEQ01_00430	39	95.104	1593	75	1	1	1593	2267	678	0.0	2507.0
CEQ01_00460	39	95.291	807	38	0	1	807	4591	3785	0.0	1280.0
CEQ01_00465	39	97.36399999999999	645	17	0	1	645	5246	4602	0.0	1098.0
CEQ01_00475	39	98.025	2025	40	0	1	2025	8485	6461	0.0	3518.0
CEQ01_00480	39	96.801	594	19	0	1	594	9241	8648	0.0	992.0
CEQ01_00485	39	96.096	333	13	0	1	333	9574	9242	1.5699999999999997e-155	544.0
CEQ01_00500	39	98.603	2076	17	1	1	2076	16827	14764	0.0	3663.0
CEQ01_00510	39	99.588	243	1	0	1	243	17459	17217	1.17e-125	444.0
CEQ01_00520	39	99.713	2091	6	0	1	2091	20037	17947	0.0	3829.0
CEQ01_00525	39	99.234	261	2	0	1	261	20294	20034	5.799999999999999e-134	472.0
CEQ01_00530	39	99.603	756	3	0	1	756	21062	20307	0.0	1380.0
CEQ01_00535	39	99.734	753	2	0	1	753	21830	21078	0.0	1380.0
CEQ01_00540	39	98.07799999999999	1977	38	0	1	1977	23821	21845	0.0	3441.0
CEQ01_00545	39	98.661	672	9	0	1	672	24545	23874	0.0	1192.0
CEQ01_00575	79	98.84700000000001	1041	12	0	1	1041	3855	4895	0.0	1857.0
CEQ01_00650	73	100.0	147	0	0	1	147	86	232	3.33e-74	272.0
CEQ01_00725	64	100.0	705	0	0	1	705	11622	10918	0.0	1303.0
CXH17_15875	138	100.0	183	0	0	1	183	183	1	4.149999999999999e-94	339.0
CXH17_15910	104	100.0	246	0	0	1	246	1198	953	5.4799999999999976e-129	455.0
CXH17_15925	104	100.0	678	0	0	1	678	3060	2383	0.0	1253.0
CXH17_15955	103	100.0	233	0	0	1	233	3080	2848	8.74e-122	431.0
CXH17_16010	121	99.556	225	1	0	1	225	1425	1649	1.0899999999999997e-115	411.0
B6S05_14970	130	99.914	1163	1	0	1	1163	1291	129	0.0	2143.0
B6S05_14975	82	100.0	111	0	0	1	111	6484	6374	2.4799999999999997e-54	206.0
B6S05_15505	39	95.539	807	36	0	1	807	4591	3785	0.0	1291.0
B6S05_15510	39	99.134	231	2	0	1	231	3763	3533	2.4099999999999994e-117	416.0
B6S05_15540	58	97.429	2373	61	0	1	2373	15137	12765	0.0	4045.0
B6S05_16020	6	98.925	186	2	0	1	186	36979	37164	1.9699999999999995e-92	333.0
B6S05_16020	1	97.84899999999999	186	4	0	1	186	110957	111142	4.259999999999999e-89	322.0
B6S05_16260	81	99.306	144	1	0	4	147	169	26	7.199999999999999e-71	261.0
EFE1165_1	103	100.0	144	0	0	1	144	676	533	1.5099999999999996e-72	267.0
EFE1165_30	82	100.0	165	0	0	1	165	1719	1883	3.749999999999999e-84	305.0
EFE1165_63	58	98.34700000000001	121	1	1	1	120	5780	5900	5.849999999999999e-56	211.0
EFE1165_74	121	99.92	1251	1	0	1	1251	399	1649	0.0	2305.0
EFE1165_83	130	99.881	837	1	0	1	837	965	129	0.0	1541.0
EFE1165_86	39	95.04299999999999	807	40	0	1	807	4591	3785	0.0	1269.0
EFE1165_87	39	95.34899999999999	645	30	0	1	645	5246	4602	0.0	1026.0
EFE1165_95	39	98.789	2064	25	0	1	2064	16827	14764	0.0	3674.0
EFE1165_96	39	99.67	303	1	0	1	303	17199	16897	6.549999999999997e-159	555.0
EFE1165_97	39	100.0	201	0	0	1	201	17417	17217	4.5499999999999986e-104	372.0
EFE1165_98	39	100.0	474	0	0	1	474	17929	17456	0.0	876.0
EFE1165_99	39	99.902	2040	2	0	1	2040	19986	17947	0.0	3757.0
EFE1165_100	39	98.46700000000001	261	4	0	1	261	20294	20034	1.2599999999999997e-130	460.0
EFE1165_101	39	99.735	756	2	0	1	756	21062	20307	0.0	1386.0
EFE1165_102	39	99.602	753	3	0	1	753	21830	21078	0.0	1375.0
EFE1165_103	39	98.07799999999999	1977	38	0	1	1977	23821	21845	0.0	3441.0
EFE1165_104	39	98.958	672	7	0	1	672	24545	23874	0.0	1203.0
EFE1165_110	79	98.693	153	2	0	1	153	6499	6651	3.4899999999999994e-74	272.0
EFE1165_111	79	97.126	174	5	0	1	174	5901	6074	8.609999999999998e-81	294.0
EFE1165_112	79	98.84700000000001	1041	12	0	1	1041	3855	4895	0.0	1857.0
EFE1165_113	79	99.167	120	1	0	1	120	2348	2467	1.26e-57	217.0
EFE1165_115	79	99.60799999999999	255	1	0	1	255	1565	1311	2.6299999999999994e-132	466.0
EFE1165_203	96	100.0	120	0	0	1	120	3734	3853	2.78e-59	222.0
EFE1165_226	127	100.0	882	0	0	1	882	415	1296	0.0	1629.0
CTI32_00020	1	97.973	888	11	5	1	884	119119	120003	0.0	1533.0
CTI32_00025	1	96.839	348	11	0	1	348	118677	119024	3.479999999999999e-167	582.0
CTI32_00030	1	98.02799999999999	913	17	1	1	913	117459	118370	0.0	1585.0
CTI32_00045	130	98.027	1166	5	17	1	1151	1291	129	0.0	2010.0
CTI32_00160	58	97.03200000000001	438	13	0	1	438	5240	4803	0.0	737.0
CTI32_00215	58	97.47200000000001	2373	60	0	1	2373	15137	12765	0.0	4050.0
CTI32_00220	39	96.84200000000001	190	6	0	1	190	190	1	5.809999999999999e-88	318.0
CTI32_00230	39	95.60600000000001	1593	67	1	1	1593	2267	678	0.0	2551.0
CTI32_00250	39	95.291	807	38	0	1	807	4591	3785	0.0	1280.0
CTI32_00255	39	97.054	645	19	0	1	645	5246	4602	0.0	1086.0
CTI32_00265	39	98.51899999999999	2025	30	0	1	2025	8485	6461	0.0	3574.0
CTI32_00275	39	95.495	333	15	0	1	333	9574	9242	3.399999999999999e-152	532.0
CTI32_00290	39	97.868	2064	35	1	1	2055	16827	14764	0.0	3559.0
CTI32_00395	79	98.751	1041	13	0	1	1041	3855	4895	0.0	1851.0
CTI32_00405	79	99.54299999999999	219	1	0	1	219	2043	1825	2.29e-112	399.0
CTI32_00410	79	99.60799999999999	255	1	0	1	255	1565	1311	2.6299999999999994e-132	466.0
CTI32_00415	79	99.37100000000001	318	2	0	1	318	1310	993	1.4699999999999996e-165	577.0
CTI32_00595	1	96.554	1596	55	0	1	1596	105196	106791	0.0	2643.0
CTI32_00795	64	99.71600000000001	705	2	0	1	705	11622	10918	0.0	1291.0
CTI32_00805	64	99.182	856	6	1	1	856	10367	9513	0.0	1541.0
CTI32_00825	64	98.59200000000001	355	4	1	1	354	6721	6367	1.6199999999999997e-180	627.0
CTI32_01025	58	98.571	210	3	0	1	210	814	605	4.7699999999999986e-104	372.0
CTI32_01050	35	98.704	540	7	0	1	540	26474	25935	0.0	959.0
CTI32_01135	130	99.656	1163	4	0	1	1163	1291	129	0.0	2126.0
CTI32_01205	200	99.383	162	1	0	1	162	33	194	7.939999999999999e-81	294.0
CTI32_01215	35	98.958	960	10	0	1	960	26474	25515	0.0	1718.0
CTI32_01220	85	99.68799999999999	963	3	0	1	963	1099	137	0.0	1762.0
CTI32_01225	85	99.792	1440	3	0	1	1440	2540	1101	0.0	2643.0
CTI32_01230	85	99.589	1947	8	0	1	1947	2725	4671	0.0	3552.0
CTI32_01245	130	99.825	1146	2	0	1	1146	1291	146	0.0	2106.0
CTI32_01480	58	99.531	213	1	0	1	213	12704	12492	4.81e-109	388.0
CTI32_01485	58	98.556	554	5	3	1	552	13317	12765	0.0	976.0
EFAU004_p1012	39	97.375	762	14	1	1	762	21062	20307	0.0	1291.0
EFAU004_p1019	39	95.397	2064	86	1	1	2055	16827	14764	0.0	3277.0
EFAU004_p1025	39	96.617	2010	68	0	16	2025	8470	6461	0.0	3336.0
EFAU004_p1028	39	99.75200000000001	807	2	0	1	807	4591	3785	0.0	1480.0
EFAU004_p1034	39	96.316	190	7	0	1	190	190	1	2.7e-86	313.0
EFAU004_p1036	58	98.57700000000001	1968	28	0	1	1968	14732	12765	0.0	3480.0
EFAU004_p1037	58	98.35799999999999	1462	22	2	1	1461	12704	11244	0.0	2566.0
EFAU004_p1039	58	97.98700000000001	149	3	0	1	149	9013	8865	2.6499999999999996e-70	259.0
EFAU004_p1043	58	99.234	261	2	0	1	261	6418	6158	5.799999999999999e-134	472.0
EFAU004_p1044	58	96.575	438	15	0	4	441	5240	4803	0.0	726.0
EFAU004_p1046	58	95.025	201	10	0	1	201	3939	3739	2.1599999999999995e-87	316.0
EFAU004_p1056	58	99.708	343	0	1	1	342	1228	886	1.5599999999999995e-180	627.0
EFAU085_p1005	97	100.0	426	0	0	1	426	1136	1561	0.0	787.0
EFAU085_p1017	153	99.825	571	0	1	1	570	830	260	0.0	1048.0
EFAU085_p1018	153	99.635	274	0	1	1	273	297	24	2.7799999999999993e-142	499.0
EFAU085_p1035	113	100.0	927	0	0	1	927	1384	2310	0.0	1712.0
EFAU085_p1052	96	99.848	657	1	0	1	657	1623	2279	0.0	1208.0
EFAU085_p1053	96	100.0	168	0	0	1	168	1446	1613	8.219999999999998e-86	311.0
EFAU085_p1054	96	99.13799999999999	232	1	1	1	231	972	1203	2.4099999999999994e-117	416.0
EFAU085_p1055	96	99.6	250	0	1	1	249	336	585	5.549999999999999e-129	455.0
EFAU085_p1067	147	99.779	453	1	0	1	453	470	922	0.0	832.0
EFAU085_p1094	130	99.044	837	8	0	1	837	965	129	0.0	1502.0
EFAU085_p1119	144	97.48899999999999	916	16	7	1	915	968	59	0.0	1557.0
EFAU085_p1122	144	99.74	384	1	0	1	384	398	15	0.0	704.0
EFAU085_p1132	79	96.396	333	12	0	1	333	5742	6074	3.369999999999999e-157	549.0
EFAU085_p1135	58	97.345	2373	63	0	1	2373	15137	12765	0.0	4034.0
EFAU085_p1136	58	98.084	1461	28	0	1	1461	12704	11244	0.0	2543.0
EFAU085_p1151	58	97.65299999999999	426	10	0	1	426	4528	4103	0.0	732.0
EFAU085_p1152	58	95.588	136	6	0	1	136	3939	3804	4.0899999999999996e-58	219.0
EFAU085_p1159	58	99.764	423	1	0	1	423	1660	1238	0.0	776.0
EFAU085_p1160	58	99.417	343	1	1	1	342	1228	886	7.249999999999997e-179	621.0
EFAU085_p3038	130	100.0	330	0	0	1	330	1330	1001	1.5099999999999993e-175	610.0
EFAU085_p2010	39	98.03399999999999	712	13	1	3	714	24584	23874	0.0	1236.0
EFAU085_p2013	39	98.194	720	13	0	1	720	21797	21078	0.0	1258.0
EFAU085_p2022	39	95.01	2064	94	1	1	2055	16827	14764	0.0	3232.0
EFAU085_p2042	58	96.301	865	31	1	1	864	15137	14273	0.0	1419.0
EFAU085_p2043	58	97.85799999999999	1494	32	0	1	1494	14258	12765	0.0	2582.0
EFAU085_p2044	58	98.133	1446	27	0	1	1446	12689	11244	0.0	2521.0
EFAU085_p2053	58	96.045	708	28	0	1	708	4810	4103	0.0	1153.0
EFAU085_p2070	58	97.984	248	0	3	1	243	1228	981	4.24e-120	425.0
EFAU085_p2071	58	100.0	594	0	0	1	594	823	230	0.0	1098.0
HMPREF0351_12712	130	100.0	264	0	0	1	264	392	129	5.829999999999998e-139	488.0
HMPREF0351_12713	130	99.654	289	0	1	1	288	773	485	1.3499999999999998e-150	527.0
HMPREF0351_12714	130	99.265	136	0	1	1	135	965	830	6.569999999999999e-66	244.0
HMPREF0351_12739	108	100.0	1911	0	0	1	1911	742	2652	0.0	3530.0
HMPREF0351_12764	130	99.39399999999999	330	2	0	1	330	1330	1001	3.2699999999999985e-172	599.0
HMPREF0351_12832	58	96.715	1461	48	0	1	1461	12704	11244	0.0	2433.0
HMPREF0351_12833	58	96.81200000000001	2384	75	1	29	2412	15147	12765	0.0	3980.0
HMPREF0351_12836	39	95.169	1594	74	1	2	1595	2269	679	0.0	2514.0
HMPREF0351_12841	39	96.98	861	26	0	1	861	4645	3785	0.0	1447.0
HMPREF0351_12842	39	98.14	645	12	0	1	645	5246	4602	0.0	1125.0
HMPREF0351_12844	39	97.333	2025	54	0	1	2025	8485	6461	0.0	3441.0
HMPREF0351_12845	39	97.77799999999999	180	4	0	1	180	8658	8479	8.889999999999998e-86	311.0
HMPREF0351_12846	39	96.12799999999999	594	23	0	1	594	9241	8648	0.0	970.0
HMPREF0351_12847	39	96.045	354	14	0	4	357	9595	9242	1.6699999999999995e-165	577.0
HMPREF0351_12850	39	99.661	2064	7	0	1	2064	16827	14764	0.0	3773.0
HMPREF0351_12852	39	99.177	243	2	0	1	243	17459	17217	5.439999999999999e-124	438.0
HMPREF0351_12854	39	99.85700000000001	2091	3	0	1	2091	20037	17947	0.0	3845.0
HMPREF0351_12856	39	99.868	756	1	0	1	756	21062	20307	0.0	1391.0
HMPREF0351_12857	39	99.867	753	1	0	1	753	21830	21078	0.0	1386.0
HMPREF0351_12858	39	98.12799999999999	1977	37	0	1	1977	23821	21845	0.0	3446.0
HMPREF0351_12859	39	99.851	672	1	0	1	672	24545	23874	0.0	1236.0
HMPREF0351_12863	79	100.0	153	0	0	1	153	6499	6651	1.61e-77	283.0
HMPREF0351_12866	79	100.0	120	0	0	1	120	2348	2467	2.7e-59	222.0
HMPREF0351_12869	79	99.60799999999999	255	1	0	1	255	1565	1311	2.6299999999999994e-132	466.0
HMPREF0351_12870	79	99.686	318	1	0	1	318	1310	993	3.1699999999999987e-167	582.0
HMPREF0351_12880	72	99.764	423	1	0	1	423	970	1392	0.0	776.0
HMPREF0351_12882	72	100.0	780	0	0	1	780	1867	2646	0.0	1441.0
HMPREF0351_12885	72	100.0	2742	0	0	1	2742	4589	7330	0.0	5064.0
HMPREF0351_12886	72	99.84200000000001	633	1	0	1	633	7343	7975	0.0	1164.0
HMPREF0351_12893	190	99.194	124	0	1	1	123	135	12	2.78e-59	222.0
HMPREF0351_12897	90	99.884	861	1	0	1	861	2803	1943	0.0	1585.0
HMPREF0351_12898	90	100.0	726	0	0	1	726	1890	1165	0.0	1341.0
HMPREF0351_12900	127	99.485	583	0	3	1	582	716	1296	0.0	1057.0
HMPREF0351_12901	127	99.686	636	1	1	1	636	109	743	0.0	1162.0
HMPREF0351_12921	73	99.895	1899	2	0	1	1899	5042	6940	0.0	3496.0
HMPREF0351_12922	73	100.0	1512	0	0	1	1512	6951	8462	0.0	2793.0
HMPREF0351_12924	128	99.23	1299	7	3	1	1299	1381	86	0.0	2340.0
HMPREF0351_12928	35	99.583	960	4	0	1	960	26474	25515	0.0	1751.0
HMPREF0351_12931	130	99.881	837	1	0	1	837	965	129	0.0	1541.0
HMPREF0351_12934	97	99.598	249	1	0	1	249	676	428	5.549999999999999e-129	455.0
HMPREF0351_12939	103	99.882	849	1	0	1	849	1381	533	0.0	1563.0
HMPREF0351_12952	88	99.829	1170	2	0	1	1170	1393	2562	0.0	2150.0
HMPREF0351_12956	144	99.686	954	3	0	1	954	968	15	0.0	1746.0
HMPREF0351_12958	128	99.749	399	0	1	1	399	483	86	0.0	730.0
HMPREF0351_12959	128	99.678	931	1	2	1	930	1381	452	0.0	1701.0
HMPREF0351_12960	97	99.90899999999999	1095	1	0	1	1095	3628	4722	0.0	2017.0
HMPREF0351_12974	75	99.71	345	1	0	1	345	7920	7576	0.0	632.0
HMPREF0351_12976	122	100.0	1026	0	0	1	1026	679	1704	0.0	1895.0
HMPREF0351_12977	122	99.363	157	0	1	1	156	526	682	1.6499999999999998e-77	283.0
HMPREF0351_12978	122	99.46700000000001	375	0	1	1	375	157	529	0.0	680.0
HMPREF0351_12983	113	99.92399999999999	1320	1	0	1	1320	991	2310	0.0	2433.0
HMPREF0351_12989	59	99.899	2982	3	0	1	2982	8896	11877	0.0	5491.0
HMPREF0351_12990	59	99.896	1914	2	0	1	1914	6855	8768	0.0	3524.0
HMPREF0351_12991	59	99.67299999999999	612	2	0	1	612	6214	6825	0.0	1120.0
HMPREF0351_12994	59	99.89399999999999	939	1	0	1	939	2806	3744	0.0	1729.0
HMPREF0351_12995	59	99.93700000000001	1575	1	0	1	1575	2577	1003	0.0	2904.0
HMPREF0351_12996	59	99.681	313	0	1	1	312	1025	713	6.709999999999998e-164	571.0
HMPREF0351_12997	59	99.727	366	1	0	1	366	662	297	0.0	671.0
HMPREF0351_12999	75	99.834	1203	2	0	1	1203	8778	7576	0.0	2211.0
HMPREF0351_13002	75	99.634	273	1	0	1	273	6806	7078	2.7799999999999993e-142	499.0
HMPREF0351_13003	75	99.751	804	2	0	1	804	5552	6355	0.0	1474.0
HMPREF0351_13007	75	99.92200000000001	1290	1	0	1	1290	1383	2672	0.0	2377.0
HMPREF0351_13008	75	100.0	546	0	0	1	546	694	1239	0.0	1009.0
HMPREF0351_13010	186	99.23100000000001	260	0	1	1	258	50	309	7.409999999999997e-133	468.0
HMPREF0351_13011	157	99.84100000000001	628	0	1	1	627	151	778	0.0	1153.0
HMPREF0351_13016	96	99.92200000000001	1278	1	0	1	1278	336	1613	0.0	2355.0
HMPREF0351_13020	133	99.816	543	1	0	1	543	1052	510	0.0	998.0
HMPREF0351_13022	191	100.0	159	0	0	1	159	223	65	7.769999999999998e-81	294.0
HMPREF0351_13025	115	98.322	298	3	2	1	297	516	220	6.4999999999999985e-149	521.0
HMPREF0351_13027	115	99.16799999999999	601	4	1	1	600	2134	1534	0.0	1081.0
HMPREF0351_13033	130	99.697	330	1	0	1	330	1330	1001	7.029999999999997e-174	604.0
HMPREF0351_13034	130	99.881	837	1	0	1	837	965	129	0.0	1541.0
HMPREF0351_13035	128	99.76899999999999	1296	3	0	1	1296	1381	86	0.0	2377.0
HMPREF0351_13036	82	99.79	477	1	0	1	477	5801	6277	0.0	876.0
HMPREF0351_13037	82	99.93299999999999	1503	1	0	1	1503	4286	5788	0.0	2771.0
HMPREF0351_13042	85	99.427	873	5	0	1	873	4935	5807	0.0	1585.0
HMPREF0351_13052	144	99.37100000000001	954	6	0	1	954	968	15	0.0	1729.0
HMPREF0351_13095	58	97.645	637	14	1	1	636	1952	2588	0.0	1092.0
HMPREF0351_13096	58	99.715	351	1	0	1	351	2962	2612	0.0	643.0
HMPREF0351_13099	58	96.667	180	6	0	1	180	3723	3544	1.9199999999999995e-82	300.0
HMPREF0351_13101	58	96.34700000000001	438	16	0	1	438	5240	4803	0.0	721.0
HMPREF0351_13103	58	97.101	207	6	0	1	207	5713	5507	2.1999999999999996e-97	350.0
HMPREF0351_13104	58	98.084	261	5	0	1	261	6418	6158	5.839999999999998e-129	455.0
HMPREF0351_13113	58	98.51899999999999	135	2	0	1	135	9163	9029	3.0599999999999995e-64	239.0
M7W_13	80	99.49	588	3	0	1	588	5020	4433	0.0	1070.0
M7W_29	130	99.82799999999999	1163	2	0	1	1163	129	1291	0.0	2137.0
M7W_33	64	98.62299999999999	363	5	0	1	363	6721	6359	0.0	643.0
M7W_34	64	100.0	120	0	0	1	120	6989	6870	2.7e-59	222.0
M7W_35	64	96.601	1942	27	14	1	1936	7031	8939	0.0	3184.0
M7W_38	64	99.705	339	1	0	1	339	10690	10352	7.179999999999997e-179	621.0
M7W_40	64	100.0	141	0	0	1	141	11777	11637	6.8599999999999985e-71	261.0
M7W_41	64	99.825	573	1	0	1	573	12339	11767	0.0	1053.0
M7W_42	64	100.0	120	0	0	1	120	12451	12332	2.7e-59	222.0
M7W_60	144	99.79	954	2	0	1	954	968	15	0.0	1751.0
M7W_62	79	99.686	318	1	0	1	318	1310	993	3.1699999999999987e-167	582.0
M7W_63	79	99.21600000000001	255	2	0	1	255	1565	1311	1.2199999999999998e-130	460.0
M7W_64	79	99.291	141	1	0	1	141	1965	1825	3.1899999999999996e-69	255.0
M7W_66	79	95.977	174	7	0	1	174	5901	6074	1.86e-77	283.0
M7W_71	39	98.958	672	7	0	1	672	24545	23874	0.0	1203.0
M7W_72	39	98.027	1977	39	0	1	1977	23821	21845	0.0	3435.0
M7W_73	39	99.336	753	5	0	1	753	21830	21078	0.0	1363.0
M7W_76	39	99.902	2040	2	0	1	2040	19986	17947	0.0	3757.0
M7W_80	39	99.322	2064	11	1	1	2061	16827	14764	0.0	3731.0
M7W_83	39	96.801	594	19	0	1	594	9241	8648	0.0	992.0
M7W_84	39	98.039	153	3	0	1	153	8631	8479	1.6199999999999998e-72	267.0
M7W_85	39	98.568	2025	29	0	1	2025	8485	6461	0.0	3579.0
M7W_87	39	95.50399999999999	645	29	0	1	645	5246	4602	0.0	1031.0
M7W_88	39	95.04299999999999	807	40	0	1	807	4591	3785	0.0	1269.0
M7W_94	39	95.229	1593	73	1	1	1593	2267	678	0.0	2518.0
M7W_97	58	96.249	2373	89	0	1	2373	15137	12765	0.0	3890.0
M7W_98	58	97.059	1462	41	2	1	1461	12704	11244	0.0	2460.0
M7W_99	58	95.111	2209	106	2	1	2208	11236	9029	0.0	3480.0
M7W_101	58	99.495	594	3	0	1	594	8789	8196	0.0	1081.0
M7W_102	58	96.889	900	28	0	1	900	8183	7284	0.0	1507.0
M7W_107	58	97.619	252	6	0	1	252	5507	5256	2.6399999999999997e-122	433.0
M7W_108	58	96.804	438	14	0	1	438	5240	4803	0.0	732.0
M7W_129	130	99.82799999999999	1163	2	0	1	1163	129	1291	0.0	2137.0
M7W_214	1	96.698	3150	104	0	1	3150	107993	111142	0.0	5241.0
M7W_216	1	98.30799999999999	1596	27	0	1	1596	105196	106791	0.0	2798.0
M7W_221	73	99.63600000000001	549	2	0	1	549	2059	2607	0.0	1003.0
M395_13215	79	97.598	333	8	0	1	333	5742	6074	7.199999999999998e-164	571.0
M395_13245	39	98.512	672	10	0	1	672	24545	23874	0.0	1186.0
M395_13250	39	96.742	1995	65	0	1	1995	23821	21827	0.0	3325.0
M395_13255	39	99.469	753	4	0	1	753	21830	21078	0.0	1369.0
M395_13270	39	99.809	2091	4	0	1	2091	20037	17947	0.0	3840.0
M395_13290	39	99.419	2064	12	0	1	2064	16827	14764	0.0	3746.0
M395_13340	39	97.58	2025	49	0	1	2025	8485	6461	0.0	3469.0
M395_13350	39	98.295	645	11	0	1	645	5246	4602	0.0	1131.0
M395_13355	39	97.02600000000001	807	24	0	1	807	4591	3785	0.0	1358.0
M395_13380	39	95.166	1593	74	1	1	1593	2267	678	0.0	2512.0
M395_13385	39	99.10700000000001	336	3	0	1	336	666	331	7.159999999999998e-174	604.0
M395_13395	58	96.249	2373	89	0	1	2373	15137	12765	0.0	3890.0
M395_13400	58	96.99	1462	42	2	1	1461	12704	11244	0.0	2455.0
M395_13445	58	95.139	144	7	0	1	144	5240	5097	7.13e-61	228.0
M395_13450	58	97.619	294	7	0	1	294	5096	4803	6.479999999999999e-144	505.0
EH68_15080	58	98.208	558	10	0	1	558	4660	4103	0.0	976.0
EGCR1_18505	80	99.44	357	2	0	1	357	1241	885	0.0	649.0
EGCR1_18510	80	98.50200000000001	267	4	0	1	267	895	629	5.919999999999999e-134	472.0
EGCR1_18880	80	96.241	266	10	0	1	266	895	630	2.1599999999999998e-123	436.0
EGCR1_19165	64	99.43299999999999	705	4	0	1	705	11622	10918	0.0	1280.0
EGCR1_19170	64	98.82	339	4	0	1	339	10690	10352	7.229999999999998e-174	604.0
EGCR1_19175	64	99.29799999999999	855	6	0	1	855	10367	9513	0.0	1546.0
EGCR1_19190	64	99.318	1905	13	0	1	1905	8935	7031	0.0	3446.0
A6P53_12900	39	96.85	762	18	1	1	762	21062	20307	0.0	1269.0
A6P53_12905	39	97.344	753	20	0	1	753	21830	21078	0.0	1280.0
A6P53_12920	39	96.25	240	9	0	1	240	24870	24631	1.1799999999999997e-110	394.0
A6P53_12945	79	97.598	333	8	0	1	333	5742	6074	7.199999999999998e-164	571.0
A6P53_13075	58	98.851	261	3	0	1	261	6418	6158	2.6999999999999993e-132	466.0
A6P53_13080	58	95.382	498	11	4	1	486	7281	6784	0.0	782.0
A6P53_13100	58	96.441	1461	52	0	1	1461	12704	11244	0.0	2410.0
A6P53_13105	58	95.66	2373	103	0	1	2373	15137	12765	0.0	3812.0
A6P53_13110	121	99.76299999999999	1267	1	2	1	1267	399	1663	0.0	2322.0
A6P53_13115	39	97.895	190	4	0	1	190	190	1	2.68e-91	329.0
A6P53_13120	39	99.10700000000001	336	3	0	1	336	666	331	7.159999999999998e-174	604.0
A6P53_13125	39	95.729	1592	65	1	1	1592	2267	679	0.0	2560.0
A6P53_13160	39	95.65899999999999	645	28	0	1	645	5246	4602	0.0	1037.0
A6P53_13170	39	97.432	2025	52	0	1	2025	8485	6461	0.0	3452.0
A6P53_13175	39	96.12799999999999	594	23	0	1	594	9241	8648	0.0	970.0
A6P53_13180	39	95.796	333	14	0	1	333	9574	9242	7.299999999999998e-154	538.0
A6P53_13235	39	95.238	756	16	10	1	743	21062	20314	0.0	1179.0
A6P53_13240	39	96.92299999999999	195	6	0	1	195	21272	21078	9.649999999999998e-91	327.0
CO692_00265	80	99.83200000000001	597	1	0	1	597	5029	4433	0.0	1098.0
CO692_00270	80	99.51700000000001	207	1	0	1	207	5256	5050	1.0099999999999997e-105	377.0
CO692_00275	80	97.348	1395	36	1	1	1395	6664	5271	0.0	2370.0
CO692_00445	64	97.825	1931	36	1	2	1926	4065	2135	0.0	3328.0
CO692_00805	130	99.742	1163	3	0	1	1163	1291	129	0.0	2132.0
CO692_00910	130	99.786	467	1	0	1	467	1291	825	0.0	857.0
C0W45_09860	64	98.78	246	3	0	1	246	9758	9513	5.519999999999999e-124	438.0
C0W45_09865	64	97.436	234	6	0	1	234	9366	9133	2.4699999999999996e-112	399.0
C0W45_09870	64	96.8	125	4	0	1	125	8995	9119	2.1899999999999997e-55	209.0
C0W45_09875	64	98.12100000000001	1863	35	0	1	1863	8935	7073	0.0	3247.0
HUO_10800	91	96.31299999999999	217	7	1	1	216	4160	4376	4.959999999999999e-99	355.0
FAM18149p_14445	64	99.786	1866	4	0	37	1902	4000	2135	0.0	3424.0
FAM18149p_14450	64	99.68299999999999	315	1	0	1	315	4365	4679	1.4599999999999993e-165	577.0
FAM18149p_14470	64	95.704	582	24	1	1	582	5030	5610	0.0	935.0
LSJ_2071	64	98.95299999999999	573	6	0	1	573	12339	11767	0.0	1026.0
LSJ_2072	64	99.007	705	7	0	1	705	11622	10918	0.0	1264.0
LSJ_2075	64	95.726	234	10	0	1	234	9366	9133	1.1599999999999996e-105	377.0
LSJ_2077	64	98.163	1905	35	0	1	1905	8935	7031	0.0	3325.0
BHF65_09360	64	98.867	618	7	0	1	618	11535	10918	0.0	1103.0
BHF65_09375	64	95.29899999999999	234	11	0	1	234	9366	9133	5.369999999999999e-104	372.0
BHF65_09385	64	98.05799999999999	1905	37	0	1	1905	8935	7031	0.0	3314.0
B7R82_10660	64	98.29799999999999	705	12	0	1	705	11622	10918	0.0	1236.0
CR249_10165	64	98.163	1905	35	0	1	1905	8935	7031	0.0	3325.0
CR249_10175	64	96.154	234	9	0	1	234	9366	9133	2.4799999999999995e-107	383.0
CR531_08840	64	98.215	1905	34	0	1	1905	8935	7031	0.0	3330.0
CR531_08850	64	95.726	234	10	0	1	234	9366	9133	1.1599999999999996e-105	377.0
CR531_10030	64	99.302	573	4	0	1	573	12339	11767	0.0	1037.0
CR531_10035	64	98.723	705	9	0	1	705	11622	10918	0.0	1253.0
HN6_01566	64	99.302	573	4	0	1	573	12339	11767	0.0	1037.0
HN6_01545	64	98.62100000000001	580	7	1	1	579	11622	11043	0.0	1026.0
HN6_01546	64	98.53	1905	28	0	1	1905	8935	7031	0.0	3363.0
LsR_01733	64	98.95299999999999	573	6	0	1	573	12339	11767	0.0	1026.0
LsR_01734	64	98.723	705	9	0	1	705	11622	10918	0.0	1253.0
LsR_01736	237	99.225	129	1	0	7	135	138	10	1.4199999999999998e-62	233.0
LsR_01737	64	95.699	186	8	0	1	186	9318	9133	2e-82	300.0
LsR_01738	64	98.583	1905	27	0	1	1905	8935	7031	0.0	3369.0
LSL_1781	64	99.12700000000001	573	5	0	1	573	12339	11767	0.0	1031.0
LSL_1782	64	98.44	705	11	0	1	705	11622	10918	0.0	1242.0
LSL_1784	64	97.009	234	7	0	1	234	9366	9133	1.1499999999999998e-110	394.0
LSL_1786	64	98.26799999999999	1905	33	0	1	1905	8935	7031	0.0	3336.0
gene0_ORF00001	35	99.02600000000001	924	9	0	1	924	26438	25515	0.0	1657.0
LLUC109_pD13	91	97.527	283	5	2	1	281	4160	4442	2.8999999999999994e-137	483.0
LLJM3_pC55	91	97.598	333	8	0	1	333	4160	4492	7.199999999999998e-164	571.0
LL229_pA47	35	98.958	960	10	0	1	960	26474	25515	0.0	1718.0
LL275_pA072	35	98.969	970	10	0	1	970	26474	25505	0.0	1736.0
LLUC063_pD10	91	96.40700000000001	334	10	2	1	333	4160	4492	3.369999999999999e-157	549.0
LLUL8_pB12	35	98.91799999999999	924	10	0	1	924	26438	25515	0.0	1652.0
BSR25_2530	91	98.693	153	2	0	1	153	4341	4189	3.4899999999999994e-74	272.0
PVF_pVF18p24	35	99.486	389	2	0	1	389	26474	26086	0.0	708.0
P620_14325	91	97.544	285	4	2	1	282	4149	4433	8.069999999999997e-138	484.0
LP2241_P0017	91	98.693	153	2	0	1	153	4341	4189	3.4899999999999994e-74	272.0
LEKG_2019	64	95.76299999999999	118	5	0	1	118	12451	12334	7.62e-50	191.0
LEKG_2023	64	97.436	234	6	0	1	234	9366	9133	2.4699999999999996e-112	399.0
LEKG_2024	64	98.28200000000001	1863	32	0	1	1863	8935	7073	0.0	3264.0
A6B45_10090	64	96.581	234	8	0	1	234	9366	9133	5.339999999999999e-109	388.0
A6B45_10100	64	96.581	234	8	0	1	234	9366	9133	5.339999999999999e-109	388.0
A6B45_10105	64	98.39	1863	30	0	1	1863	8935	7073	0.0	3275.0
AUZ28_15070	64	96.117	618	24	0	1	618	11535	10918	0.0	1009.0
AUZ28_15075	64	99.598	249	1	0	1	249	9761	9513	5.549999999999999e-129	455.0
AUZ28_15080	64	98.291	234	4	0	1	234	9366	9133	1.1399999999999997e-115	411.0
AUZ28_15085	64	99.52799999999999	1905	9	0	1	1905	8935	7031	0.0	3469.0
KO07_15370	80	99.785	1395	2	1	1	1395	6664	5271	0.0	2558.0
KO07_15380	80	98.995	597	6	0	1	597	5029	4433	0.0	1070.0
AOA13_p46c	64	96.596	705	24	0	1	705	11622	10918	0.0	1170.0
AOA13_p45c	64	99.6	250	1	0	3	252	9762	9513	1.5599999999999997e-129	457.0
LMR479A_p0075	64	100.0	123	0	0	1	123	12454	12332	5.9799999999999996e-61	228.0
AYR58_09610	64	97.194	891	24	1	1	891	4721	5610	0.0	1506.0
AYR58_09620	64	95.523	1921	86	0	1	1921	4066	2146	0.0	3072.0
FORC39_p012	174	100.0	210	0	0	1	210	167	376	4.739999999999999e-109	388.0
DD555_15570	126	100.0	308	0	0	1	308	999	692	2.389999999999999e-163	569.0
CPZ21_11900	5	100.0	104	0	0	5	108	94482	94585	1.8699999999999999e-50	193.0
CPZ21_11905	5	100.0	324	0	0	1	324	94756	95079	3.209999999999999e-172	599.0
CPZ21_11930	5	99.949	1953	1	0	1	1953	97277	95325	0.0	3602.0
SMA_p0013	91	95.455	132	6	0	1	132	4296	4165	6.49e-56	211.0
C4597_07330	64	97.6	125	3	0	1	125	8995	9119	4.699999999999999e-57	215.0
C4597_07335	64	98.175	1863	34	0	1	1863	8935	7073	0.0	3253.0
