CP0055	3	95.07700000000001	325	16	0	1	325	2221	1897	7.229999999999999e-146	512.0
CP0081	92	95.07700000000001	711	34	1	1	710	711	1	0.0	1118.0
CP0086	104	97.154	492	13	1	5	495	530	39	0.0	830.0
CP0105	84	95.806	906	38	0	1	906	915	10	0.0	1463.0
CP0108	91	99.67	303	1	0	1	303	869	567	1.0899999999999996e-158	555.0
CP0172	3	95.141	391	19	0	1	391	1676	1286	1.8799999999999991e-177	617.0
CP0173	92	95.57799999999999	294	12	1	1	294	335	43	3.929999999999998e-133	470.0
CP0183	3	95.07700000000001	325	16	0	1	325	2221	1897	7.229999999999999e-146	512.0
CP0225	62	96.405	306	11	0	1	306	895	1200	1.1299999999999998e-143	505.0
CP0242	91	98.68	303	4	0	1	303	869	567	1.0999999999999996e-153	538.0
CP0268	36	97.05	339	10	0	1	339	185	523	1.2199999999999997e-163	571.0
CP0269	36	99.881	840	1	0	1	840	550	1389	0.0	1546.0
SCH_RS23985	33	99.921	1263	1	0	1	1263	19841	18579	0.0	2327.0
SCH_RS24300	45	99.167	240	2	0	1	240	7903	7664	4.1399999999999994e-122	433.0
SCH_RS24305	45	100.0	288	0	0	1	288	7664	7377	4.839999999999998e-152	532.0
pO157p15	36	98.538	342	2	1	1	342	185	523	1.5699999999999995e-172	601.0
pO157p29	62	97.38600000000001	306	8	0	1	306	895	1200	1.12e-148	521.0
pO157p31	3	95.14	1214	59	0	1	1214	2221	1008	0.0	1916.0
pO157p77	3	99.55	888	4	0	1	888	1895	1008	0.0	1618.0
pO157p79	54	95.89	438	18	0	1	438	741	1178	0.0	710.0
KP1_RS26920	6	96.471	510	18	0	1	510	4708	5217	0.0	843.0
ECSE_RS24615	62	99.535	645	3	0	1	645	2188	2832	0.0	1175.0
ECSE_RS24620	65	98.706	309	4	0	1	309	34	342	5.1799999999999985e-157	549.0
ECSE_RS24625	65	99.49	981	5	0	1	981	755	1735	0.0	1784.0
ECSE_RS24630	65	99.281	417	3	0	1	417	1728	2144	0.0	754.0
ECSE_RS25085	62	97.059	306	9	0	1	306	895	1200	5.199999999999998e-147	516.0
ECSE_RS25090	62	95.729	796	32	2	1	795	1201	1995	0.0	1280.0
ECSE_RS25500	58	98.889	270	3	0	1	270	3102	3371	4.61e-137	483.0
ECSE_RS25505	58	96.76299999999999	278	8	1	1	277	3371	3648	6.199999999999998e-131	462.0
ECSF_RS25600	3	95.025	402	20	0	1	402	2221	1820	0.0	632.0
ECSF_RS25605	3	95.62700000000001	343	15	0	9	351	1824	1482	1.6499999999999997e-157	551.0
ECSF_RS23790	62	97.712	306	7	0	1	306	895	1200	2.3999999999999993e-150	527.0
ECSF_RS23795	62	96.48200000000001	796	28	0	1	796	1201	1996	0.0	1315.0
ECSF_RS23850	36	98.74700000000001	798	10	0	1	798	28350	27553	0.0	1419.0
ECO103_RS28110	3	96.376	1214	44	0	1	1214	2221	1008	0.0	1999.0
ECO103_RS28125	54	95.742	822	35	0	1	822	357	1178	0.0	1325.0
ECO103_RS32015	36	100.0	138	0	0	1	138	496	633	5.179999999999999e-69	255.0
ECO103_RS28275	36	99.225	258	2	0	1	258	221	478	4.419999999999999e-132	466.0
ECO111_RS29195	45	95.973	149	6	0	1	149	7305	7157	4.649999999999999e-65	243.0
ECO111_RS29195	9	95.973	149	6	0	1	149	176679	176827	4.649999999999999e-65	243.0
ECO111_RS29685	58	97.287	258	7	0	1	258	604	861	9.629999999999998e-124	438.0
ECO111_RS34995	58	96.111	180	5	1	1	180	965	1142	5.32e-80	292.0
ECO111_RS29715	76	98.634	366	5	0	1	366	1320	955	0.0	649.0
ECO111_RS29725	115	100.0	192	0	0	1	192	458	267	7.199999999999998e-99	355.0
ECO111_RS29735	3	99.671	1214	4	0	1	1214	2221	1008	0.0	2220.0
ECO111_RS32820	3	98.693	153	2	0	1	153	2221	2069	5.8e-74	272.0
ECO111_RS30070	3	98.994	497	5	0	1	497	2065	1569	0.0	891.0
SDY_RS23505	91	99.25200000000001	401	3	0	1	401	869	469	0.0	725.0
SDY_RS24525	179	95.745	141	6	0	1	141	183	43	1.1599999999999998e-60	228.0
SDY_RS24140	36	99.286	140	1	0	1	140	28973	28834	1.9099999999999995e-68	254.0
SBO_RS25110	36	99.40100000000001	1169	7	0	1	1169	221	1389	0.0	2121.0
SBO_RS25400	36	99.537	648	3	0	1	648	742	1389	0.0	1181.0
SBO_RS25600	92	96.165	339	13	0	1	339	381	43	1.2299999999999995e-158	555.0
UTI89_RS25450	62	96.35700000000001	796	29	0	1	796	1201	1996	0.0	1310.0
APECO1_RS26005	58	97.101	207	6	0	1	207	114	320	3.639999999999999e-97	350.0
APECO1_RS28010	77	97.484	159	4	0	1	159	197	39	6.059999999999998e-74	272.0
APECO1_RS26310	58	97.037	270	8	0	1	270	3102	3371	9.999999999999997e-129	455.0
APECO1_RS26315	58	98.227	282	5	0	1	282	3368	3649	2.2299999999999992e-140	494.0
APECO1_RS31445	36	100.0	105	0	0	1	105	27657	27553	8.259999999999999e-51	195.0
SNSL254_RS00425	33	99.896	959	1	0	1	959	19841	18883	0.0	1766.0
SNSL254_RS00460	33	100.0	309	0	0	1	309	18887	18579	1.1099999999999995e-163	571.0
KPN_RS26295	35	98.006	1254	25	0	1	1254	8362	7109	0.0	2178.0
KPN_RS26300	35	97.17200000000001	3076	85	2	1	3075	11488	8414	0.0	5197.0
KPN_RS26305	35	95.93700000000001	1083	44	0	1	1083	12693	11611	0.0	1757.0
ECE24377A_RS00960	58	97.292	997	27	0	36	1032	1187	2183	0.0	1692.0
ECE24377A_RS29800	3	95.811	740	31	0	1	740	2221	1482	0.0	1195.0
ECE24377A_RS01035	92	95.75399999999999	471	20	0	4	474	513	43	0.0	760.0
ECE24377A_RS29840	3	95.27	740	35	0	1	740	2221	1482	0.0	1173.0
ECE24377A_RS01515	62	95.087	692	34	0	23	714	1316	2007	0.0	1090.0
ECE24377A_RS01520	62	97.38600000000001	306	8	0	1	306	895	1200	1.12e-148	521.0
ECE24377A_RS01560	102	96.74799999999999	246	8	0	1	246	269	24	1.9899999999999997e-115	411.0
ECE24377A_RS01630	58	96.618	207	7	0	1	207	114	320	1.6999999999999996e-95	344.0
ECE24377A_RS00100	92	95.541	471	21	0	4	474	513	43	0.0	754.0
ECE24377A_RS26615	36	99.15700000000001	356	3	0	1	356	484	839	0.0	641.0
ECE24377A_RS00245	6	98.431	510	8	0	1	510	4708	5217	0.0	898.0
ECE24377A_RS26810	6	100.0	102	0	0	1	102	5232	5333	3.7099999999999996e-49	189.0
ECE24377A_RS00255	102	97.154	246	7	0	1	246	269	24	4.279999999999999e-117	416.0
ECE24377A_RS00295	62	97.712	306	7	0	1	306	895	1200	2.3999999999999993e-150	527.0
ECE24377A_RS00305	62	98.915	645	7	0	1	645	2188	2832	0.0	1153.0
ECE24377A_RS00310	65	98.382	309	5	0	1	309	34	342	2.4099999999999994e-155	544.0
ECE24377A_RS00345	36	97.619	798	19	0	1	798	28350	27553	0.0	1369.0
ECE24377A_RS00515	84	97.678	603	8	1	7	609	606	10	0.0	1031.0
ECSMS35_RS27840	36	97.77799999999999	270	5	1	1	269	1120	1389	1.6599999999999997e-131	464.0
SBBS512_RS00625	36	99.39	1147	7	0	1	1147	221	1367	0.0	2080.0
SBBS512_RS27855	36	97.727	132	3	0	1	132	221	352	1.07e-60	228.0
SBBS512_RS01330	36	99.42299999999999	1040	6	0	1	1040	350	1389	0.0	1888.0
SBBS512_RS01410	62	96.07799999999999	306	12	0	1	306	895	1200	5.2399999999999986e-142	499.0
SBBS512_RS00025	33	99.62899999999999	2154	8	0	1	2154	3056	5209	0.0	3934.0
SBBS512_RS00030	33	100.0	207	0	0	1	207	5206	5412	3.589999999999999e-107	383.0
SBBS512_RS00035	33	99.57	465	2	0	1	465	5428	5892	0.0	848.0
SBBS512_RS00040	33	100.0	657	0	0	1	657	5996	6652	0.0	1214.0
SBBS512_RS00045	33	99.63600000000001	825	3	0	1	825	7546	8370	0.0	1507.0
SBBS512_RS00050	33	100.0	660	0	0	1	660	8475	9134	0.0	1219.0
SBBS512_RS00055	33	99.67	303	1	0	1	303	9228	9530	1.0899999999999996e-158	555.0
SBBS512_RS00060	33	99.603	252	1	0	1	252	9566	9817	1.9999999999999994e-130	460.0
SBBS512_RS00070	33	99.811	528	1	0	1	528	10928	10401	0.0	970.0
SBBS512_RS00075	33	100.0	405	0	0	1	405	11467	11063	0.0	749.0
SBBS512_RS00080	33	99.76899999999999	867	2	0	1	867	12346	11480	0.0	1591.0
SBBS512_RS32625	33	100.0	516	0	0	1	516	13761	14276	0.0	953.0
SBBS512_RS00100	33	99.448	543	3	0	1	543	14381	14923	0.0	987.0
SBBS512_RS00105	33	99.603	252	1	0	1	252	14920	15171	1.9999999999999994e-130	460.0
SBBS512_RS00110	33	100.0	228	0	0	1	228	15158	15385	8.469999999999998e-119	422.0
SBBS512_RS30705	33	97.667	300	7	0	1	300	15839	16138	5.089999999999998e-147	516.0
SBBS512_RS00135	33	99.802	504	1	0	1	504	21078	21581	0.0	926.0
SBBS512_RS00140	33	98.78	1230	15	0	1	1230	21585	22814	0.0	2189.0
SBBS512_RS00145	33	99.66	294	1	0	1	294	22891	23184	1.0599999999999996e-153	538.0
SBBS512_RS00150	33	100.0	216	0	0	1	216	23181	23396	3.739999999999999e-112	399.0
SBBS512_RS00155	33	99.839	621	1	0	1	621	23753	24373	0.0	1142.0
SBBS512_RS00160	33	98.16799999999999	273	5	0	1	273	24441	24713	2.1699999999999994e-135	477.0
SBBS512_RS00165	33	99.381	2748	17	0	1	2748	24732	27479	0.0	4981.0
SBBS512_RS00170	33	98.32600000000001	717	12	0	1	717	27491	28207	0.0	1258.0
SBBS512_RS00175	33	99.361	1095	7	0	1	1095	28219	29313	0.0	1984.0
SBBS512_RS00190	33	99.272	687	5	0	1	687	29828	30514	0.0	1242.0
SBBS512_RS00195	33	99.34	909	6	0	1	909	30511	31419	0.0	1646.0
SBBS512_RS00200	33	98.749	1119	5	1	1	1110	31412	32530	0.0	1980.0
SBBS512_RS00205	33	99.32	1029	7	0	1	1029	32532	33560	0.0	1862.0
SBBS512_RS00210	33	99.0	1800	18	0	1	1800	33547	35346	0.0	3225.0
SBBS512_RS00215	33	97.619	420	10	0	1	420	80	499	0.0	721.0
SBBS512_RS00225	33	100.0	309	0	0	1	309	1151	1459	1.1099999999999995e-163	571.0
SBBS512_RS00235	33	99.012	405	4	0	1	405	1966	2370	0.0	726.0
SEHA_RS00010	58	97.691	996	23	0	36	1031	1187	2182	0.0	1712.0
SEHA_RS00015	58	97.77799999999999	270	6	0	1	270	3102	3371	4.6399999999999985e-132	466.0
SEHA_RS00020	58	98.936	282	3	0	1	282	3368	3649	1.0299999999999998e-143	505.0
SEHA_RS00110	62	99.38	645	4	0	1	645	2188	2832	0.0	1170.0
SEHA_RS00120	65	99.49	981	5	0	1	981	755	1735	0.0	1784.0
SED_RS00295	33	97.101	207	6	0	1	207	5206	5412	3.639999999999999e-97	350.0
SED_RS00300	33	97.354	2154	57	0	1	2154	3056	5209	0.0	3663.0
ECH74115_RS29535	33	96.65	806	27	0	1	806	7546	8351	0.0	1339.0
ECH74115_RS29540	33	95.51799999999999	647	29	0	1	647	8475	9121	0.0	1035.0
ECH74115_RS00080	3	99.34100000000001	1214	8	0	1	1214	2221	1008	0.0	2198.0
ECH74115_RS00090	62	97.324	299	8	0	2	300	902	1200	8.519999999999997e-145	508.0
ECH74115_RS00100	3	95.05799999999999	1214	60	0	1	1214	2221	1008	0.0	1910.0
ECH74115_RS33395	3	99.206	252	2	0	1	252	2221	1970	9.319999999999998e-129	455.0
ECH74115_RS00340	76	97.209	215	6	0	1	215	352	138	1.3599999999999996e-101	364.0
ECH74115_RS00350	76	97.84200000000001	417	9	0	1	417	955	539	0.0	721.0
ECH74115_RS00355	76	98.387	186	3	0	1	186	1140	955	1.5099999999999998e-90	327.0
ECH74115_RS00370	3	99.494	989	5	0	1	989	1996	1008	0.0	1799.0
SFXV_RS29975	104	97.14299999999999	490	13	1	1	489	528	39	0.0	826.0
SFXV_RS26515	36	97.87	986	17	4	1	985	221	1203	0.0	1701.0
SFXV_RS31135	36	100.0	192	0	0	1	192	1198	1389	7.199999999999998e-99	355.0
G2583_RS27435	58	95.926	270	11	0	1	270	3102	3371	1.0099999999999999e-123	438.0
G2583_RS27440	58	97.48200000000001	278	7	0	1	278	3371	3648	7.989999999999998e-135	475.0
ECL_RS26305	45	98.333	240	4	0	1	240	7903	7664	8.959999999999997e-119	422.0
ECS88_RS00545	58	97.40700000000001	270	7	0	1	270	3102	3371	2.1599999999999994e-130	460.0
ECS88_RS00550	58	100.0	282	0	0	1	282	3368	3649	1.0199999999999998e-148	521.0
E2348C_RS25540	36	97.932	532	10	1	1	532	28880	28350	0.0	920.0
E2348C_RS26150	58	98.667	150	2	0	1	150	171	320	2.6399999999999995e-72	267.0
E2348C_RS25860	36	100.0	258	0	0	1	258	221	478	2.0399999999999993e-135	477.0
E2348C_RS25870	36	99.49700000000001	597	3	0	1	597	484	1080	0.0	1086.0
E2348C_RS25880	36	98.382	309	5	0	1	309	1081	1389	2.4099999999999994e-155	544.0
E2348C_RS25945	62	96.23100000000001	796	30	0	1	796	1201	1996	0.0	1304.0
ROD_RS25270	33	99.713	348	1	0	1	348	20370	20717	0.0	638.0
ROD_RS25275	33	100.0	249	0	0	1	249	20125	20373	1.9799999999999997e-130	460.0
ROD_RS25280	33	99.145	351	3	0	1	351	16229	16579	0.0	632.0
ROD_RS25285	33	98.0	300	6	0	1	300	15839	16138	1.0899999999999997e-148	521.0
ROD_RS27235	33	98.684	228	3	0	1	228	15158	15385	8.529999999999999e-114	405.0
ROD_RS25295	33	99.079	543	5	0	1	543	14381	14923	0.0	976.0
ROD_RS25300	33	99.419	516	3	0	1	516	13761	14276	0.0	937.0
ROD_RS25325	33	95.32	406	17	2	1	405	11467	11063	0.0	643.0
ROD_RS25330	33	97.727	528	12	0	1	528	10928	10401	0.0	909.0
ROD_RS25340	33	96.03200000000001	252	10	0	1	252	9566	9817	2.05e-115	411.0
ROD_RS25345	33	97.36	303	8	0	1	303	9228	9530	5.15e-147	516.0
ROD_RS25355	33	96.60600000000001	825	28	0	1	825	7546	8370	0.0	1369.0
ROD_RS25370	33	98.32600000000001	657	11	0	1	657	5996	6652	0.0	1153.0
ROD_RS25375	33	97.84899999999999	465	10	0	1	465	5428	5892	0.0	804.0
ROD_RS25380	33	97.585	207	5	0	1	207	5206	5412	7.829999999999998e-99	355.0
ROD_RS25385	33	97.26100000000001	2154	59	0	1	2154	3056	5209	0.0	3651.0
ROD_RS27265	33	95.66	576	25	0	1	576	2476	3051	0.0	926.0
ROD_RS25420	33	98.818	423	5	0	1	423	77	499	0.0	754.0
ROD_RS25425	33	98.889	1800	20	0	1	1800	33547	35346	0.0	3214.0
ROD_RS25430	33	98.931	1029	11	0	1	1029	32532	33560	0.0	1840.0
ROD_RS25435	33	99.374	1119	7	0	1	1119	31412	32530	0.0	2028.0
ROD_RS25440	33	99.56	909	4	0	1	909	30511	31419	0.0	1657.0
ROD_RS25445	33	99.56299999999999	687	3	0	1	687	29828	30514	0.0	1253.0
ROD_RS25475	33	96.839	348	11	0	1	348	27491	27838	6.069999999999999e-167	582.0
ROD_RS25480	33	99.272	2748	20	0	1	2748	24732	27479	0.0	4964.0
ROD_RS25485	33	98.777	327	4	0	1	327	24387	24713	5.4299999999999975e-167	582.0
ROD_RS27290	33	99.35600000000001	621	4	0	1	621	23753	24373	0.0	1125.0
ROD_RS25505	33	98.04899999999999	1230	24	0	1	1230	21585	22814	0.0	2139.0
EC042_RS26235	84	95.977	174	7	0	1	174	183	10	3.079999999999999e-77	283.0
EC042_RS31440	36	96.99600000000001	233	7	0	1	233	1704	1472	6.929999999999999e-110	392.0
EC042_RS26350	128	99.22200000000001	257	2	0	5	261	416	160	1.6099999999999996e-131	464.0
EC042_RS26435	65	98.05799999999999	309	6	0	1	309	34	342	1.1199999999999995e-153	538.0
EC042_RS26440	62	99.53399999999999	644	3	0	2	645	2189	2832	0.0	1173.0
EC042_RS30515	36	98.56700000000001	907	12	1	1	907	484	1389	0.0	1602.0
EC042_RS26515	69	97.22200000000001	180	5	0	1	180	1589	1768	6.839999999999999e-84	305.0
EC042_RS27195	77	97.484	159	4	0	1	159	197	39	6.059999999999998e-74	272.0
ECO26_RS29810	36	99.305	1151	6	1	1	1151	221	1369	0.0	2080.0
ECO26_RS29910	3	99.75299999999999	1214	3	0	1	1214	2221	1008	0.0	2226.0
ECO26_RS34545	3	98.469	653	10	0	1	653	2221	1569	0.0	1151.0
ECO26_RS30565	58	98.667	150	2	0	1	150	171	320	2.6399999999999995e-72	267.0
SSON_RS33930	36	98.333	120	2	0	1	120	27672	27553	9.65e-56	211.0
SSON_RS30080	36	97.087	103	3	0	2	104	27800	27698	1.11e-44	174.0
SSON_RS25470	36	98.12	798	15	0	1	798	28350	27553	0.0	1391.0
SSON_RS26025	36	97.995	798	16	0	1	798	28350	27553	0.0	1386.0
SSON_RS26030	92	95.736	469	20	0	6	474	511	43	0.0	756.0
SSON_RS26170	36	97.87	798	17	0	1	798	28350	27553	0.0	1380.0
SSON_RS26455	76	96.23700000000001	186	7	0	1	186	1140	955	7.099999999999997e-84	305.0
SSON_RS26580	36	99.632	816	3	0	1	816	574	1389	0.0	1491.0
EKO11_RS25050	58	97.79299999999999	997	22	0	36	1032	1187	2183	0.0	1720.0
UM146_RS25110	62	96.35700000000001	796	28	1	1	795	1201	1996	0.0	1308.0
NRG857_RS23200	58	98.667	150	2	0	1	150	171	320	2.6399999999999995e-72	267.0
STM474_RS24200	58	97.994	997	20	0	36	1032	1187	2183	0.0	1731.0
STM474_RS24205	58	97.77799999999999	270	6	0	1	270	3102	3371	4.6399999999999985e-132	466.0
STM474_RS24210	58	98.936	282	3	0	1	282	3368	3649	1.0299999999999998e-143	505.0
STY_RS23705	23	98.42299999999999	951	15	0	1	951	35142	34192	0.0	1674.0
STY_RS23710	23	98.566	279	4	0	1	279	35512	35790	2.2099999999999994e-140	494.0
ETEC_RS26540	104	97.458	472	12	0	1	472	561	90	0.0	806.0
ETEC_RS26610	58	99.50200000000001	201	1	0	1	201	3371	3571	3.499999999999999e-102	366.0
ETEC_RS26615	58	95.556	270	12	0	1	270	3102	3371	4.709999999999999e-122	433.0
ETEC_RS30940	36	95.81	907	37	1	1	907	484	1389	0.0	1463.0
ETEC_RS27035	36	99.65100000000001	860	3	0	2	861	530	1389	0.0	1572.0
UMNK88_RS28790	33	99.367	1263	1	7	1	1256	19841	18579	0.0	2281.0
UMNK88_RS26995	58	98.094	997	19	0	36	1032	1187	2183	0.0	1736.0
UMNK88_RS27060	62	99.07	645	6	0	1	645	2188	2832	0.0	1158.0
UMNK88_RS27070	65	99.49	981	5	0	1	981	755	1735	0.0	1784.0
UMNK88_RS35075	36	95.322	171	8	0	1	171	910	1080	6.6699999999999985e-74	272.0
UMNK88_RS27645	36	98.88799999999999	1169	13	0	1	1169	221	1389	0.0	2087.0
UMNK88_RS28300	58	97.015	268	8	0	1	268	3102	3369	1.2999999999999997e-127	451.0
UMNK88_RS28305	48	99.61	513	2	0	1	513	7566	7054	0.0	937.0
UMNK88_RS28310	48	99.318	3081	15	1	1	3075	7042	3962	0.0	5568.0
UMNK88_RS28315	48	99.48200000000001	2124	11	0	1	2124	3890	1767	0.0	3862.0
UMNK88_RS28320	48	99.58200000000001	1437	6	0	1	1437	1748	312	0.0	2621.0
UMNK88_RS26670	36	96.756	524	17	0	1	524	28350	27827	0.0	874.0
UMNK88_RS26735	58	98.97399999999999	195	2	0	1	195	3371	3565	3.409999999999999e-97	350.0
UMNK88_RS26740	58	96.111	180	7	0	1	180	3192	3371	1.4799999999999996e-80	294.0
PPECC33_RS27345	84	96.96600000000001	725	22	0	14	738	734	10	0.0	1218.0
PPECC33_RS25325	58	98.333	120	2	0	1	120	3371	3490	1.0199999999999998e-55	211.0
PPECC33_RS25330	58	97.037	270	7	1	1	269	3102	3371	3.599999999999999e-128	453.0
KPN2242_RS26295	6	96.275	510	19	0	1	510	4708	5217	0.0	837.0
CE10_RS29870	80	95.552	1214	54	0	1	1214	37	1250	0.0	1943.0
KPHS_p100340	33	99.648	852	3	0	1	852	18305	17454	0.0	1557.0
KPHS_p100350	33	100.0	123	0	0	1	123	18309	18431	9.869999999999999e-61	228.0
KPHS_p100360	33	100.0	123	0	0	1	123	18598	18476	9.869999999999999e-61	228.0
KPHS_p301310	33	99.65799999999999	876	3	0	1	876	18329	17454	0.0	1602.0
STBHUCCB_RS24130	23	98.212	951	17	0	1	951	35142	34192	0.0	1663.0
SU5_RS22980	33	97.101	207	6	0	1	207	5206	5412	3.639999999999999e-97	350.0
SU5_RS22985	33	98.28200000000001	2154	37	0	1	2154	3056	5209	0.0	3773.0
CDCO157_RS32645	36	97.07600000000001	171	5	0	1	171	27813	27643	6.499999999999999e-79	289.0
CDCO157_RS28515	76	96.744	215	7	0	1	215	352	138	6.349999999999998e-100	359.0
CDCO157_RS27965	3	99.596	989	4	0	1	989	1996	1008	0.0	1805.0
SEEN462_RS00020	65	97.735	309	7	0	1	309	34	342	5.219999999999999e-152	532.0
SEEN462_RS00025	62	99.38	645	4	0	1	645	2188	2832	0.0	1170.0
SEEN462_RS00135	58	97.693	997	23	0	36	1032	1187	2183	0.0	1714.0
A225_RS33965	33	100.0	195	0	0	1	195	19841	19647	1.5699999999999997e-100	361.0
A225_RS29260	33	100.0	401	0	0	8	408	18979	18579	0.0	741.0
SEEE1427_RS22780	33	96.774	806	26	0	1	806	7546	8351	0.0	1345.0
SEEE1427_RS22785	33	95.53200000000001	649	29	0	1	649	8475	9123	0.0	1038.0
SSON53G_RS26580	3	97.009	234	7	0	1	234	1241	1008	1.8999999999999996e-110	394.0
SSON53G_RS26580	92	96.154	234	9	0	1	234	276	43	4.1099999999999986e-107	383.0
SSON53G_RS27200	36	97.995	798	16	0	1	798	28350	27553	0.0	1386.0
SSON53G_RS27575	36	99.755	816	2	0	1	816	574	1389	0.0	1496.0
EC958_RS25840	33	99.84200000000001	1263	2	0	1	1263	19841	18579	0.0	2322.0
O3M_RS27165	62	99.257	807	6	0	1	807	1201	2007	0.0	1458.0
O3M_RS27170	62	99.535	645	3	0	1	645	2188	2832	0.0	1175.0
O3M_RS27175	65	99.353	309	2	0	1	309	34	342	2.3899999999999994e-160	560.0
O3M_RS27180	65	99.083	981	9	0	1	981	755	1735	0.0	1762.0
O3M_RS27185	65	98.801	417	5	0	1	417	1728	2144	0.0	743.0
O3M_RS27280	84	96.552	174	6	0	1	174	183	10	6.63e-79	289.0
O3M_RS27350	92	95.329	471	22	0	4	474	513	43	0.0	749.0
O3M_RS27610	104	96.053	152	6	0	5	156	182	31	9.999999999999998e-67	248.0
O3M_RS27625	62	99.087	219	2	0	1	219	675	893	1.7699999999999994e-110	394.0
O3M_RS27630	62	99.02	306	3	0	1	306	895	1200	5.1299999999999986e-157	549.0
O3K_RS26120	92	95.541	471	21	0	4	474	513	43	0.0	754.0
O3K_RS25805	58	97.59299999999999	997	24	0	36	1032	1187	2183	0.0	1709.0
H218_RS28320	33	99.225	516	4	0	1	516	13761	14276	0.0	931.0
H218_RS28325	33	95.396	543	25	0	1	543	14381	14923	0.0	865.0
H218_RS28440	33	100.0	405	0	0	1	405	1966	2370	0.0	749.0
M495_RS24420	74	95.29	1550	56	15	2	1543	1551	11	0.0	2442.0
M495_RS24610	138	97.345	113	3	0	2	114	227	115	3.35e-50	193.0
M495_RS24610	70	96.552	116	4	0	1	116	123	8	3.35e-50	193.0
CFSAN002069_RS00505	58	99.291	282	2	0	1	282	3368	3649	2.2199999999999993e-145	510.0
CFSAN002069_RS00510	58	97.77799999999999	270	6	0	1	270	3102	3371	4.6399999999999985e-132	466.0
SEEH1578_RS23785	33	99.964	2748	1	0	1	2748	24732	27479	0.0	5072.0
SEEH1578_RS23790	33	100.0	327	0	0	1	327	24387	24713	1.1599999999999995e-173	604.0
SEEH1578_RS25735	33	100.0	621	0	0	1	621	23753	24373	0.0	1147.0
SEEH1578_RS23810	33	99.18700000000001	1230	10	0	1	1230	21585	22814	0.0	2217.0
SEEH1578_RS23820	33	100.0	348	0	0	1	348	20370	20717	0.0	643.0
SEEH1578_RS23830	33	100.0	351	0	0	1	351	16229	16579	0.0	649.0
SEEH1578_RS23835	33	100.0	300	0	0	1	300	15839	16138	1.0799999999999996e-158	555.0
SEEH1578_RS23845	33	100.0	252	0	0	1	252	14920	15171	4.3099999999999985e-132	466.0
SEEH1578_RS23850	33	100.0	543	0	0	1	543	14381	14923	0.0	1003.0
SEEH1578_RS23930	33	100.0	465	0	0	1	465	5428	5892	0.0	859.0
SEEH1578_RS23935	33	99.51700000000001	207	1	0	1	207	5206	5412	1.6699999999999995e-105	377.0
SEEH1578_RS23940	33	99.721	2154	6	0	1	2154	3056	5209	0.0	3945.0
SEEH1578_RS23945	33	100.0	576	0	0	1	576	2476	3051	0.0	1064.0
SEEH1578_RS23950	33	99.75299999999999	405	1	0	1	405	1966	2370	0.0	743.0
SEEH1578_RS23955	33	100.0	495	0	0	1	495	1456	1950	0.0	915.0
SEEH1578_RS23965	33	100.0	255	0	0	1	255	794	1048	9.379999999999998e-134	472.0
SEEH1578_RS23970	33	100.0	306	0	0	1	306	483	788	5.089999999999998e-162	566.0
SEEH1578_RS23975	33	100.0	423	0	0	1	423	77	499	0.0	782.0
SEEH1578_RS23980	33	99.889	1800	2	0	1	1800	33547	35346	0.0	3314.0
SEEH1578_RS23985	33	99.806	1029	2	0	1	1029	32532	33560	0.0	1890.0
SEEH1578_RS23990	33	100.0	1119	0	0	1	1119	31412	32530	0.0	2067.0
SEEH1578_RS23995	33	99.78	909	2	0	1	909	30511	31419	0.0	1668.0
SEEH1578_RS24000	33	100.0	687	0	0	1	687	29828	30514	0.0	1269.0
CFSAN002050_RS25335	45	98.75	240	3	0	1	240	7903	7664	1.9299999999999996e-120	427.0
CFSAN002050_RS28665	45	98.07700000000001	104	2	0	1	104	7928	8031	6.429999999999999e-47	182.0
N559_RS27305	33	99.54299999999999	876	4	0	1	876	18329	17454	0.0	1596.0
N559_RS30160	35	96.354	192	7	0	1	192	7300	7109	3.399999999999999e-87	316.0
KLP1_RS26485	35	98.166	1254	23	0	1	1254	8362	7109	0.0	2189.0
KLP1_RS26490	35	97.074	3076	88	2	1	3075	11488	8414	0.0	5180.0
KLP1_RS26495	35	95.845	1083	45	0	1	1083	12693	11611	0.0	1751.0
CFSAN001588_RS22810	58	97.89399999999999	997	21	0	36	1032	1187	2183	0.0	1725.0
CFSAN001588_RS22815	58	95.926	270	11	0	1	270	3102	3371	1.0099999999999999e-123	438.0
CFSAN001588_RS22820	58	99.28299999999999	279	2	0	1	279	3371	3649	1.0199999999999998e-143	505.0
CFSAN001588_RS22900	62	99.38	645	4	0	1	645	2188	2832	0.0	1170.0
CFSAN001588_RS22910	65	99.38799999999999	981	6	0	1	981	755	1735	0.0	1779.0
CFSAN001588_RS22915	65	99.041	417	4	0	1	417	1728	2144	0.0	749.0
ECRM13514_RS34060	3	96.478	653	23	0	1	653	2221	1569	0.0	1079.0
ECRM13514_RS28630	3	98.18799999999999	1214	22	0	1	1214	2221	1008	0.0	2121.0
ECRM13514_RS35155	91	99.855	689	1	0	1	689	869	181	0.0	1267.0
ECRM13514_RS28770	3	96.87	1214	38	0	1	1214	2221	1008	0.0	2032.0
ECRM13514_RS28785	91	100.0	209	0	0	1	209	869	661	2.8699999999999997e-108	387.0
ECRM13514_RS29070	3	97.446	1214	30	1	1	1213	2221	1008	0.0	2069.0
ECRM13514_RS29110	3	99.094	1214	11	0	1	1214	2221	1008	0.0	2182.0
ECRM13516_RS27595	76	99.32700000000001	297	2	0	1	297	1251	955	1.0799999999999998e-153	538.0
ECRM13516_RS27985	3	99.396	497	3	0	1	497	2065	1569	0.0	902.0
ECRM13516_RS28135	3	97.682	1208	28	0	2	1209	78940	80147	0.0	2076.0
ECRM13516_RS28135	4	96.93700000000001	1208	37	0	2	1209	185132	186339	0.0	2026.0
ECRM12581_RS28550	3	97.529	1214	30	0	1	1214	2221	1008	0.0	2076.0
ECRM12581_RS28590	3	99.094	1214	11	0	1	1214	2221	1008	0.0	2182.0
KPNIH27_RS29150	35	97.139	3076	86	2	1	3075	11488	8414	0.0	5192.0
KPNIH27_RS29155	35	97.927	1254	26	0	1	1254	8362	7109	0.0	2172.0
ECNIH2_RS27665	35	95.0	140	7	0	1	140	7043	6904	1.94e-58	220.0
ECNIH2_RS24195	35	97.204	3076	84	2	1	3075	11488	8414	0.0	5203.0
ECNIH2_RS24200	35	98.15299999999999	1083	20	0	1	1083	12693	11611	0.0	1890.0
HR38_RS28125	35	97.139	3076	86	2	1	3075	11488	8414	0.0	5192.0
HR38_RS28595	35	98.006	1254	25	0	1	1254	8362	7109	0.0	2178.0
HR38_RS28600	35	96.0	3075	123	0	1	3075	11488	8414	0.0	4998.0
HR38_RS28605	35	95.845	1083	45	0	1	1083	12693	11611	0.0	1751.0
L960_RS25335	65	99.041	417	4	0	1	417	1728	2144	0.0	749.0
L960_RS25340	65	99.389	982	5	1	1	982	755	1735	0.0	1779.0
L960_RS25345	65	98.382	309	5	0	1	309	34	342	2.4099999999999994e-155	544.0
L960_RS28740	58	95.522	201	9	0	1	201	2324	2524	7.689999999999998e-89	322.0
L960_RS25420	58	96.29299999999999	998	36	1	36	1033	1187	2183	0.0	1637.0
L960_RS25660	3	95.14	1214	59	0	1	1214	2221	1008	0.0	1916.0
L960_RS25835	3	95.05799999999999	1214	60	0	1	1214	2221	1008	0.0	1910.0
L960_RS26065	58	99.291	282	2	0	1	282	3368	3649	2.2199999999999993e-145	510.0
L960_RS26070	58	97.40700000000001	270	7	0	1	270	3102	3371	2.1599999999999994e-130	460.0
L960_RS28885	58	96.212	132	5	0	1	132	2890	2759	2.3199999999999996e-57	217.0
L960_RS28925	58	95.455	132	6	0	1	132	2890	2759	1.08e-55	211.0
L960_RS28945	129	99.425	348	2	0	18	365	1	348	0.0	632.0
L960_RS29760	104	96.212	132	5	0	1	132	162	31	2.3199999999999996e-57	217.0
L960_RS26500	12	95.66	1175	51	0	1	1175	4234	5408	0.0	1888.0
L960_RS26585	3	95.305	1214	57	0	1	1214	2221	1008	0.0	1927.0
L960_RS26720	36	99.45700000000001	552	3	0	10	561	838	1389	0.0	1003.0
SS17_RS28870	3	99.39299999999999	989	6	0	1	989	1996	1008	0.0	1794.0
SS17_RS29150	33	96.898	806	25	0	1	806	7546	8351	0.0	1351.0
Q770_RS28540	33	99.919	1230	1	0	16	1245	19808	18579	0.0	2266.0
IZ85_RS23320	33	96.618	207	7	0	1	207	5206	5412	1.6999999999999996e-95	344.0
IZ85_RS23325	33	98.42200000000001	2154	34	0	1	2154	3056	5209	0.0	3790.0
ECR091_RS23295	35	98.086	1254	24	0	1	1254	8362	7109	0.0	2183.0
ECR091_RS23300	35	97.822	3076	65	2	1	3075	11488	8414	0.0	5308.0
ECR091_RS23305	35	99.169	1083	9	0	1	1083	12693	11611	0.0	1951.0
PSNIH1_RS19045	45	97.917	288	6	0	1	288	7664	7377	4.909999999999999e-142	499.0
PSNIH1_RS21810	36	97.484	159	4	0	1	159	922	1080	6.059999999999998e-74	272.0
ECONIH1_RS26890	58	96.241	133	5	0	1	133	171	303	6.63e-58	219.0
KPNIH29_RS29135	84	96.135	207	8	0	1	207	216	10	7.889999999999997e-94	339.0
W817_RS27950	3	95.62700000000001	343	15	0	15	357	1824	1482	1.6799999999999996e-157	551.0
HW42_RS28075	122	98.27600000000001	174	3	0	1	174	257	84	6.58e-84	305.0
HW42_RS24440	65	99.041	417	4	0	1	417	1728	2144	0.0	749.0
HW42_RS24445	65	99.38799999999999	981	6	0	1	981	755	1735	0.0	1779.0
HW42_RS24450	65	98.382	309	5	0	1	309	34	342	2.4099999999999994e-155	544.0
HW42_RS24455	62	99.38	645	4	0	1	645	2188	2832	0.0	1170.0
HW42_RS24465	62	97.38600000000001	306	8	0	1	306	895	1200	1.12e-148	521.0
HW42_RS24470	62	99.087	219	2	0	1	219	675	893	1.7699999999999994e-110	394.0
HW42_RS24600	58	100.0	279	0	0	1	279	3371	3649	4.7099999999999983e-147	516.0
HW42_RS24605	58	98.148	270	5	0	1	270	3102	3371	9.979999999999998e-134	472.0
HW43_RS24565	112	99.43	351	2	0	1	351	103	453	0.0	638.0
HW43_RS24575	65	98.801	417	5	0	1	417	1728	2144	0.0	743.0
HW43_RS24580	65	99.49	981	5	0	1	981	755	1735	0.0	1784.0
HW43_RS24600	62	97.059	306	9	0	1	306	895	1200	5.199999999999998e-147	516.0
HW43_RS24605	62	99.087	219	2	0	1	219	675	893	1.7699999999999994e-110	394.0
SS52_RS28425	3	95.14	1214	59	0	1	1214	2221	1008	0.0	1916.0
L282_RS25425	62	97.38600000000001	306	8	0	1	306	895	1200	1.12e-148	521.0
L282_RS25430	62	95.603	796	33	2	1	795	1201	1995	0.0	1275.0
L282_RS25800	6	97.71	393	8	1	1	392	4708	5100	0.0	675.0
L282_RS29320	58	98.81	168	2	0	1	168	3482	3649	2.939999999999999e-82	300.0
RR31_RS23630	62	97.059	306	9	0	1	306	895	1200	5.199999999999998e-147	516.0
RR31_RS24000	58	97.585	207	5	0	1	207	114	320	7.829999999999998e-99	355.0
RR31_RS27610	104	97.368	342	9	0	1	342	372	31	5.699999999999999e-167	582.0
RR31_RS24065	112	95.44200000000001	351	16	0	1	351	103	453	2.7399999999999996e-160	560.0
RR31_RS24095	58	96.899	258	8	0	1	258	604	861	4.479999999999999e-122	433.0
AC789_RS25480	58	99.64200000000001	279	1	0	1	279	3371	3649	2.189999999999999e-145	510.0
EC1303_RS24540	62	99.087	219	2	0	1	219	675	893	1.7699999999999994e-110	394.0
EC1303_RS24545	62	98.693	306	4	0	1	306	895	1200	2.3899999999999993e-155	544.0
EC1303_RS24865	56	95.588	204	9	0	1	204	333	536	1.6799999999999995e-90	327.0
EC1303_RS24945	45	95.302	149	7	0	1	149	7305	7157	2.16e-63	237.0
EC1303_RS24945	9	95.302	149	7	0	1	149	176679	176827	2.16e-63	237.0
E1470_RS23825	58	95.556	270	12	0	1	270	3102	3371	4.709999999999999e-122	433.0
E1470_RS23950	36	98.777	654	8	0	1	654	29003	28350	0.0	1164.0
E1470_RS27330	36	95.61399999999999	798	22	1	1	785	28350	27553	0.0	1267.0
E1470_RS24380	58	98.667	150	2	0	1	150	171	320	2.6399999999999995e-72	267.0
SY51_RS25370	33	100.0	504	0	0	1	504	21078	21581	0.0	931.0
SY51_RS25375	33	98.78	1230	15	0	1	1230	21585	22814	0.0	2189.0
SY51_RS25380	33	100.0	294	0	0	1	294	22891	23184	2.2899999999999996e-155	544.0
SY51_RS25390	33	99.839	621	1	0	1	621	23753	24373	0.0	1142.0
SY51_RS25400	33	99.054	2748	26	0	1	2748	24732	27479	0.0	4931.0
SY51_RS25410	33	100.0	900	0	0	1	900	31631	32530	0.0	1663.0
SY51_RS25415	33	99.90299999999999	1029	1	0	1	1029	32532	33560	0.0	1895.0
SY51_RS31660	33	96.405	306	1	1	1	296	483	788	6.539999999999998e-141	496.0
SY51_RS25435	33	99.676	309	1	0	1	309	1151	1459	5.149999999999998e-162	566.0
SY51_RS25440	33	95.152	495	24	0	1	495	1456	1950	0.0	782.0
SY51_RS25460	33	99.82600000000001	576	1	0	1	576	2476	3051	0.0	1059.0
SY51_RS25465	33	99.62899999999999	2154	8	0	1	2154	3056	5209	0.0	3934.0
SY51_RS25485	33	99.758	825	2	0	1	825	7546	8370	0.0	1513.0
SY51_RS25495	33	100.0	303	0	0	1	303	9228	9530	2.339999999999999e-160	560.0
SY51_RS25500	33	100.0	252	0	0	1	252	9566	9817	4.3099999999999985e-132	466.0
SY51_RS25510	33	99.432	528	3	0	1	528	10928	10401	0.0	959.0
SY51_RS25515	33	95.56700000000001	406	16	2	1	405	11467	11063	0.0	649.0
SY51_RS30770	33	99.419	516	3	0	1	516	13761	14276	0.0	937.0
SY51_RS31690	45	100.0	150	0	0	1	150	9354	9205	1.2199999999999997e-75	278.0
SY51_RS30505	3	95.135	740	36	0	1	740	2221	1482	0.0	1168.0
BN49_RS00865	6	96.275	510	19	0	1	510	4708	5217	0.0	837.0
BN49_RS01115	35	95.75299999999999	1083	46	0	1	1083	12693	11611	0.0	1746.0
BN49_RS01120	35	97.139	3076	86	2	1	3075	11488	8414	0.0	5192.0
ECVR50_RS29645	58	97.29700000000001	111	3	0	1	111	3371	3481	4.1100000000000004e-49	189.0
ECVR50_RS25435	58	95.926	270	11	0	1	270	3102	3371	1.0099999999999999e-123	438.0
ECVR50_RS25505	36	98.413	630	10	0	1	630	28350	27721	0.0	1109.0
ECVR50_RS25520	36	99.415	171	1	0	1	171	27723	27553	1.3899999999999999e-85	311.0
ECVR50_RS25665	62	95.729	796	32	2	1	795	1201	1995	0.0	1280.0
ECVR50_RS25735	36	98.62200000000001	798	11	0	1	798	28350	27553	0.0	1413.0
ECVR50_RS26025	36	99.206	252	2	0	1	252	221	472	9.319999999999998e-129	455.0
VK74_RS29375	104	96.23700000000001	186	7	0	1	186	216	31	7.099999999999997e-84	305.0
VK74_RS24715	36	98.48	329	5	0	1	329	221	549	1.9699999999999994e-166	580.0
kpn23412_RS26315	35	97.89399999999999	1092	23	0	1	1092	12702	11611	0.0	1890.0
kpn23412_RS26320	35	96.098	3075	105	1	1	3060	11488	8414	0.0	5000.0
kpn23412_RS26325	35	97.368	1254	33	0	1	1254	8362	7109	0.0	2134.0
kpn23412_RS28060	33	100.0	279	0	0	1	279	18857	18579	4.7099999999999983e-147	516.0
AAF13_RS27295	33	99.056	1271	1	11	1	1268	19841	18579	0.0	2270.0
AAF13_RS27455	58	96.04	1010	24	15	36	1042	1187	2183	0.0	1629.0
SE14_RS24915	1	97.094	1652	48	0	1	1652	140902	142553	0.0	2785.0
SE14_RS24460	36	99.40899999999999	846	5	0	1	846	544	1389	0.0	1535.0
SE14_RS25350	33	98.561	2154	31	0	1	2154	3056	5209	0.0	3807.0
AA102_RS25085	3	95.098	612	30	0	1	612	1619	1008	0.0	965.0
AA102_RS25290	62	96.07799999999999	306	12	0	1	306	895	1200	5.2399999999999986e-142	499.0
AA102_RS31890	58	97.006	167	4	1	1	166	3371	3537	3.879999999999999e-76	279.0
AA102_RS25670	36	98.566	279	4	0	1	279	28350	28072	2.3099999999999996e-140	494.0
AA102_RS25685	36	97.881	519	11	0	1	519	28071	27553	0.0	898.0
AA102_RS25825	36	99.572	1169	5	0	1	1169	221	1389	0.0	2132.0
AA102_RS26340	65	99.49	981	5	0	1	981	755	1735	0.0	1784.0
AA102_RS26345	65	98.382	309	5	0	1	309	34	342	2.4099999999999994e-155	544.0
AA102_RS26350	62	99.225	645	5	0	1	645	2188	2832	0.0	1164.0
AA102_RS26355	62	96.23200000000001	690	26	0	1	690	1318	2007	0.0	1131.0
AA102_RS32375	56	99.51	204	1	0	1	204	333	536	7.649999999999999e-104	372.0
AA102_RS26960	92	95.329	471	22	0	4	474	513	43	0.0	749.0
AA102_RS27300	58	98.667	150	2	0	1	150	171	320	2.6399999999999995e-72	267.0
SF2A_RS26095	36	98.678	983	13	0	1	983	221	1203	0.0	1744.0
AB181_RS01885	35	98.441	513	8	0	1	513	12693	12181	0.0	904.0
AB182_RS01845	35	95.845	1083	45	0	1	1083	12693	11611	0.0	1751.0
AB182_RS01850	35	95.96700000000001	3075	124	0	1	3075	11488	8414	0.0	4992.0
AB182_RS01855	35	98.006	1254	25	0	1	1254	8362	7109	0.0	2178.0
AB186_RS02615	35	97.17200000000001	3076	85	2	1	3075	11488	8414	0.0	5197.0
AB186_RS31530	179	97.6	125	3	0	1	125	138	14	7.899999999999999e-57	215.0
PCN061_RS23530	58	98.925	279	3	0	1	279	3371	3649	4.7399999999999985e-142	499.0
AA953_RS23450	58	98.667	150	2	0	1	150	171	320	2.6399999999999995e-72	267.0
ALC23_RS25085	23	98.57700000000001	281	4	0	1	281	35512	35792	1.7299999999999996e-141	497.0
AN203_RS25725	58	96.97	198	6	0	1	198	3174	3371	3.4899999999999995e-92	333.0
AN206_RS26550	58	97.67399999999999	258	6	0	1	258	604	861	2.0699999999999993e-125	444.0
AN206_RS26690	33	98.73299999999999	1263	1	6	1	1248	19841	18579	0.0	2230.0
AN206_RS27140	65	99.38799999999999	981	6	0	1	981	755	1735	0.0	1779.0
AN206_RS27145	65	98.382	309	5	0	1	309	34	342	2.4099999999999994e-155	544.0
AN205_RS25405	58	98.932	281	3	0	1	281	3368	3648	3.709999999999999e-143	503.0
SE15cs_RS24185	58	96.296	270	10	0	1	270	3102	3371	2.1799999999999997e-125	444.0
SE15cs_RS26485	58	98.925	279	3	0	1	279	3371	3649	4.7399999999999985e-142	499.0
SE15cs_RS24190	76	95.87299999999999	848	35	0	1	848	883	36	0.0	1373.0
SE15cs_RS24205	76	98.087	366	7	0	1	366	1320	955	0.0	638.0
SE15cs_RS26610	58	98.0	150	3	0	1	150	171	320	1.2299999999999999e-70	261.0
FORC7_RS00435	33	95.652	207	9	0	1	207	5206	5412	3.6699999999999993e-92	333.0
FORC7_RS00440	33	96.89	2154	67	0	1	2154	3056	5209	0.0	3607.0
ARA94_RS24375	58	96.48899999999999	997	35	0	36	1032	1187	2183	0.0	1648.0
ARA94_RS24450	65	99.49	981	5	0	1	981	755	1735	0.0	1784.0
AKK22_RS00025	54	95.62	822	36	0	1	822	357	1178	0.0	1319.0
AKK22_RS00400	84	95.96	396	16	0	1	396	405	10	0.0	643.0
AKK22_RS30600	122	97.89	237	5	0	1	237	320	84	1.91e-115	411.0
MJ49_RS27010	3	95.96	198	8	0	4	201	1679	1482	7.689999999999998e-89	322.0
MJ49_RS30320	56	96.07799999999999	204	8	0	1	204	333	536	3.609999999999999e-92	333.0
MJ49_RS27570	58	97.037	270	8	0	1	270	3102	3371	9.999999999999997e-129	455.0
MJ49_RS27575	58	99.291	282	2	0	1	282	3368	3649	2.2199999999999993e-145	510.0
MJ49_RS27785	3	95.14	1214	59	0	1	1214	2221	1008	0.0	1916.0
MJ49_RS27815	91	100.0	261	0	0	1	261	869	609	4.44e-137	483.0
MJ49_RS33305	104	96.685	181	4	2	1	180	587	408	3.179999999999999e-82	300.0
APS46_RS23285	62	96.53	807	28	0	1	807	1201	2007	0.0	1336.0
MS6671_RS27765	35	95.96700000000001	3075	109	1	1	3060	11488	8414	0.0	4977.0
MS6671_RS27770	35	96.12200000000001	1083	42	0	1	1083	12693	11611	0.0	1768.0
MS6671_RS27845	35	97.84899999999999	1255	26	1	1	1255	8362	7109	0.0	2167.0
MS6671_RS27850	35	96.976	3075	93	0	1	3075	11488	8414	0.0	5164.0
MS6671_RS27855	35	97.507	1083	27	0	1	1083	12693	11611	0.0	1851.0
AQD68_RS28045	35	97.17200000000001	3076	85	2	1	3075	11488	8414	0.0	5197.0
AQD68_RS28050	35	97.969	1083	22	0	1	1083	12693	11611	0.0	1879.0
AT698_RS17960	74	97.602	1543	35	2	1	1542	1552	11	0.0	2643.0
AT698_RS18020	34	97.70100000000001	348	8	0	1	348	20261	20608	5.759999999999998e-172	599.0
AT698_RS18035	34	96.38600000000001	249	9	0	1	249	18606	18854	2.0199999999999999e-115	411.0
AT698_RS18115	34	96.978	364	9	2	1	363	9310	8948	2.779999999999999e-175	610.0
AT698_RS18425	15	95.699	186	8	0	1	186	39167	38982	3.2999999999999996e-82	300.0
AT698_RS19665	2	98.37	184	3	0	1	184	262088	261905	1.94e-89	324.0
AT698_RS20455	2	99.074	216	2	0	1	216	82669	82454	8.099999999999999e-109	388.0
AT698_RS20750	2	98.93299999999999	375	2	2	1	373	23369	23743	0.0	669.0
AT698_RS20975	24	95.238	294	14	0	1	294	36135	36428	5.089999999999999e-132	466.0
AT698_RS21010	24	97.436	312	8	0	1	312	41651	41340	5.269999999999998e-152	532.0
AT698_RS21215	26	97.71	393	9	0	1	393	12042	11650	0.0	676.0
AT698_RS21220	26	99.301	429	3	0	1	429	12486	12058	0.0	776.0
AT698_RS21425	26	98.316	297	5	0	1	297	45580	45876	1.0799999999999997e-148	521.0
AT698_RS21465	138	100.0	116	0	0	1	116	228	113	7.159999999999999e-57	215.0
AT698_RS21465	70	99.115	113	1	0	2	114	122	10	1.55e-53	204.0
AT698_RS21475	70	100.0	116	0	0	1	116	123	8	7.159999999999999e-57	215.0
AT698_RS21475	138	99.115	113	1	0	2	114	227	115	1.55e-53	204.0
AT698_RS21485	138	99.115	113	1	0	2	114	227	115	1.55e-53	204.0
AT698_RS21485	70	98.27600000000001	116	2	0	1	116	123	8	1.55e-53	204.0
AT698_RS22165	74	97.28	1544	38	4	1	1542	1552	11	0.0	2615.0
AT698_RS22650	74	97.28	1544	38	4	1	1542	1552	11	0.0	2615.0
AT698_RS22715	30	98.31200000000001	1185	20	0	1	1185	37341	36157	0.0	2078.0
AT698_RS22715	6	97.889	1184	25	0	2	1185	27240	26057	0.0	2049.0
AT698_RS22730	30	95.338	429	20	0	1	429	34838	34410	0.0	682.0
AT698_RS22740	30	97.39	498	13	0	1	498	33289	32792	0.0	848.0
AT698_RS22745	30	96.995	366	11	0	1	366	32725	32360	6.039999999999998e-177	616.0
AT698_RS22830	30	95.238	273	13	0	1	273	7535	7263	4.7699999999999995e-122	433.0
AT698_RS22865	74	97.991	1543	29	2	1	1542	1552	11	0.0	2676.0
FH07_RS25045	62	97.059	306	9	0	1	306	895	1200	5.199999999999998e-147	516.0
AVR68_RS26800	58	98.667	150	2	0	1	150	171	320	2.6399999999999995e-72	267.0
FORC11_RS26870	58	97.79299999999999	997	22	0	36	1032	1187	2183	0.0	1720.0
AWN66_RS26685	33	99.885	870	1	0	1	870	19841	18972	0.0	1602.0
AWN66_RS28760	33	100.0	243	0	0	1	243	18821	18579	4.169999999999999e-127	449.0
AWB62_RS28080	36	96.726	336	11	0	1	336	28350	28015	2.6199999999999992e-160	560.0
AWB62_RS25005	36	98.219	786	14	0	1	786	29135	28350	0.0	1375.0
AWB62_RS29000	3	95.27	740	35	0	1	740	2221	1482	0.0	1173.0
KOJKO3_RS28830	35	97.23700000000001	3076	83	2	1	3075	11488	8414	0.0	5208.0
AL477_RS26265	58	97.163	141	4	0	1	141	2890	2750	5.3499999999999986e-64	239.0
AL477_RS29495	58	97.015	201	6	0	1	201	2324	2524	7.629999999999999e-94	339.0
AL477_RS00345	58	97.693	997	23	0	36	1032	1187	2183	0.0	1714.0
DHB4_RS22555	27	99.089	768	7	0	1	768	48657	49424	0.0	1380.0
DHB4_RS22560	27	99.055	741	7	0	1	741	50135	49395	0.0	1330.0
DHB4_RS22565	27	99.28299999999999	279	2	0	1	279	50569	50291	1.0199999999999998e-143	505.0
DHB4_RS22570	27	99.234	261	2	0	1	261	50832	50572	9.619999999999998e-134	472.0
DHB4_RS22585	37	95.152	1712	83	0	1	1712	2861	1150	0.0	2702.0
DHB4_RS22590	37	96.947	786	24	0	1	786	2833	3618	0.0	1319.0
DHB4_RS22595	37	98.295	1056	18	0	1	1056	3689	4744	0.0	1851.0
DHB4_RS22610	37	98.675	453	6	0	1	453	4741	5193	0.0	804.0
DHB4_RS22615	37	99.04299999999999	209	0	1	1	207	5439	5647	2.1599999999999996e-104	374.0
DHB4_RS22625	37	98.354	1458	24	0	1	1458	7489	6032	0.0	2560.0
DHB4_RS22630	37	99.346	459	3	0	1	459	7750	8208	0.0	832.0
DHB4_RS22635	37	99.51799999999999	1245	6	0	1	1245	8300	9544	0.0	2266.0
DHB4_RS22640	37	98.507	402	6	0	1	402	9602	10003	0.0	710.0
DHB4_RS22645	37	98.76899999999999	1056	13	0	1	1056	11097	10042	0.0	1879.0
DHB4_RS22650	37	99.094	1104	10	0	1	1104	11385	12488	0.0	1984.0
DHB4_RS22655	37	98.24600000000001	1254	22	0	1	1254	12500	13753	0.0	2194.0
DHB4_RS23610	31	98.821	933	11	0	1	933	10987	10055	0.0	1663.0
DHB4_RS23615	31	98.193	498	9	0	1	498	11576	11079	0.0	870.0
DHB4_RS23620	31	99.01	606	6	0	1	606	11834	12439	0.0	1086.0
DHB4_RS23625	31	98.38	864	14	0	1	864	12479	13342	0.0	1519.0
DHB4_RS23630	31	97.15799999999999	1548	44	0	1	1548	13332	14879	0.0	2615.0
DHB4_RS23635	31	97.956	1419	29	0	1	1419	14879	16297	0.0	2460.0
DHB4_RS23640	31	96.97	297	8	1	2	297	16348	16644	1.8199999999999995e-141	497.0
DHB4_RS23645	31	95.584	951	42	0	1	951	16720	17670	0.0	1524.0
DHB4_RS23650	31	96.963	1383	42	0	1	1383	17680	19062	0.0	2322.0
DHB4_RS23655	31	99.333	1050	7	0	1	1050	24545	25594	0.0	1901.0
DHB4_RS23660	31	99.265	816	6	0	1	816	25837	26652	0.0	1474.0
DHB4_RS23665	31	98.374	246	4	0	1	246	27065	27310	4.2499999999999995e-122	433.0
DHB4_RS23670	31	98.81	672	8	0	1	672	27998	27327	0.0	1197.0
DHB4_RS23675	31	97.464	276	7	0	1	276	28145	28420	1.0199999999999996e-133	472.0
DHB4_RS23680	31	97.54299999999999	1587	39	0	1	1587	30107	28521	0.0	2715.0
DHB4_RS23685	31	96.40899999999999	891	32	0	1	891	30346	31236	0.0	1469.0
DHB4_RS23690	31	97.265	1170	32	0	1	1170	31396	32565	0.0	1984.0
DHB4_RS23695	31	98.34700000000001	1452	24	0	1	1452	32599	34050	0.0	2549.0
DHB4_RS23700	31	97.87899999999999	1886	40	0	1	1886	34090	35975	0.0	3262.0
DHB4_RS23705	35	98.333	1260	21	0	1	1260	308	1567	0.0	2211.0
DHB4_RS23710	35	98.988	1284	13	0	1	1284	1557	2840	0.0	2300.0
DHB4_RS23715	35	98.331	899	15	0	1	899	3872	2974	0.0	1578.0
DHB4_RS23720	35	99.39399999999999	660	4	0	1	660	3982	4641	0.0	1197.0
DHB4_RS23725	35	97.45200000000001	471	12	0	1	471	4672	5142	0.0	804.0
DHB4_RS23730	35	97.40299999999999	1155	30	0	1	1155	5175	6329	0.0	1967.0
DHB4_RS23735	35	97.545	611	15	0	2	612	7042	6432	0.0	1046.0
DHB4_RS23740	35	98.72399999999999	1254	16	0	1	1254	8362	7109	0.0	2228.0
DHB4_RS23745	35	97.10700000000001	3076	87	2	1	3075	11488	8414	0.0	5186.0
DHB4_RS23750	35	98.523	1083	16	0	1	1083	12693	11611	0.0	1912.0
DHB4_RS23755	35	98.434	830	13	0	1	830	15427	14598	0.0	1461.0
DHB4_RS23760	35	99.039	1665	16	0	1	1665	15618	17282	0.0	2987.0
DHB4_RS23765	35	99.15299999999999	945	8	0	1	945	17284	18228	0.0	1701.0
DHB4_RS23770	35	99.07700000000001	867	8	0	1	867	18246	19112	0.0	1557.0
DHB4_RS23775	35	97.654	810	19	0	1	810	19122	19931	0.0	1391.0
DHB4_RS23780	35	97.68700000000001	951	22	0	1	951	19928	20878	0.0	1635.0
DHB4_RS23785	35	97.633	1014	24	0	1	1014	20875	21888	0.0	1740.0
DHB4_RS23790	35	98.68	1212	16	0	1	1212	22264	23475	0.0	2150.0
DHB4_RS23795	35	98.889	540	6	0	1	540	23577	24116	0.0	965.0
AVR74_RS25890	42	98.198	333	6	0	1	333	18062	18394	5.539999999999998e-167	582.0
AVR74_RS25895	42	96.97	1320	40	0	1	1320	16733	18052	0.0	2217.0
AVR74_RS25905	42	99.03399999999999	207	2	0	1	207	4053	4259	7.779999999999998e-104	372.0
AVR74_RS25910	42	97.56	1926	47	0	1	1926	2131	4056	0.0	3297.0
AVR75_RS24490	58	97.59299999999999	997	23	1	36	1031	1187	2183	0.0	1707.0
AVR75_RS27800	58	97.14299999999999	140	4	0	1	140	2889	3028	1.9299999999999997e-63	237.0
AOT98_RS00005	5	97.75399999999999	2271	43	8	1	2267	30309	32575	0.0	3904.0
AOT98_RS00015	5	99.23	1558	8	4	1	1555	30051	28495	0.0	2808.0
AOT98_RS00020	5	97.024	504	15	0	1	504	27995	28498	0.0	848.0
AOT98_RS00025	5	96.226	636	23	1	1	635	27302	27937	0.0	1040.0
AOT98_RS00030	5	98.822	849	10	0	1	849	27093	26245	0.0	1513.0
AOT98_RS00080	18	97.083	240	6	1	13	252	51653	51891	3.419999999999999e-113	403.0
AOT98_RS00100	18	97.59299999999999	457	7	1	1	457	51889	52341	0.0	780.0
AOT98_RS00105	18	100.0	108	0	0	1	108	52401	52508	1.8399999999999997e-52	200.0
AOT98_RS00110	18	97.131	732	20	1	1	731	53220	52489	0.0	1234.0
AOT98_RS00115	18	97.95	927	19	0	1	927	54151	53225	0.0	1607.0
AOT98_RS29555	18	97.927	1158	22	2	1	1156	55301	54144	0.0	2004.0
AOT98_RS00125	18	95.098	918	45	0	1	918	56225	55308	0.0	1447.0
AOT98_RS29925	18	97.21600000000001	2299	57	7	1	2293	58774	56477	0.0	3884.0
AOT98_RS00135	18	97.588	1700	36	5	1	1698	58989	60685	0.0	2907.0
AOT98_RS00140	18	98.501	934	11	3	1	932	61656	60724	0.0	1644.0
AOT98_RS00280	37	99.64299999999999	1119	4	0	1	1119	15076	13958	0.0	2045.0
AOT98_RS29985	37	95.44200000000001	351	16	0	1	351	15348	14998	2.7399999999999996e-160	560.0
AOT98_RS00575	33	98.60700000000001	2154	30	0	1	2154	3056	5209	0.0	3812.0
AOT98_RS26145	33	97.368	228	3	3	1	226	3056	3282	1.1099999999999998e-107	385.0
AOT98_RS25955	37	98.804	1254	15	0	1	1254	12500	13753	0.0	2233.0
AOT98_RS25960	37	99.094	1104	10	0	1	1104	11385	12488	0.0	1984.0
AOT98_RS25970	37	97.727	1056	24	0	1	1056	11097	10042	0.0	1818.0
AOT98_RS25975	37	98.01	402	8	0	1	402	9602	10003	0.0	699.0
AOT98_RS25980	37	98.23299999999999	1245	22	0	1	1245	8300	9544	0.0	2178.0
AOT98_RS25985	37	99.12899999999999	459	3	1	1	458	7750	8208	0.0	824.0
AOT98_RS25990	37	98.90299999999999	1458	16	0	1	1458	7489	6032	0.0	2604.0
AOT98_RS26005	37	96.46799999999999	453	16	0	1	453	4741	5193	0.0	749.0
AOT98_RS26020	37	97.822	1056	22	1	1	1055	3689	4744	0.0	1821.0
AOT98_RS26025	37	97.32799999999999	786	18	3	1	783	2833	3618	0.0	1332.0
AOT98_RS26030	37	95.448	1428	64	1	1	1427	2861	1434	0.0	2276.0
AD867_RS25900	36	98.779	983	12	0	1	983	221	1203	0.0	1749.0
AX202_RS26965	58	98.667	150	2	0	1	150	171	320	2.6399999999999995e-72	267.0
AVR78_RS27490	35	97.927	1254	26	0	1	1254	8362	7109	0.0	2172.0
AVR78_RS28790	35	97.10799999999999	3077	86	3	1	3076	11488	8414	0.0	5186.0
AVR78_RS27505	35	97.788	1085	22	2	1	1085	12693	11611	0.0	1869.0
A0256_RS00010	35	97.976	1087	18	3	1	1087	12693	11611	0.0	1882.0
Y979_RS26635	58	96.296	270	10	0	1	270	3102	3371	2.1799999999999997e-125	444.0
Y979_RS26640	58	98.58200000000001	282	4	0	1	282	3368	3649	4.799999999999998e-142	499.0
Y979_RS27200	58	98.068	207	4	0	1	207	114	320	1.6799999999999994e-100	361.0
Y979_RS25630	3	95.13799999999999	1193	58	0	17	1209	78955	80147	0.0	1882.0
Y979_RS25630	4	95.054	1193	59	0	17	1209	185147	186339	0.0	1877.0
AR439_RS00275	3	95.05799999999999	1214	60	0	1	1214	2221	1008	0.0	1910.0
AR439_RS00490	3	95.564	1082	48	0	7	1088	2089	1008	0.0	1733.0
AR439_RS00500	3	95.05799999999999	1214	60	0	1	1214	2221	1008	0.0	1910.0
A4X18_RS26845	33	99.54299999999999	876	4	0	1	876	18329	17454	0.0	1596.0
A4R39_RS28685	3	95.135	740	36	0	1	740	2221	1482	0.0	1168.0
AW49_RS25110	58	97.79299999999999	997	22	0	36	1032	1187	2183	0.0	1720.0
AX04_RS25855	58	97.727	132	3	0	1	132	2890	2759	1.07e-60	228.0
AX04_RS26390	58	96.02	201	8	0	1	201	2324	2524	1.6499999999999996e-90	327.0
AX04_RS24235	62	96.368	771	28	0	1	771	1237	2007	0.0	1269.0
AX01_RS24200	58	97.492	997	25	0	36	1032	1187	2183	0.0	1703.0
AX01_RS25505	33	97.539	2154	53	0	1	2154	3056	5209	0.0	3685.0
AX01_RS25510	33	95.486	576	26	0	1	576	2476	3051	0.0	920.0
UQ48_RS25390	33	100.0	312	0	0	1	312	6672	6983	2.3999999999999993e-165	577.0
UQ48_RS22425	33	99.76899999999999	867	2	0	1	867	7504	8370	0.0	1591.0
UQ48_RS22450	33	100.0	528	0	0	1	528	10928	10401	0.0	976.0
UQ48_RS22460	33	100.0	867	0	0	1	867	12346	11480	0.0	1602.0
UQ48_RS22490	33	99.715	351	1	0	1	351	16229	16579	0.0	643.0
UQ48_RS22510	33	100.0	1230	0	0	1	1230	21585	22814	0.0	2272.0
UQ48_RS22535	33	100.0	2748	0	0	1	2748	24732	27479	0.0	5075.0
UQ48_RS22540	33	100.0	717	0	0	1	717	27491	28207	0.0	1325.0
UQ48_RS22545	33	100.0	1095	0	0	1	1095	28219	29313	0.0	2023.0
UQ48_RS22565	33	100.0	909	0	0	1	909	30511	31419	0.0	1679.0
UQ48_RS22575	33	100.0	1029	0	0	1	1029	32532	33560	0.0	1901.0
UQ48_RS22580	33	99.944	1800	1	0	1	1800	33547	35346	0.0	3319.0
UQ48_RS22620	33	99.721	2154	6	0	1	2154	3056	5209	0.0	3945.0
UQ48_RS22630	33	99.785	465	1	0	1	465	5428	5892	0.0	854.0
A5956_RS00210	58	98.667	150	2	0	1	150	171	320	2.6399999999999995e-72	267.0
A5956_RS27925	56	99.51	204	1	0	1	204	333	536	7.649999999999999e-104	372.0
A5955_RS27415	58	97.509	281	7	0	1	281	3368	3648	1.7399999999999994e-136	481.0
A7P63_RS24195	33	99.429	876	5	0	1	876	18329	17454	0.0	1591.0
A7P63_RS26120	33	100.0	191	0	0	2	192	18769	18579	2.5899999999999992e-98	353.0
A8V30_RS30675	3	99.697	989	3	0	1	989	1996	1008	0.0	1810.0
A8V30_RS30705	76	96.744	215	7	0	1	215	352	138	6.349999999999998e-100	359.0
A8V32_RS31145	33	96.65	806	27	0	1	806	7546	8351	0.0	1339.0
A8V32_RS31150	33	95.223	649	31	0	1	649	8475	9123	0.0	1027.0
A9K64_RS25475	58	98.936	282	3	0	1	282	3368	3649	1.0299999999999998e-143	505.0
A9K64_RS25480	58	95.185	270	13	0	1	270	3102	3371	2.1899999999999995e-120	427.0
A9Z04_RS24485	33	97.03	303	9	0	1	303	9228	9530	2.389999999999999e-145	510.0
A9Z04_RS24590	33	99.51700000000001	621	3	0	1	621	23753	24373	0.0	1131.0
A9Z04_RS24595	33	98.90100000000001	273	3	0	1	273	24441	24713	9.999999999999998e-139	488.0
A9Z04_RS24610	33	98.765	1539	19	0	1	1539	33808	35346	0.0	2737.0
A9Z04_RS24615	33	98.81	420	5	0	1	420	80	499	0.0	749.0
A9Z04_RS24660	33	95.486	576	26	0	1	576	2476	3051	0.0	920.0
A9Z04_RS24665	33	97.307	2154	58	0	1	2154	3056	5209	0.0	3657.0
A9Z04_RS24685	33	98.90899999999999	825	9	0	1	825	7546	8370	0.0	1474.0
A9Z04_RS24690	33	99.085	656	6	0	1	656	8475	9130	0.0	1179.0
A9Z04_RS24695	33	99.01	303	3	0	1	303	9228	9530	2.3599999999999996e-155	544.0
WM91_RS28825	84	96.92299999999999	195	6	0	1	195	204	10	1.5999999999999998e-90	327.0
WM91_RS27215	35	98.338	1083	18	0	1	1083	12693	11611	0.0	1901.0
WM91_RS27220	35	96.84700000000001	3076	95	2	1	3075	11488	8414	0.0	5142.0
WM91_RS27225	35	97.84700000000001	1254	27	0	1	1254	8362	7109	0.0	2167.0
WM92_RS27230	35	95.75299999999999	1083	46	0	1	1083	12693	11611	0.0	1746.0
WM92_RS27235	35	97.10700000000001	3076	87	2	1	3075	11488	8414	0.0	5186.0
WM92_RS27240	35	97.927	1254	26	0	1	1254	8362	7109	0.0	2172.0
WM90_RS26495	65	99.286	981	7	0	1	981	755	1735	0.0	1773.0
WM90_RS26505	62	99.38	645	4	0	1	645	2188	2832	0.0	1170.0
WM48_RS25200	3	96.08200000000001	536	21	0	1	536	2017	1482	0.0	874.0
WM48_RS29485	3	95.25299999999999	653	31	0	4	656	2134	1482	0.0	1035.0
GJ11_RS00805	36	98.706	309	4	0	1	309	1081	1389	5.1799999999999985e-157	549.0
GJ11_RS00860	104	97.324	411	11	0	4	414	441	31	0.0	699.0
GJ11_RS00985	58	97.163	282	8	0	1	282	3368	3649	2.2499999999999993e-135	477.0
GJ11_RS01040	36	98.883	179	2	0	2	180	1211	1389	2.4399999999999995e-88	320.0
GJ11_RS01080	62	96.73200000000001	306	10	0	1	306	895	1200	2.4199999999999995e-145	510.0
GJ11_RS01090	62	99.07	645	6	0	1	645	2188	2832	0.0	1158.0
GJ11_RS01095	65	98.05799999999999	309	6	0	1	309	34	342	1.1199999999999995e-153	538.0
GJ11_RS01100	65	99.185	981	8	0	1	981	755	1735	0.0	1768.0
GJ11_RS01105	65	99.041	417	4	0	1	417	1728	2144	0.0	749.0
GJ11_RS01550	58	98.0	150	3	0	1	150	171	320	1.2299999999999999e-70	261.0
GJ11_RS01805	36	98.917	1200	11	2	1	1198	190	1389	0.0	2143.0
GJ11_RS01900	112	99.715	351	1	0	1	351	103	453	0.0	643.0
GJ11_RS01945	36	98.684	684	7	2	1	683	398	1080	0.0	1212.0
GJ12_RS00180	61	100.0	135	0	0	1	135	3199	3065	2.3499999999999997e-67	250.0
GJ12_RS00185	102	98.988	494	4	1	2	495	516	24	0.0	883.0
GJ12_RS00235	58	96.0	150	6	0	1	150	171	320	1.2399999999999997e-65	244.0
GJ12_RS00675	65	99.281	417	3	0	1	417	1728	2144	0.0	754.0
GJ12_RS00685	65	98.05799999999999	309	6	0	1	309	34	342	1.1199999999999995e-153	538.0
GJ12_RS30945	36	98.851	174	2	0	1	174	1216	1389	1.4099999999999997e-85	311.0
GJ12_RS28295	58	96.37700000000001	138	5	0	1	138	3512	3649	1.13e-60	228.0
GJ12_RS00885	104	97.094	413	10	2	4	416	441	31	0.0	695.0
GJ12_RS01045	36	99.029	309	3	0	1	309	1081	1389	1.1099999999999997e-158	555.0
GJ12_RS31030	3	95.79899999999999	1214	47	3	1	1210	2221	1008	0.0	1956.0
CP48_RS30990	36	98.667	600	8	0	1	600	28350	27751	0.0	1064.0
CP48_RS00135	7	96.139	777	30	0	1	777	76215	75439	0.0	1269.0
CP48_RS00400	3	95.881	1214	48	2	1	1212	2221	1008	0.0	1964.0
CP48_RS00545	92	97.119	243	7	0	1	243	285	43	1.9699999999999995e-115	411.0
CP48_RS00545	3	97.119	243	7	0	1	243	1250	1008	1.9699999999999995e-115	411.0
CP48_RS27955	36	95.238	441	9	1	1	429	30655	30215	0.0	688.0
CP48_RS30175	36	99.185	859	7	0	1	859	221	1079	0.0	1548.0
CP48_RS30180	36	99.275	276	2	0	1	276	1081	1356	4.6899999999999986e-142	499.0
CP48_RS00605	76	96.333	300	11	0	1	300	955	656	2.3899999999999995e-140	494.0
CP48_RS00610	76	95.08200000000001	366	18	0	1	366	1320	955	2.849999999999999e-165	577.0
CP48_RS00755	3	95.964	1214	48	1	1	1213	2221	1008	0.0	1969.0
CP48_RS00770	65	98.801	417	5	0	1	417	1728	2144	0.0	743.0
CP48_RS00775	65	99.083	981	9	0	1	981	755	1735	0.0	1762.0
CP48_RS00780	65	98.05799999999999	309	6	0	1	309	34	342	1.1199999999999995e-153	538.0
CP48_RS00785	62	99.061	639	6	0	1	639	2188	2826	0.0	1147.0
CP48_RS31100	36	98.27600000000001	174	3	0	1	174	1216	1389	6.58e-84	305.0
CP48_RS28060	58	96.37700000000001	138	5	0	1	138	3512	3649	1.13e-60	228.0
CP48_RS00980	104	96.837	411	13	0	4	414	441	31	0.0	688.0
A9C00_RS24905	3	95.199	1208	58	0	2	1209	78940	80147	0.0	1910.0
A9C00_RS24940	33	95.58	543	24	0	1	543	14381	14923	0.0	870.0
A9C00_RS26310	36	97.495	479	12	0	11	489	911	1389	0.0	819.0
A9C00_RS27010	65	99.59200000000001	981	4	0	1	981	755	1735	0.0	1790.0
BAU00_RS23280	62	97.712	306	7	0	1	306	895	1200	2.3999999999999993e-150	527.0
BAT52_RS25130	33	100.0	168	0	0	1	168	18746	18579	1.3599999999999997e-85	311.0
BAT93_RS24415	33	98.236	2154	38	0	1	2154	3056	5209	0.0	3768.0
BB344_RS29445	92	96.0	150	6	0	1	150	192	43	1.2399999999999997e-65	244.0
BB344_RS29445	3	95.333	150	7	0	1	150	1157	1008	5.749999999999999e-64	239.0
BB344_RS30045	77	96.36399999999999	110	4	0	5	114	148	39	7.109999999999999e-47	182.0
BB344_RS30050	3	95.0	740	37	0	1	740	2221	1482	0.0	1162.0
BB405_RS26165	3	95.281	1208	57	0	2	1209	78940	80147	0.0	1916.0
BB405_RS26205	33	95.325	492	23	0	1	492	14432	14923	0.0	782.0
BB405_RS33290	33	99.45100000000001	182	0	1	1	181	33258	33439	4.1299999999999993e-91	329.0
BB405_RS33295	33	98.72200000000001	313	0	4	1	309	33742	34054	4.0099999999999985e-158	553.0
BB405_RS27670	33	99.555	449	0	2	1	447	80	528	0.0	817.0
BB405_RS27680	33	97.911	2154	33	2	1	2142	3056	5209	0.0	3718.0
BB405_RS27755	33	100.0	783	0	0	1	783	12262	11480	0.0	1447.0
BB405_RS31390	33	100.0	342	0	0	1	342	15797	16138	0.0	632.0
BB405_RS27810	33	99.66	294	1	0	1	294	22891	23184	1.0599999999999996e-153	538.0
BB405_RS27840	33	99.90899999999999	1095	1	0	1	1095	28219	29313	0.0	2017.0
BB405_RS27875	33	99.833	1800	3	0	1	1800	33547	35346	0.0	3308.0
BB405_RS27880	33	100.0	420	0	0	1	420	80	499	0.0	776.0
A8C23_RS26860	33	100.0	1263	0	0	1	1263	19841	18579	0.0	2333.0
A8C23_RS26865	33	100.0	876	0	0	1	876	18329	17454	0.0	1618.0
A8C23_RS29120	33	100.0	122	0	0	1	122	16977	17098	3.5099999999999994e-60	226.0
CFSAN004177_RS00950	58	97.77799999999999	270	6	0	1	270	3102	3371	4.6399999999999985e-132	466.0
CFSAN004177_RS27920	58	95.413	109	5	0	6	114	1010	902	1.19e-44	174.0
CFSAN004177_RS00970	58	96.124	258	10	0	1	258	604	861	9.699999999999998e-119	422.0
CFSAN004177_RS01060	62	95.47200000000001	795	36	0	1	795	1201	1995	0.0	1269.0
CFSAN004177_RS01065	62	98.366	306	5	0	1	306	895	1200	1.1099999999999998e-153	538.0
CFSAN004177_RS00600	76	95.08200000000001	366	18	0	1	366	1320	955	2.849999999999999e-165	577.0
CFSAN004177_RS00650	61	98.205	390	7	0	1	390	3199	2810	0.0	682.0
CFSAN004177_RS27825	58	97.727	132	3	0	1	132	2890	2759	1.07e-60	228.0
MS6198_RS26825	58	95.035	282	14	0	1	282	3368	3649	2.28e-125	444.0
MS6198_RS27765	33	99.914	1158	1	0	1	1158	19841	18684	0.0	2134.0
MS6198_RS28050	58	96.69	997	33	0	36	1032	1187	2183	0.0	1659.0
BBC45_RS23650	58	98.094	997	19	0	36	1032	1187	2183	0.0	1736.0
BBC45_RS26955	33	100.0	180	0	0	1	180	18758	18579	3.1399999999999995e-92	333.0
BH714_RS22910	74	96.507	1546	40	13	1	1536	1552	11	0.0	2543.0
BH714_RS22930	70	98.27600000000001	116	2	0	1	116	123	8	1.55e-53	204.0
BH714_RS22930	138	98.23	113	2	0	2	114	227	115	7.209999999999999e-52	198.0
BH714_RS23330	74	96.895	1546	38	9	1	1540	1552	11	0.0	2580.0
BH714_RS23350	70	97.414	116	3	0	1	116	123	8	7.209999999999999e-52	198.0
BH714_RS23350	138	97.345	113	3	0	2	114	227	115	3.35e-50	193.0
FORC31_RS24175	84	98.325	597	10	0	7	603	606	10	0.0	1048.0
FORC31_RS28660	3	95.676	740	32	0	1	740	2221	1482	0.0	1190.0
FORC31_RS27695	36	98.876	356	4	0	1	356	484	839	0.0	636.0
FORC31_RS29480	58	96.667	180	4	1	1	180	965	1142	1.14e-81	298.0
FORC31_RS28695	3	95.135	740	36	0	1	740	2221	1482	0.0	1168.0
FORC31_RS24840	36	99.374	479	3	0	11	489	911	1389	0.0	869.0
FORC31_RS24865	36	99.531	426	2	0	1	426	484	909	0.0	776.0
FORC31_RS25385	58	97.037	270	8	0	1	270	3102	3371	9.999999999999997e-129	455.0
FORC31_RS25550	62	95.072	690	34	0	1	690	1318	2007	0.0	1086.0
FORC31_RS25630	58	96.03200000000001	252	10	0	1	252	604	855	2.0999999999999996e-115	411.0
BJF97_RS31405	35	95.96700000000001	3075	109	1	1	3060	11488	8414	0.0	4977.0
BJF97_RS31410	35	96.861	1083	33	1	1	1082	12693	11611	0.0	1810.0
BJF97_RS31480	35	97.891	1233	25	1	1	1233	8362	7131	0.0	2132.0
BJF97_RS35385	35	98.45	258	3	1	1	258	8713	8457	3.439999999999999e-128	453.0
BJF97_RS35350	35	96.891	772	23	1	3	774	9521	8751	0.0	1291.0
BJF97_RS35390	35	97.189	676	14	5	1	671	10351	9676	0.0	1138.0
BJF97_RS35395	35	96.929	521	15	1	1	520	10873	10353	0.0	872.0
ACG94_RS00245	33	99.917	1212	1	0	40	1251	19790	18579	0.0	2233.0
ACG94_RS00335	33	99.84200000000001	1263	2	0	1	1263	19841	18579	0.0	2322.0
BSG22_RS27325	58	96.296	270	10	0	1	270	3102	3371	2.1799999999999997e-125	444.0
BSG22_RS27330	58	98.58200000000001	282	4	0	1	282	3368	3649	4.799999999999998e-142	499.0
BSG22_RS26665	58	98.148	270	5	0	1	270	3102	3371	9.979999999999998e-134	472.0
BSG22_RS26670	58	97.87200000000001	282	6	0	1	282	3368	3649	1.0399999999999996e-138	488.0
BSG22_RS28850	3	95.34899999999999	129	6	0	4	132	1136	1008	5.03e-54	206.0
BSG22_RS26955	3	97.51700000000001	1208	30	0	2	1209	78940	80147	0.0	2065.0
BSG22_RS26955	4	96.772	1208	39	0	2	1209	185132	186339	0.0	2015.0
BSG22_RS25815	33	100.0	249	0	0	1	249	19841	19593	1.9799999999999997e-130	460.0
BLJ80_RS26965	6	98.62700000000001	510	7	0	1	510	4708	5217	0.0	904.0
BLJ80_RS29655	3	95.0	740	37	0	1	740	2221	1482	0.0	1162.0
BLJ80_RS27375	84	97.512	603	9	1	7	609	606	10	0.0	1026.0
BLJ80_RS29690	3	95.0	740	37	0	1	740	2221	1482	0.0	1162.0
BFL23_RS30375	3	95.71700000000001	1214	52	0	1	1214	2221	1008	0.0	1954.0
BFL18_RS29585	3	99.259	1214	9	0	1	1214	2221	1008	0.0	2193.0
BSZ13_RS26245	33	99.831	1185	1	1	1	1184	19841	18657	0.0	2176.0
BSZ13_RS26435	5	96.96700000000001	3594	109	0	1	3594	233083	229490	0.0	6034.0
BSZ13_RS26440	5	98.537	615	9	0	1	615	233702	233088	0.0	1086.0
RG26_RS29180	58	96.899	258	8	0	1	258	604	861	4.479999999999999e-122	433.0
RG26_RS29195	58	96.618	207	7	0	1	207	114	320	1.6999999999999996e-95	344.0
RG26_RS29400	3	99.671	1214	4	0	1	1214	2221	1008	0.0	2220.0
RG28_RS28395	58	96.586	996	34	0	28	1023	1188	2183	0.0	1652.0
RG28_RS28430	58	96.618	207	7	0	1	207	114	320	1.6999999999999996e-95	344.0
RG28_RS28845	65	99.041	417	4	0	1	417	1728	2144	0.0	749.0
RG28_RS28850	65	99.286	981	7	0	1	981	755	1735	0.0	1773.0
RG28_RS28855	65	99.353	309	2	0	1	309	34	342	2.3899999999999994e-160	560.0
RG28_RS28860	62	99.69	645	2	0	1	645	2188	2832	0.0	1181.0
RG28_RS28865	62	98.335	781	11	2	1	781	1229	2007	0.0	1369.0
RG28_RS31640	36	98.611	216	3	0	1	216	1174	1389	3.7699999999999994e-107	383.0
RG28_RS29920	58	97.596	208	3	2	1	207	114	320	7.829999999999998e-99	355.0
RG28_RS29925	58	96.899	258	8	0	1	258	604	861	4.479999999999999e-122	433.0
RG28_RS29940	58	95.02	1024	49	2	1	1023	1161	2183	0.0	1607.0
RG30_RS25375	12	97.447	1175	30	0	1	1175	4234	5408	0.0	2004.0
RG30_RS25465	36	98.561	278	4	0	2	279	27830	27553	7.939999999999998e-140	492.0
RG30_RS25520	62	96.60799999999999	796	27	0	1	796	1201	1996	0.0	1321.0
RG30_RS25525	62	96.07799999999999	306	12	0	1	306	895	1200	5.2399999999999986e-142	499.0
RG30_RS25570	36	98.302	1178	11	1	1	1178	221	1389	0.0	2056.0
RG30_RS25595	91	99.194	248	2	0	1	248	869	622	1.5399999999999996e-126	448.0
RG30_RS26155	58	98.068	207	4	0	1	207	114	320	1.6799999999999994e-100	361.0
RG30_RS26325	33	97.447	2154	55	0	1	2154	3056	5209	0.0	3674.0
RG30_RS26330	33	96.618	207	7	0	1	207	5206	5412	1.6999999999999996e-95	344.0
RG34_RS26820	44	96.36	1346	49	0	2	1347	4479	3134	0.0	2215.0
RG34_RS26825	28	98.148	108	2	0	1	108	36800	36693	3.979999999999999e-49	189.0
RG34_RS26825	28	98.148	108	2	0	1	108	37335	37228	3.979999999999999e-49	189.0
RG34_RS26830	28	99.53200000000001	855	4	0	1	855	35691	36545	0.0	1557.0
RG34_RS26835	28	99.87700000000001	810	1	0	1	810	34846	35655	0.0	1491.0
RG34_RS26840	28	99.74600000000001	393	1	0	1	393	34450	34842	0.0	721.0
RG34_RS26845	28	98.20100000000001	834	15	0	1	834	33620	34453	0.0	1458.0
RG34_RS26850	28	98.43	1083	17	0	1	1083	32538	33620	0.0	1906.0
RG34_RS26855	28	99.204	1257	10	0	1	1257	31240	32496	0.0	2266.0
RG34_RS26860	28	99.84	624	1	0	1	624	31026	30403	0.0	1147.0
RG34_RS26865	28	99.413	852	5	0	1	852	30403	29552	0.0	1546.0
RG34_RS26870	28	99.473	948	5	0	1	948	29401	28454	0.0	1724.0
RG34_RS26875	28	99.04799999999999	1680	16	0	1	1680	28329	26650	0.0	3014.0
RG34_RS26880	28	100.0	279	0	0	1	279	26317	26595	4.7099999999999983e-147	516.0
RG34_RS26885	28	99.48700000000001	585	3	0	1	585	26040	25456	0.0	1064.0
RG34_RS26890	28	99.542	1092	5	0	1	1092	25339	24248	0.0	1989.0
RG34_RS26905	28	98.12899999999999	2886	36	7	1	2868	23406	20521	0.0	5014.0
RG34_RS26910	28	98.906	1920	21	0	1	1920	18502	20421	0.0	3430.0
RG34_RS26915	28	98.226	1071	19	0	1	1071	18274	17204	0.0	1873.0
RG34_RS26920	28	98.89399999999999	633	7	0	1	633	17193	16561	0.0	1131.0
RG34_RS26925	28	97.815	1419	31	0	1	1419	16550	15132	0.0	2449.0
RG34_RS26935	28	98.554	1660	20	4	1	1658	14812	13155	0.0	2929.0
RG34_RS26945	28	99.21600000000001	255	2	0	1	255	6054	6308	2.0299999999999994e-130	460.0
RG34_RS26950	28	98.095	735	14	0	1	735	5853	5119	0.0	1280.0
RG34_RS26955	28	98.85600000000001	612	7	0	1	612	4506	5117	0.0	1092.0
RG34_RS26965	28	98.689	915	12	0	1	915	4406	3492	0.0	1624.0
RG34_RS26970	28	97.524	1737	43	0	1	1737	3397	1661	0.0	2970.0
RG34_RS26975	41	97.572	1071	26	0	1	1071	1658	588	0.0	1834.0
RG34_RS26980	41	98.537	1299	19	0	1	1299	2966	1668	0.0	2294.0
RG34_RS26985	41	98.76100000000001	1533	19	0	1	1533	3296	4828	0.0	2726.0
RG34_RS26990	41	99.583	720	3	0	1	720	5599	4880	0.0	1314.0
RG34_RS26995	41	98.833	1542	18	0	1	1542	5821	7362	0.0	2748.0
RG34_RS27000	41	98.117	531	10	0	1	531	7508	8038	0.0	926.0
RG34_RS27005	41	98.66	1269	17	0	1	1269	9352	8084	0.0	2250.0
RG34_RS27010	41	99.286	420	3	0	1	420	9771	9352	0.0	760.0
RG34_RS28410	41	99.01299999999999	912	8	1	1	911	10142	11053	0.0	1633.0
RG34_RS27025	41	99.77600000000001	447	1	0	1	447	11706	11260	0.0	821.0
RG34_RS27030	41	98.182	660	12	0	1	660	12457	11798	0.0	1153.0
RG34_RS27035	41	98.639	294	4	0	1	294	12822	12529	1.0699999999999999e-148	521.0
RG34_RS27040	41	99.005	402	4	0	1	402	13064	13465	0.0	721.0
RG34_RS27045	41	99.729	369	1	0	1	369	13953	13585	0.0	676.0
RG34_RS27055	41	99.28200000000001	696	5	0	1	696	14473	15168	0.0	1258.0
RG34_RS27060	41	99.385	813	5	0	1	813	15192	16004	0.0	1474.0
RG34_RS27065	41	99.624	266	1	0	1	266	16008	16273	3.5199999999999996e-138	486.0
RG34_RS27075	41	96.23200000000001	345	13	0	1	345	16990	16646	5.789999999999999e-162	566.0
RG34_RS27075	34	95.36200000000001	345	16	0	1	345	1403	1747	5.829999999999998e-157	549.0
RG34_RS28980	41	99.167	120	1	0	1	120	17144	17025	2.07e-57	217.0
RG34_RS28980	15	95.833	120	5	0	1	120	3021	2902	9.71e-51	195.0
RG34_RS27085	41	98.925	186	2	0	1	186	17290	17105	3.259999999999999e-92	333.0
RG34_RS27090	41	100.0	174	0	0	1	174	17391	17564	6.529999999999999e-89	322.0
RG34_RS27095	41	100.0	345	0	0	1	345	17566	17910	0.0	638.0
RG34_RS27100	41	99.405	336	2	0	1	336	17914	18249	2.5599999999999993e-175	610.0
RG34_RS27105	41	97.416	2322	60	0	1	2322	20626	18305	0.0	3956.0
RG34_RS27115	40	98.17399999999999	219	4	0	1	219	873	655	3.82e-107	383.0
RG34_RS27120	40	98.09700000000001	1524	29	0	1	1524	2528	1005	0.0	2654.0
RG34_RS27125	40	99.598	249	1	0	1	249	3107	2859	9.199999999999999e-129	455.0
RG34_RS27130	40	99.625	267	1	0	1	267	3485	3219	9.789999999999998e-139	488.0
RG34_RS27135	40	97.802	273	6	0	1	273	3786	3514	1.0099999999999996e-133	472.0
RG34_RS27140	40	99.156	237	2	0	1	237	4065	3829	1.8999999999999992e-120	427.0
RG34_RS27145	40	97.277	1212	33	0	1	1212	4379	5590	0.0	2056.0
RG34_RS27150	40	98.90700000000001	732	8	0	1	732	5795	6526	0.0	1308.0
RG34_RS27155	40	99.259	405	3	0	1	405	6747	7151	0.0	732.0
RG34_RS28985	40	99.09899999999999	111	1	0	1	111	7204	7314	1.8999999999999998e-52	200.0
RG34_RS27170	40	97.522	1251	31	0	1	1251	9523	8273	0.0	2139.0
RG34_RS27175	40	98.93	654	7	0	1	654	9695	10348	0.0	1170.0
RG34_RS27180	40	97.40299999999999	462	12	0	1	462	10358	10819	0.0	787.0
RG34_RS27185	40	98.28399999999999	1107	19	0	1	1107	10873	11979	0.0	1940.0
RG34_RS27190	40	99.221	642	5	0	1	642	12015	12656	0.0	1158.0
RG34_RS27195	40	98.322	1371	23	0	1	1371	12660	14030	0.0	2405.0
RG34_RS27200	40	98.363	672	11	0	1	672	14198	14869	0.0	1181.0
RG34_RS27205	40	99.042	1461	14	0	1	1461	14869	16329	0.0	2621.0
RG34_RS27210	40	98.574	1122	16	0	1	1122	16405	17526	0.0	1984.0
RG34_RS27215	40	99.18700000000001	1230	10	0	1	1230	18901	17672	0.0	2217.0
RG34_RS27225	40	98.85700000000001	1137	13	0	1	1137	19151	20287	0.0	2028.0
RG34_RS27230	40	98.801	834	10	0	1	834	20271	21104	0.0	1485.0
RG34_RS27310	121	98.477	394	6	0	21	414	524	131	0.0	695.0
RG34_RS27330	44	96.06700000000001	534	21	0	1	534	867	334	0.0	870.0
RG34_RS27335	44	96.61	354	12	0	1	354	1236	883	1.2699999999999996e-168	588.0
RG34_RS27340	44	97.396	384	10	0	1	384	1612	1229	0.0	654.0
RG34_RS27345	44	97.66799999999999	1029	24	0	1	1029	2692	1664	0.0	1768.0
RG34_RS27350	44	96.264	348	13	0	1	348	3097	2750	1.2599999999999996e-163	571.0
RG34_RS27395	3	99.094	1214	11	0	1	1214	2221	1008	0.0	2182.0
RG34_RS27435	62	97.38600000000001	306	8	0	1	306	895	1200	1.12e-148	521.0
RG34_RS27650	112	95.0	340	16	1	1	339	103	442	5.759999999999998e-152	532.0
RG35_RS25525	104	99.115	113	1	0	2	114	143	31	1.52e-53	204.0
RG35_RS25645	58	98.148	270	5	0	1	270	3102	3371	9.979999999999998e-134	472.0
RG35_RS25650	58	99.291	282	2	0	1	282	3368	3649	2.2199999999999993e-145	510.0
RG36_RS26185	1	98.209	670	12	0	1	670	115460	116129	0.0	1171.0
RG36_RS26470	33	100.0	288	0	0	1	288	18866	18579	4.839999999999998e-152	532.0
RG36_RS26675	84	97.37899999999999	725	19	0	5	729	734	10	0.0	1234.0
RG36_RS27385	1	97.545	448	10	1	1	447	115358	114911	0.0	765.0
RG36_RS27390	33	99.90899999999999	1097	1	0	5	1101	19675	18579	0.0	2021.0
RG36_RS28585	33	100.0	174	0	0	1	174	19841	19668	6.529999999999999e-89	322.0
RG38_RS25120	33	99.315	876	6	0	1	876	18329	17454	0.0	1585.0
RG38_RS25490	45	95.302	149	7	0	1	149	7305	7157	2.16e-63	237.0
RG38_RS25490	9	95.302	149	7	0	1	149	176679	176827	2.16e-63	237.0
RG38_RS25915	84	97.241	725	20	0	5	729	734	10	0.0	1229.0
RG39_RS24920	84	95.96	198	8	0	1	198	207	10	7.559999999999999e-89	322.0
RG50_RS26040	45	95.302	149	7	0	1	149	7305	7157	2.16e-63	237.0
RG50_RS26040	9	95.302	149	7	0	1	149	176679	176827	2.16e-63	237.0
RG56_RS27310	58	97.67399999999999	258	6	0	1	258	604	861	2.0699999999999993e-125	444.0
RG56_RS27345	58	97.40700000000001	270	7	0	1	270	3102	3371	2.1599999999999994e-130	460.0
RG56_RS27350	58	97.685	216	4	1	1	216	3368	3582	2.9299999999999994e-103	370.0
RG56_RS27710	36	98.90700000000001	549	6	0	1	549	28350	27802	0.0	981.0
RG57_RS26420	33	97.69	303	7	0	1	303	9228	9530	1.1099999999999998e-148	521.0
RG57_RS26425	33	98.632	658	9	0	1	658	8475	9132	0.0	1166.0
RG57_RS26430	33	98.667	825	11	0	1	825	7546	8370	0.0	1463.0
RG57_RS26455	33	96.618	207	7	0	1	207	5206	5412	1.6999999999999996e-95	344.0
RG60_RS26405	58	96.82	283	8	1	1	283	3368	3649	1.0499999999999997e-133	472.0
RG60_RS27170	37	98.006	1254	25	0	1	1254	12500	13753	0.0	2178.0
RG60_RS27175	37	99.275	1104	8	0	1	1104	11385	12488	0.0	1995.0
RG60_RS27180	37	97.727	1056	24	0	1	1056	11097	10042	0.0	1818.0
RG60_RS27185	37	98.756	402	5	0	1	402	9602	10003	0.0	715.0
RG60_RS27190	37	98.31299999999999	1245	21	0	1	1245	8300	9544	0.0	2183.0
RG60_RS27195	37	98.475	459	7	0	1	459	7750	8208	0.0	809.0
RG60_RS27200	37	98.56	1458	21	0	1	1458	7489	6032	0.0	2577.0
RG60_RS27220	37	96.46799999999999	453	16	0	1	453	4741	5193	0.0	749.0
RG60_RS27225	37	97.727	1056	24	0	1	1056	3689	4744	0.0	1818.0
RG60_RS27230	37	96.819	786	25	0	1	786	2833	3618	0.0	1314.0
RG60_RS27235	37	95.096	1713	84	0	1	1713	2861	1149	0.0	2699.0
RG60_RS27250	27	98.381	741	12	0	1	741	50135	49395	0.0	1303.0
RG60_RS27255	27	97.917	768	16	0	1	768	48657	49424	0.0	1330.0
RG60_RS27260	27	98.1	579	11	0	1	579	47873	48451	0.0	1009.0
RG60_RS27265	27	96.27799999999999	2445	91	0	1	2445	47633	45189	0.0	4012.0
RG60_RS27270	27	97.76299999999999	447	10	0	1	447	44700	45146	0.0	771.0
RG60_RS27275	27	97.01700000000001	771	23	0	1	771	44519	43749	0.0	1297.0
RG68_RS25565	58	98.58200000000001	282	4	0	1	282	3368	3649	4.799999999999998e-142	499.0
RG68_RS26865	36	99.537	216	1	0	1	216	221	436	1.7399999999999998e-110	394.0
RG68_RS28165	3	95.34899999999999	129	6	0	4	132	1136	1008	5.03e-54	206.0
RG68_RS26915	2	98.51100000000001	873	13	0	1	873	325767	326639	0.0	1541.0
RG68_RS29270	128	97.561	123	3	0	1	123	282	160	9.939999999999998e-56	211.0
RG68_RS29270	112	95.935	123	5	0	1	123	331	453	2.1499999999999998e-52	200.0
RG68_RS27215	7	97.631	3461	82	0	1	3461	161987	165447	0.0	5938.0
RG72_RS25465	48	100.0	513	0	0	1	513	7566	7054	0.0	948.0
RG72_RS25470	48	99.02600000000001	3081	24	1	1	3075	7042	3962	0.0	5518.0
RG72_RS25475	48	99.57600000000001	2124	9	0	1	2124	3890	1767	0.0	3873.0
RG72_RS25480	48	99.304	1437	10	0	1	1437	1748	312	0.0	2599.0
RG72_RS27170	3	95.041	484	24	0	1	484	2221	1738	0.0	761.0
RG72_RS25505	84	95.887	389	16	0	2	390	398	10	0.0	630.0
RG72_RS27860	76	95.161	186	9	0	1	186	1140	955	1.5399999999999998e-80	294.0
RG72_RS25720	36	96.396	222	8	0	1	222	859	1080	3.909999999999999e-102	366.0
RG73_RS25245	7	97.775	3461	77	0	1	3461	161987	165447	0.0	5965.0
RG73_RS26915	36	100.0	309	0	0	1	309	1081	1389	1.1099999999999995e-163	571.0
RG73_RS25620	36	96.81700000000001	597	19	0	1	597	484	1080	0.0	998.0
RG73_RS25875	36	99.038	624	6	0	10	633	766	1389	0.0	1120.0
BB746_RS28330	35	97.734	1059	24	0	1	1059	8167	7109	0.0	1823.0
BSL40_RS29945	58	97.333	150	4	0	1	150	171	320	5.71e-69	255.0
BSL40_RS32320	58	95.531	179	7	1	1	179	965	1142	8.849999999999999e-78	285.0
BB745_RS31290	33	100.0	114	0	0	1	114	18692	18579	9.07e-56	211.0
WM93_RS27230	35	95.75299999999999	1083	46	0	1	1083	12693	11611	0.0	1746.0
WM93_RS27235	35	97.074	3076	88	2	1	3075	11488	8414	0.0	5180.0
BJJ90_RS29130	45	95.302	149	7	0	1	149	7305	7157	2.16e-63	237.0
BJJ90_RS29130	9	95.302	149	7	0	1	149	176679	176827	2.16e-63	237.0
BJJ90_RS30005	3	98.27	1214	21	0	1	1214	2221	1008	0.0	2126.0
BJJ90_RS30645	3	99.75299999999999	1214	3	0	1	1214	2221	1008	0.0	2226.0
BWD35_RS24610	33	97.4	2154	56	0	1	2154	3056	5209	0.0	3668.0
BVJ48_RS26735	58	97.368	114	3	0	1	114	2863	2750	9.129999999999998e-51	195.0
BVJ48_RS28145	58	96.02	201	8	0	1	201	2324	2524	1.6499999999999996e-90	327.0
BVJ48_RS27170	2	98.396	873	14	0	1	873	325767	326639	0.0	1535.0
BVJ48_RS28685	36	99.038	104	1	0	2	105	149	252	1.3799999999999998e-48	187.0
BVJ48_RS27210	36	99.074	216	2	0	1	216	221	436	8.099999999999999e-109	388.0
BVJ48_RS27255	58	96.212	132	5	0	1	132	2890	2759	2.3199999999999996e-57	217.0
BVJ48_RS27300	80	95.986	872	35	0	2	873	379	1250	0.0	1417.0
BVJ48_RS28160	84	97.84200000000001	695	15	0	5	699	704	10	0.0	1201.0
BVJ48_RS27500	7	97.689	3461	80	0	1	3461	161987	165447	0.0	5949.0
BFF41_RS25400	23	98.611	288	4	0	1	288	35512	35799	2.2699999999999993e-145	510.0
BFF41_RS25405	23	98.42299999999999	951	15	0	1	951	35142	34192	0.0	1674.0
AGH21_RS01190	35	95.845	1083	45	0	1	1083	12693	11611	0.0	1751.0
AGH21_RS01200	35	98.006	1254	25	0	1	1254	8362	7109	0.0	2178.0
BWI95_RS22570	74	97.867	1547	23	8	1	1542	1552	11	0.0	2665.0
B1200_RS28080	33	100.0	273	0	0	1	273	24441	24713	9.959999999999997e-144	505.0
B1200_RS28155	33	98.42200000000001	2154	34	0	1	2154	3056	5209	0.0	3790.0
B1200_RS30370	5	98.37	552	9	0	1	552	109404	109955	0.0	970.0
B1200_RS27655	5	98.14	1290	23	1	1	1289	110041	111330	0.0	2248.0
B1200_RS27660	5	98.86	702	7	1	1	701	111425	112126	0.0	1251.0
B1200_RS27665	5	99.444	360	2	0	1	360	112623	112264	0.0	654.0
B1200_RS27670	5	98.49700000000001	1464	21	1	1	1463	114107	112644	0.0	2580.0
B1200_RS27675	5	96.59700000000001	1058	35	1	1	1057	114320	115377	0.0	1753.0
B1200_RS27680	5	99.363	471	3	0	1	471	129771	129301	0.0	854.0
B1200_RS27685	5	98.77799999999999	573	7	0	1	573	130343	129771	0.0	1020.0
B1200_RS27690	5	99.545	879	4	0	1	879	130489	131367	0.0	1602.0
B1200_RS27695	5	99.324	1035	7	0	1	1035	131384	132418	0.0	1873.0
B1200_RS27700	5	98.73899999999999	714	9	0	1	714	132631	133344	0.0	1269.0
B1200_RS27705	5	99.561	228	1	0	1	228	133499	133726	3.939999999999998e-117	416.0
B1200_RS27710	5	98.99700000000001	399	4	0	1	399	133726	134124	0.0	715.0
B1200_RS27715	5	98.38	864	14	0	1	864	134271	135134	0.0	1519.0
B1200_RS27720	5	96.566	1980	67	1	1	1979	135149	137128	0.0	3278.0
B1200_RS27735	13	96.34100000000001	492	18	0	1	492	43891	43400	0.0	809.0
B1200_RS27750	5	97.568	699	17	0	1	699	137238	137936	0.0	1197.0
B1200_RS27755	5	100.0	201	0	0	1	201	138247	138047	7.529999999999998e-104	372.0
B1200_RS27760	5	97.695	1128	26	0	1	1128	139402	138275	0.0	1940.0
B1200_RS27765	5	97.759	357	8	0	1	357	139762	139406	5.879999999999998e-177	616.0
B1200_RS27775	5	98.20200000000001	3114	55	1	1	3113	143414	140301	0.0	5439.0
B1200_RS27780	5	97.76700000000001	1702	36	2	1	1701	145278	143578	0.0	2931.0
B1200_RS30375	5	97.353	340	8	1	1	340	145484	145822	2.669999999999999e-165	577.0
B1200_RS27785	5	97.50299999999999	1442	33	3	1	1441	146024	147463	0.0	2460.0
B1200_RS27790	5	96.875	576	18	0	1	576	147531	148106	0.0	965.0
B1200_RS27800	5	97.137	1048	22	5	1	1044	148232	149275	0.0	1762.0
B1200_RS26875	62	95.415	807	37	0	1	807	1201	2007	0.0	1286.0
B1200_RS27340	3	95.05799999999999	1214	60	0	1	1214	2221	1008	0.0	1910.0
BE957_RS01625	104	97.07600000000001	342	10	0	1	342	372	31	2.649999999999999e-165	577.0
BE957_RS00920	58	97.77799999999999	270	6	0	1	270	3102	3371	4.6399999999999985e-132	466.0
BE957_RS00940	58	96.48899999999999	997	35	0	36	1032	1187	2183	0.0	1648.0
BE964_RS00125	33	97.667	300	7	0	1	300	15839	16138	5.089999999999998e-147	516.0
BE964_RS00130	33	99.145	351	3	0	1	351	16229	16579	0.0	632.0
BE964_RS00135	33	99.197	249	2	0	1	249	20125	20373	4.279999999999999e-127	449.0
BE964_RS00155	33	99.10600000000001	1230	11	0	1	1230	21585	22814	0.0	2211.0
BE964_RS00170	33	99.839	621	1	0	1	621	23753	24373	0.0	1142.0
BE964_RS00210	33	99.272	687	5	0	1	687	29828	30514	0.0	1242.0
BE964_RS00220	33	99.285	1119	8	0	1	1119	31412	32530	0.0	2023.0
BE964_RS00225	33	99.32	1029	7	0	1	1029	32532	33560	0.0	1862.0
BE964_RS00230	33	99.611	1800	7	0	1	1800	33547	35346	0.0	3286.0
BE964_RS00235	33	99.524	420	2	0	1	420	80	499	0.0	765.0
BE964_RS00265	33	96.70100000000001	576	19	0	1	576	2476	3051	0.0	959.0
BE964_RS00270	33	97.354	2154	57	0	1	2154	3056	5209	0.0	3663.0
BE964_RS00280	33	97.634	465	11	0	1	465	5428	5892	0.0	798.0
BE964_RS00290	33	97.087	206	6	0	1	206	6735	6940	1.3299999999999998e-96	348.0
BE964_RS00315	33	98.667	825	11	0	1	825	7546	8370	0.0	1463.0
BE964_RS00320	33	99.848	660	1	0	1	660	8475	9134	0.0	1214.0
BE964_RS00325	33	98.35	303	5	0	1	303	9228	9530	5.1099999999999984e-152	532.0
BE963_RS01315	52	98.65100000000001	519	7	0	1	519	2450	1932	0.0	920.0
BE963_RS01320	52	97.229	1191	33	0	1	1191	3653	2463	0.0	2017.0
BE963_RS01350	64	97.876	612	13	0	1	612	1367	1978	0.0	1059.0
BE963_RS01355	64	96.92	909	28	0	1	909	466	1374	0.0	1524.0
BE963_RS01360	64	98.27600000000001	348	6	0	1	348	114	461	2.6599999999999993e-175	610.0
BE963_RS01370	51	97.51700000000001	443	11	0	1	443	443	1	0.0	758.0
BE963_RS01375	51	96.795	468	15	0	1	468	903	436	0.0	782.0
BE963_RS29485	51	96.90700000000001	291	9	0	1	291	1156	866	1.0699999999999996e-138	488.0
BE963_RS01390	51	97.18299999999999	426	12	0	1	426	1849	1424	0.0	721.0
BE963_RS01395	51	98.39399999999999	498	8	0	1	498	2361	1864	0.0	876.0
BE963_RS01400	51	99.645	282	1	0	1	282	2642	2361	4.759999999999999e-147	516.0
BE963_RS01405	51	99.51	204	1	0	1	204	2849	2646	7.649999999999999e-104	372.0
BE963_RS01410	51	98.62700000000001	510	7	0	1	510	3358	2849	0.0	904.0
BE963_RS01415	51	99.059	744	7	0	1	744	4201	3458	0.0	1336.0
BE963_RS01420	51	99.441	1074	6	0	1	1074	5278	4205	0.0	1951.0
BE963_RS01425	51	98.48	855	13	0	1	855	6191	5337	0.0	1507.0
BE963_RS01455	105	98.913	276	3	0	1	276	630	355	2.1799999999999996e-140	494.0
BE963_RS29335	18	98.83	171	2	0	1	171	557	387	6.45e-84	305.0
BE963_RS29335	1	96.491	171	6	0	1	171	394134	394304	3.019999999999999e-77	283.0
BE963_RS01490	18	98.521	1014	15	0	1	1014	1373	2386	0.0	1790.0
BE963_RS02655	13	100.0	219	0	0	1	219	145288	145070	8.16e-114	405.0
BE963_RS02655	22	98.63	219	3	0	1	219	986	1204	8.2199999999999985e-109	388.0
BE963_RS02665	97	97.5	480	12	0	1	480	212	691	0.0	821.0
BE963_RS02665	98	96.25	480	18	0	1	480	212	691	0.0	787.0
BE963_RS02675	67	99.167	120	1	0	1	120	527	646	2.07e-57	217.0
BE963_RS02675	52	99.167	120	1	0	1	120	1567	1448	2.07e-57	217.0
BE963_RS02680	52	98.54	274	4	0	1	274	1875	1602	1.3099999999999996e-137	484.0
BE963_RS02680	67	97.417	271	7	0	1	271	219	489	6.149999999999998e-131	462.0
BE959_RS25860	3	95.135	740	36	0	1	740	2221	1482	0.0	1168.0
BE959_RS00840	92	95.117	471	23	0	4	474	513	43	0.0	743.0
BE949_RS00195	11	99.06700000000001	1072	10	0	36	1107	118433	117362	0.0	1925.0
BE948_RS01310	33	99.917	1207	1	0	1	1207	19841	18635	0.0	2224.0
BE939_RS00695	58	97.037	270	8	0	1	270	3102	3371	9.999999999999997e-129	455.0
BE939_RS00700	58	97.87200000000001	282	6	0	1	282	3368	3649	1.0399999999999996e-138	488.0
BE933_RS02300	35	97.927	1254	26	0	1	1254	8362	7109	0.0	2172.0
BE933_RS02305	35	97.139	3076	86	2	1	3075	11488	8414	0.0	5192.0
BE933_RS02310	35	98.338	1083	18	0	1	1083	12693	11611	0.0	1901.0
BE933_RS00140	33	96.133	543	21	0	1	543	14381	14923	0.0	887.0
BE930_RS00815	18	95.575	2034	90	0	1	2034	27668	29701	0.0	3258.0
BE937_RS00715	65	99.449	363	2	0	1	363	1373	1735	0.0	660.0
BE937_RS00720	65	98.801	417	5	0	1	417	1728	2144	0.0	743.0
BE937_RS28455	36	98.095	105	2	0	1	105	27657	27553	1.7899999999999997e-47	183.0
BE937_RS00865	84	95.80799999999999	167	7	0	2	168	176	10	2.3099999999999998e-73	270.0
BE937_RS28465	58	95.714	140	6	0	1	140	2889	3028	4.17e-60	226.0
BE937_RS01700	62	99.535	645	3	0	1	645	2188	2832	0.0	1175.0
BE937_RS01705	65	98.382	309	5	0	1	309	34	342	2.4099999999999994e-155	544.0
BE937_RS00020	33	98.333	300	5	0	1	300	15839	16138	2.3499999999999994e-150	527.0
BE937_RS00075	33	95.074	406	18	2	1	405	11467	11063	0.0	638.0
BE937_RS00080	33	97.538	528	13	0	1	528	10928	10401	0.0	904.0
BE937_RS00095	33	96.429	252	9	0	1	252	9566	9817	4.399999999999999e-117	416.0
BE937_RS00110	33	96.36399999999999	825	30	0	1	825	7546	8370	0.0	1358.0
BE937_RS00125	33	97.475	198	5	0	1	198	6735	6932	7.509999999999998e-94	339.0
BE937_RS00130	33	97.869	657	14	0	1	657	5996	6652	0.0	1136.0
BE937_RS00190	33	99.04799999999999	420	4	0	1	420	80	499	0.0	754.0
BE937_RS00195	33	98.5	1800	27	0	1	1800	33547	35346	0.0	3175.0
BE937_RS00200	33	99.223	1029	8	0	1	1029	32532	33560	0.0	1857.0
BE937_RS00205	33	99.464	1119	6	0	1	1119	31412	32530	0.0	2034.0
BE937_RS00245	33	99.199	2748	22	0	1	2748	24732	27479	0.0	4953.0
BE937_RS00255	33	99.35600000000001	621	4	0	1	621	23753	24373	0.0	1125.0
BE937_RS00270	33	97.96700000000001	1230	25	0	1	1230	21585	22814	0.0	2134.0
AM365_RS26565	33	99.744	390	1	0	1	390	18968	18579	0.0	715.0
AM365_RS27720	4	96.195	1209	44	2	2	1209	185132	186339	0.0	1977.0
AM365_RS27720	3	96.195	1209	44	2	2	1209	78940	80147	0.0	1977.0
AM365_RS27915	1	97.03399999999999	1652	49	0	1	1652	140902	142553	0.0	2780.0
AM364_RS26640	35	97.927	1254	26	0	1	1254	8362	7109	0.0	2172.0
AM447_RS29070	35	95.845	1083	45	0	1	1083	12693	11611	0.0	1751.0
AM447_RS29080	35	97.927	1254	26	0	1	1254	8362	7109	0.0	2172.0
BCD20_RS25555	33	98.514	2154	32	0	1	2154	3056	5209	0.0	3801.0
BCD20_RS25560	33	97.0	200	6	0	1	200	5206	5405	2.84e-93	337.0
B9W17_RS23765	84	97.241	725	19	1	17	740	734	10	0.0	1227.0
CA593_RS26275	33	95.396	543	25	0	1	543	14381	14923	0.0	865.0
BZ172_RS27085	33	95.139	576	28	0	1	576	2476	3051	0.0	909.0
BZ172_RS28635	92	95.726	468	20	0	1	468	510	43	0.0	754.0
B8F96_RS29735	33	100.0	375	0	0	1	375	18953	18579	0.0	693.0
EC95JB1_RS29385	3	99.55	1112	5	0	1	1112	2119	1008	0.0	2026.0
EC95JB1_RS30145	140	98.413	126	2	0	1	126	270	145	4.72e-59	222.0
B6N26_RS25845	33	95.39200000000001	651	28	2	1	651	8475	9123	0.0	1035.0
B6N26_RS25850	33	96.324	816	29	1	1	816	7546	8360	0.0	1339.0
B6N26_RS26115	33	95.686	649	28	0	1	649	8475	9123	0.0	1044.0
AM366_RS28240	1	96.73100000000001	1652	54	0	1	1652	140902	142553	0.0	2752.0
AM366_RS28705	33	100.0	186	0	0	1	186	19841	19656	1.4999999999999997e-95	344.0
AM366_RS28720	33	99.895	948	1	0	1	948	19664	18717	0.0	1746.0
AM366_RS28750	33	100.0	144	0	0	1	144	18722	18579	2.52e-72	267.0
AM408_RS00515	58	98.148	270	5	0	1	270	3102	3371	9.979999999999998e-134	472.0
AM408_RS00595	45	100.0	158	0	0	1	158	7664	7507	4.759999999999999e-80	292.0
AM404_RS26260	35	97.927	1254	26	0	1	1254	8362	7109	0.0	2172.0
AM404_RS26265	35	96.943	3075	94	0	1	3075	11488	8414	0.0	5158.0
AM404_RS26270	35	97.415	1083	28	0	1	1083	12693	11611	0.0	1845.0
AM390_RS27140	33	99.915	1172	1	0	1	1172	19841	18670	0.0	2159.0
AM390_RS30025	33	99.89200000000001	923	1	0	1	923	19841	18919	0.0	1700.0
AM390_RS30260	33	100.0	348	0	0	1	348	18926	18579	0.0	643.0
AM361_RS25075	58	97.037	270	8	0	1	270	3102	3371	9.999999999999997e-129	455.0
AM361_RS26665	58	96.429	140	5	0	1	140	2889	3028	8.959999999999999e-62	231.0
AM361_RS25485	45	95.973	149	6	0	1	149	7305	7157	4.649999999999999e-65	243.0
AM361_RS25485	9	95.973	149	6	0	1	149	176679	176827	4.649999999999999e-65	243.0
AM361_RS25515	58	97.40700000000001	270	7	0	1	270	3102	3371	2.1599999999999994e-130	460.0
AM385_RS28490	33	99.91799999999999	1224	1	0	1	1224	19841	18618	0.0	2255.0
CDH88_RS27075	84	98.12899999999999	695	13	0	5	699	704	10	0.0	1212.0
CDH88_RS27270	80	96.101	872	34	0	2	873	379	1250	0.0	1423.0
CDH88_RS27430	36	95.197	458	21	1	11	468	911	1367	0.0	723.0
CDH88_RS27450	36	96.009	426	17	0	1	426	484	909	0.0	693.0
GX95_RS25040	58	97.333	150	4	0	1	150	171	320	5.71e-69	255.0
AM367_RS29620	51	99.167	720	6	0	1	720	4177	3458	0.0	1297.0
AM367_RS29650	51	95.07	426	21	0	1	426	1436	1011	0.0	671.0
AM367_RS31935	51	96.552	261	9	0	1	261	1126	866	4.539999999999999e-122	433.0
AM372_RS29040	33	99.083	327	3	0	1	327	13950	14276	1.1699999999999995e-168	588.0
AM372_RS29055	33	99.471	189	1	0	1	189	13761	13949	1.53e-95	344.0
AM384_RS25165	33	99.897	969	1	0	1	969	19547	18579	0.0	1784.0
AM434_RS28830	6	98.62700000000001	510	7	0	1	510	4708	5217	0.0	904.0
AM434_RS28910	58	98.58200000000001	282	4	0	1	282	3368	3649	4.799999999999998e-142	499.0
AM386_RS00660	35	97.074	3076	88	2	1	3075	11488	8414	0.0	5180.0
AM386_RS00665	35	97.78399999999999	1083	24	0	1	1083	12693	11611	0.0	1868.0
LFZ40_RS01275	1	97.235	217	6	0	1	217	368939	368723	1.0699999999999996e-102	368.0
LFZ40_RS01420	22	97.073	1674	49	0	1	1674	12246	13919	0.0	2820.0
LFZ40_RS02265	9	98.851	174	2	0	1	174	128345	128518	1.4099999999999997e-85	311.0
LFZ40_RS02290	9	99.156	237	2	0	1	237	132593	132829	1.8999999999999992e-120	427.0
LFZ40_RS03135	10	96.501	543	19	0	1	543	66304	66846	0.0	898.0
LFZ40_RS03140	10	98.485	198	3	0	1	198	66943	67140	3.4699999999999995e-97	350.0
LFZ40_RS03145	10	98.039	357	7	0	1	357	67193	67549	1.2599999999999995e-178	621.0
LFZ40_RS03160	10	96.0	300	12	0	1	300	71389	71688	1.1099999999999998e-138	488.0
LFZ40_RS03285	10	97.17	106	3	0	1	106	100689	100584	2.39e-46	180.0
LFZ40_RS03355	10	97.38	229	6	0	9	237	113632	113404	2.4899999999999996e-109	390.0
LFZ40_RS05915	20	95.238	210	10	0	1	210	46053	46262	3.7299999999999995e-92	333.0
LFZ40_RS05920	20	95.139	144	7	0	1	144	45897	46040	1.1899999999999999e-60	228.0
LFZ40_RS08645	8	95.73	445	17	2	1	444	129435	128992	0.0	715.0
LFZ40_RS09205	5	95.34899999999999	258	12	0	1	258	189218	188961	2.0999999999999996e-115	411.0
LFZ40_RS10150	74	97.47399999999999	1544	35	4	1	1542	1552	11	0.0	2632.0
LFZ40_RS10310	34	97.25299999999999	364	8	2	1	363	9310	8948	5.9799999999999975e-177	616.0
LFZ40_RS12905	2	98.40799999999999	377	4	2	1	375	23369	23745	0.0	662.0
LFZ40_RS13170	24	97.115	312	9	0	1	312	41651	41340	2.449999999999999e-150	527.0
LFZ40_RS13665	74	97.539	1544	34	4	1	1542	1552	11	0.0	2638.0
LFZ40_RS13745	6	97.917	384	8	0	1	384	11017	10634	0.0	665.0
LFZ40_RS13750	6	97.677	990	23	0	1	990	12047	11058	0.0	1701.0
LFZ40_RS13755	6	98.39	621	10	0	1	621	12693	12073	0.0	1092.0
LFZ40_RS13760	6	97.69200000000001	390	9	0	1	390	13116	12727	0.0	671.0
LFZ40_RS13765	6	96.919	357	11	0	1	357	13489	13133	5.919999999999999e-172	599.0
LFZ40_RS13770	6	100.0	117	0	0	1	117	13752	13636	2.0100000000000003e-57	217.0
LFZ40_RS13775	6	97.22200000000001	1332	37	0	1	1332	15115	13784	0.0	2255.0
LFZ40_RS13780	6	98.391	435	7	0	1	435	15557	15123	0.0	765.0
LFZ40_RS13785	6	97.77799999999999	180	4	0	1	180	15740	15561	1.4699999999999997e-85	311.0
LFZ40_RS13790	6	97.81700000000001	504	11	0	1	504	16247	15744	0.0	870.0
LFZ40_RS13795	6	98.87	354	4	0	1	354	16615	16262	0.0	632.0
LFZ40_RS13800	6	96.44200000000001	534	19	0	1	534	17158	16625	0.0	881.0
LFZ40_RS13805	6	98.219	393	7	0	1	393	17563	17171	0.0	688.0
LFZ40_RS13810	6	96.73200000000001	306	10	0	1	306	17902	17597	2.4199999999999995e-145	510.0
LFZ40_RS13815	6	98.704	540	7	0	1	540	18456	17917	0.0	959.0
LFZ40_RS13820	6	97.46	315	8	0	1	315	18785	18471	1.1499999999999996e-153	538.0
LFZ40_RS13825	6	97.04299999999999	372	11	0	1	372	19167	18796	2.829999999999999e-180	627.0
LFZ40_RS13830	6	98.039	255	5	0	1	255	19586	19332	2.0399999999999992e-125	444.0
LFZ40_RS13835	6	97.917	192	4	0	1	192	19777	19586	3.369999999999999e-92	333.0
LFZ40_RS13840	6	97.573	412	8	2	1	411	20187	19777	0.0	704.0
LFZ40_RS13845	6	97.863	702	15	0	1	702	20901	20200	0.0	1214.0
LFZ40_RS13850	6	99.399	333	2	0	1	333	21251	20919	1.1799999999999997e-173	604.0
LFZ40_RS13855	6	98.925	279	3	0	1	279	21544	21266	4.7399999999999985e-142	499.0
LFZ40_RS13860	6	97.08	822	24	0	1	822	22382	21561	0.0	1386.0
LFZ40_RS13865	6	98.02	303	6	0	1	303	22702	22400	2.3799999999999995e-150	527.0
LFZ40_RS13870	6	98.68	606	8	0	1	606	23304	22699	0.0	1075.0
LFZ40_RS13875	6	95.397	630	29	0	1	630	23944	23315	0.0	1003.0
LFZ40_RS13880	6	95.51299999999999	312	14	0	1	312	24288	23977	5.349999999999998e-142	499.0
LFZ40_RS13915	6	98.31200000000001	1185	20	0	1	1185	27241	26057	0.0	2078.0
LFZ40_RS13915	30	97.804	1184	26	0	2	1185	37340	36157	0.0	2043.0
LFZ40_RS13925	6	96.603	471	16	0	1	471	29993	29523	0.0	782.0
LFZ40_RS13930	6	97.867	375	8	0	1	375	30464	30090	0.0	649.0
LFZ40_RS14895	7	95.775	213	9	0	1	213	125685	125473	1.7499999999999995e-95	344.0
LFZ40_RS15310	7	98.214	168	3	0	1	168	47365	47532	1.3699999999999998e-80	294.0
LFZ40_RS15315	7	97.46799999999999	237	6	0	1	237	47108	47344	8.899999999999997e-114	405.0
LFZ40_RS15385	7	97.464	276	7	0	1	276	35495	35220	1.0199999999999996e-133	472.0
LFZ40_RS15880	16	99.291	141	1	0	1	141	56564	56704	5.32e-69	255.0
LFZ40_RS15885	16	95.27799999999999	360	17	0	1	360	56721	57080	1.2999999999999994e-163	571.0
LFZ40_RS15890	16	97.287	258	7	0	1	258	57044	57301	9.629999999999998e-124	438.0
LFZ40_RS15995	16	95.51700000000001	1383	62	0	1	1383	95178	93796	0.0	2211.0
LFZ40_RS16020	16	99.583	240	1	0	1	240	98992	98753	8.9e-124	438.0
LFZ40_RS16120	74	97.345	1544	37	4	1	1542	1552	11	0.0	2621.0
LFZ40_RS16135	138	100.0	113	0	0	2	114	227	115	3.33e-55	209.0
LFZ40_RS16135	70	99.13799999999999	116	1	0	1	116	123	8	3.33e-55	209.0
LFZ40_RS16615	74	97.40899999999999	1544	36	4	1	1542	1552	11	0.0	2627.0
LFZ40_RS17360	74	97.79700000000001	1543	32	2	1	1542	1552	11	0.0	2660.0
LFZ40_RS17435	30	98.059	1185	23	0	1	1185	37341	36157	0.0	2061.0
LFZ40_RS17435	6	97.804	1184	26	0	2	1185	27240	26057	0.0	2043.0
LFZ40_RS17470	30	96.721	366	12	0	1	366	32725	32360	2.8099999999999996e-175	610.0
LFZ40_RS17570	30	95.238	273	13	0	1	273	7535	7263	4.7699999999999995e-122	433.0
LFZ40_RS17605	74	97.66799999999999	1544	32	4	1	1542	1552	11	0.0	2649.0
LFZ40_RS18720	3	97.075	1299	38	0	1	1299	55140	56438	0.0	2189.0
LFZ40_RS18810	3	95.75200000000001	306	13	0	1	306	71847	72152	2.4399999999999996e-140	494.0
LFZ40_RS18850	3	97.22200000000001	396	11	0	1	396	75572	75967	0.0	671.0
LFZ40_RS18855	3	96.508	315	11	0	1	315	75974	76288	1.1499999999999996e-148	521.0
LFZ40_RS18860	3	99.561	228	1	0	1	228	76293	76520	3.939999999999998e-117	416.0
LFZ40_RS19960	3	99.291	141	1	0	1	141	274372	274512	5.32e-69	255.0
LFZ40_RS20190	19	98.86399999999999	264	3	0	1	264	95708	95971	9.739999999999998e-134	472.0
LFZ40_RS21110	17	96.006	726	29	0	1	726	33402	32677	0.0	1181.0
LFZ40_RS21290	74	97.47399999999999	1544	35	4	1	1542	1552	11	0.0	2632.0
LFZ40_RS23150	1	96.667	210	7	0	1	210	93239	93448	3.6999999999999987e-97	350.0
CEP72_RS29700	3	97.635	888	21	0	4	891	1895	1008	0.0	1524.0
CEP72_RS29880	33	95.706	652	28	0	1	652	8472	9123	0.0	1050.0
CEP72_RS29885	33	96.65	806	27	0	1	806	7546	8351	0.0	1339.0
CEP72_RS30025	3	96.787	1214	39	0	1	1214	2221	1008	0.0	2026.0
CEP72_RS30070	3	99.49	784	4	0	1	784	1895	1112	0.0	1426.0
CEP72_RS30090	76	98.26799999999999	231	4	0	1	231	1185	955	8.659999999999998e-114	405.0
CEP72_RS30135	58	95.855	193	8	0	3	195	2551	2743	4.47e-86	313.0
CEP72_RS30150	58	95.413	109	5	0	3	111	1010	902	1.15e-44	174.0
CEQ26_RS28835	104	96.0	150	6	0	1	150	180	31	1.2399999999999997e-65	244.0
CEQ26_RS28880	58	96.97	132	4	0	1	132	2890	2759	4.99e-59	222.0
CES93_RS27120	35	98.24600000000001	1083	19	0	1	1083	12693	11611	0.0	1895.0
CES93_RS27125	35	97.17200000000001	3076	85	2	1	3075	11488	8414	0.0	5197.0
CES94_RS27680	58	97.287	258	7	0	1	258	604	861	9.629999999999998e-124	438.0
ACJ74_RS25750	58	99.645	282	1	0	1	282	3368	3649	4.759999999999999e-147	516.0
ACJ74_RS25755	58	97.40700000000001	270	7	0	1	270	3102	3371	2.1599999999999994e-130	460.0
ACJ74_RS26805	58	95.58	181	5	1	1	181	965	1142	2.4899999999999994e-78	287.0
ACJ76_RS25790	58	97.037	270	7	1	1	269	3102	3371	3.599999999999999e-128	453.0
CFA70_RS28885	33	99.91	1110	1	0	1	1110	19688	18579	0.0	2045.0
CFA70_RS29210	33	100.0	156	0	0	1	156	19841	19686	5.889999999999998e-79	289.0
CF168_RS21165	33	99.904	1042	1	0	1	1042	19841	18800	0.0	1919.0
CF168_RS21175	33	100.0	228	0	0	1	228	18806	18579	8.469999999999998e-119	422.0
CHC80_RS24375	4	96.273	161	6	0	5	165	186179	186339	1.0599999999999997e-71	265.0
CHC80_RS24375	3	95.031	161	8	0	5	165	79987	80147	2.29e-68	254.0
B6N51_RS25870	65	99.38799999999999	981	5	1	1	980	755	1735	0.0	1777.0
BS654_RS27220	58	95.699	1023	44	0	1	1023	1161	2183	0.0	1646.0
BS654_RS27235	58	96.03200000000001	252	10	0	1	252	604	855	2.0999999999999996e-115	411.0
B4376_RS25555	92	95.541	471	21	0	10	480	513	43	0.0	754.0
B4376_RS26245	92	95.54	426	19	0	10	435	513	88	0.0	682.0
B4376_RS26280	92	95.775	426	18	0	10	435	513	88	0.0	688.0
RM34_RS00280	3	95.37	540	25	0	1	540	1547	1008	0.0	859.0
RM34_RS00540	76	97.60799999999999	418	9	1	1	418	955	539	0.0	715.0
CJZ79_RS25365	92	97.22200000000001	252	7	0	1	252	294	43	2.0299999999999993e-120	427.0
CJZ79_RS25365	3	97.189	249	7	0	4	252	1256	1008	9.459999999999996e-119	422.0
CJZ79_RS25845	65	98.05799999999999	309	6	0	1	309	34	342	1.1199999999999995e-153	538.0
CJZ79_RS25850	62	98.76	645	8	0	1	645	2188	2832	0.0	1147.0
PA45B_RS27075	92	95.329	471	22	0	10	480	513	43	0.0	749.0
CJU64_RS26995	36	97.67399999999999	258	6	0	1	258	221	478	2.0699999999999993e-125	444.0
CJU64_RS27015	36	98.06200000000001	258	5	0	1	258	221	478	4.4499999999999985e-127	449.0
CJU64_RS27060	76	97.26799999999999	366	10	0	1	366	1320	955	1.2999999999999994e-178	621.0
CJU64_RS27180	62	97.059	306	9	0	1	306	895	1200	5.199999999999998e-147	516.0
CJU64_RS27265	104	97.531	243	6	0	1	243	273	31	4.229999999999999e-117	416.0
CJU64_RS28020	76	96.175	366	14	0	1	366	1320	955	6.079999999999998e-172	599.0
CJU63_RS26035	36	96.867	383	12	0	2	384	27968	27586	0.0	641.0
CJU63_RS26105	58	98.094	997	19	0	36	1032	1187	2183	0.0	1736.0
CJU63_RS27100	58	97.40700000000001	270	7	0	1	270	3102	3371	2.1599999999999994e-130	460.0
CJU63_RS27125	58	97.59299999999999	997	24	0	36	1032	1187	2183	0.0	1709.0
CJU63_RS27200	84	96.84899999999999	603	13	1	7	609	606	10	0.0	1003.0
CJU63_RS27330	62	99.07	645	6	0	1	645	2188	2832	0.0	1158.0
CJU63_RS27340	65	99.38799999999999	981	6	0	1	981	755	1735	0.0	1779.0
CJU63_RS27345	65	99.041	417	4	0	1	417	1728	2144	0.0	749.0
CNQ54_RS24575	33	98.551	207	3	0	1	207	5206	5412	3.62e-102	366.0
CNQ54_RS24580	33	97.95700000000001	2154	44	0	1	2154	3056	5209	0.0	3735.0
CNQ55_RS26215	62	97.38600000000001	306	8	0	1	306	895	1200	1.12e-148	521.0
CNQ47_RS25905	58	97.77799999999999	270	6	0	1	270	3102	3371	4.6399999999999985e-132	466.0
CNQ47_RS25910	58	99.645	282	1	0	1	282	3368	3649	4.759999999999999e-147	516.0
CNQ56_RS25870	58	98.148	270	5	0	1	270	3102	3371	9.979999999999998e-134	472.0
CNQ56_RS25875	58	97.509	281	7	0	1	281	3368	3648	1.7399999999999994e-136	481.0
CNQ56_RS26320	58	98.148	270	5	0	1	270	3102	3371	9.979999999999998e-134	472.0
CNQ50_RS25250	33	100.0	321	0	0	1	321	18899	18579	2.459999999999999e-170	593.0
CNQ50_RS25895	33	96.135	207	8	0	1	207	5206	5412	7.889999999999997e-94	339.0
CNQ50_RS25900	33	98.42200000000001	2154	34	0	1	2154	3056	5209	0.0	3790.0
CNQ50_RS26105	33	99.539	867	4	0	1	867	12346	11480	0.0	1580.0
CNQ50_RS26220	33	99.785	465	1	0	1	465	5428	5892	0.0	854.0
CNQ50_RS26225	33	99.51700000000001	207	1	0	1	207	5206	5412	1.6699999999999995e-105	377.0
CNQ50_RS26230	33	99.536	2155	9	1	1	2155	3056	5209	0.0	3923.0
CNQ50_RS26285	33	98.838	1119	4	1	1	1110	31412	32530	0.0	1986.0
CNQ50_RS26325	33	99.41799999999999	2748	16	0	1	2748	24732	27479	0.0	4987.0
CNQ50_RS26345	33	99.66	294	1	0	1	294	22891	23184	1.0599999999999996e-153	538.0
CNQ52_RS25370	58	97.40700000000001	270	7	0	1	270	3102	3371	2.1599999999999994e-130	460.0
CNQ52_RS25605	36	99.145	1169	10	0	1	1169	221	1389	0.0	2104.0
CNQ52_RS25690	62	97.38600000000001	306	8	0	1	306	895	1200	1.12e-148	521.0
CNQ52_RS25695	62	95.226	796	38	0	1	796	1201	1996	0.0	1260.0
CNQ52_RS28055	58	96.135	207	5	1	1	207	965	1168	1.0199999999999999e-92	335.0
CNQ52_RS27935	58	97.85700000000001	140	3	0	1	140	2889	3028	4.139999999999999e-65	243.0
CNQ52_RS26425	58	98.58200000000001	282	4	0	1	282	3368	3649	4.799999999999998e-142	499.0
CNQ52_RS26950	65	99.041	417	4	0	1	417	1728	2144	0.0	749.0
CNQ49_RS24445	36	95.464	507	7	2	1	491	883	1389	0.0	795.0
CNQ51_RS24885	33	99.76799999999999	2154	5	0	1	2154	3056	5209	0.0	3951.0
CNQ51_RS26240	33	99.55	222	1	0	4	225	2830	3051	8.409999999999997e-114	405.0
CNQ51_RS24900	33	95.152	495	24	0	1	495	1456	1950	0.0	782.0
CNQ51_RS24920	33	99.762	420	1	0	1	420	80	499	0.0	771.0
CNQ51_RS24935	33	99.911	1119	1	0	1	1119	31412	32530	0.0	2061.0
CNQ51_RS24940	33	99.89	909	1	0	1	909	30511	31419	0.0	1674.0
CNQ51_RS24945	33	99.854	687	1	0	1	687	29828	30514	0.0	1264.0
CNQ51_RS24975	33	99.927	2748	2	0	1	2748	24732	27479	0.0	5064.0
BG257_RS19500	33	100.0	638	0	0	1	638	19841	19204	0.0	1179.0
CPZ02_RS25685	84	95.645	597	26	0	7	603	606	10	0.0	959.0
CPZ02_RS25690	76	98.90700000000001	366	4	0	1	366	1320	955	0.0	654.0
CPZ02_RS25860	80	95.916	906	37	0	1	906	345	1250	0.0	1469.0
CO706_RS00370	92	95.329	471	22	0	10	480	513	43	0.0	749.0
WI2_RS25075	58	97.40700000000001	270	7	0	1	270	3102	3371	2.1599999999999994e-130	460.0
WI2_RS25080	58	97.48200000000001	278	7	0	1	278	3371	3648	7.989999999999998e-135	475.0
WI2_RS25915	58	97.40700000000001	270	7	0	1	270	3102	3371	2.1599999999999994e-130	460.0
CDZ80_RS26160	45	99.04799999999999	105	1	0	1	105	7928	8032	3.84e-49	189.0
